64,1224
58,1163
61,1372
62,1336
60,1232
59,1124
64,1496
59,1386
63,1293
62,1392
63,1431
57,1275
55,1161
62,1365
65,1331
60,1339
61,1383
60,1295
63,1399
64,1324
58,1349
56,1300
60,1307
57,1222
66,1513
57,1323
65,1387
61,1318
64,1413
57,1277
#### generation 0
66,1460
59,1323
63,1440
66,1521
66,1381
60,1250
65,1338
65,1292
64,1355
60,1291
62,1276
59,1182
64,1224
63,1326
64,1324
62,1274
61,1274
63,1365
60,1297
57,1320
64,1498
59,1313
61,1389
62,1267
60,1240
62,1358
62,1404
62,1336
62,1365
61,1328
63,1391
62,1392
61,1356
61,1318
63,1373
61,1352
55,1221
62,1391
60,1232
60,1295
60,1328
59,1363
58,1136
62,1454
60,1410
58,1163
59,1356
58,1250
57,1275
57,1277
58,1352
56,1300
52,1069
#### generation 1
66,1333
67,1498
61,1316
64,1434
64,1443
66,1351
58,1172
63,1275
64,1272
64,1311
65,1333
65,1304
62,1233
65,1334
64,1343
67,1403
62,1261
60,1312
62,1232
61,1218
63,1279
61,1261
62,1348
65,1398
65,1446
62,1438
62,1477
59,1350
64,1479
60,1219
63,1322
64,1390
62,1342
64,1398
61,1343
62,1386
63,1440
62,1267
61,1228
61,1250
61,1269
62,1348
59,1338
#### generation 2
67,1393
67,1426
65,1450
68,1472
68,1478
64,1330
66,1335
66,1333
62,1287
61,1235
65,1332
67,1362
66,1381
66,1381
64,1418
68,1467
65,1424
66,1462
66,1513
68,1559
66,1491
66,1517
64,1469
67,1561
66,1519
65,1524
64,1283
65,1298
65,1288
65,1333
59,1172
65,1336
64,1348
64,1355
65,1446
65,1270
64,1224
65,1292
64,1311
58,1185
64,1356
64,1358
64,1349
64,1390
64,1398
64,1413
65,1455
64,1443
#### generation 3
68,1467
62,1336
66,1453
67,1403
68,1478
68,1509
65,1412
66,1431
68,1559
67,1370
66,1441
67,1362
67,1393
67,1404
67,1393
68,1432
67,1424
67,1433
61,1286
67,1426
67,1498
65,1437
67,1561
68,1542
64,1301
68,1386
66,1333
64,1338
66,1351
62,1246
63,1341
65,1336
65,1440
66,1462
66,1497
65,1415
63,1395
66,1496
65,1484
64,1475
65,1270
58,1176
65,1292
63,1220
65,1298
#### generation 4
68,1386
65,1331
66,1369
68,1432
65,1333
68,1405
61,1231
64,1440
65,1414
65,1477
68,1467
68,1467
66,1507
66,1420
65,1360
64,1407
64,1383
68,1478
65,1391
68,1478
68,1478
69,1496
68,1490
68,1541
69,1561
68,1542
68,1542
65,1338
62,1388
68,1559
66,1435
66,1433
67,1461
65,1356
67,1362
67,1362
69,1411
68,1381
67,1393
67,1393
67,1364
66,1426
64,1314
63,1286
67,1403
67,1403
64,1317
67,1417
67,1404
67,1424
61,1231
67,1426
67,1428
67,1426
63,1324
64,1363
63,1367
67,1436
66,1510
67,1498
66,1433
67,1508
67,1520
68,1595
66,1336
66,1327
#### generation 5
68,1404
69,1411
60,1277
70,1537
69,1496
67,1454
65,1478
61,1258
68,1381
68,1386
68,1386
66,1321
68,1405
68,1432
66,1372
68,1467
65,1400
60,1289
63,1325
68,1467
68,1472
67,1430
68,1478
68,1478
68,1480
71,1523
64,1394
68,1506
64,1433
64,1344
64,1421
68,1478
68,1490
68,1513
67,1471
68,1550
67,1526
67,1511
66,1433
66,1513
68,1546
69,1567
68,1542
63,1417
66,1527
60,1298
66,1523
61,1324
66,1507
65,1343
#### generation 6
70,1515
70,1537
69,1492
65,1369
67,1376
69,1496
69,1528
69,1561
68,1545
65,1314
64,1362
68,1376
65,1309
68,1386
69,1424
66,1345
68,1432
67,1386
68,1432
66,1370
67,1393
64,1406
68,1467
62,1363
67,1413
63,1313
68,1467
69,1506
67,1532
62,1262
69,1537
#### generation 7
65,1451
68,1428
69,1543
70,1537
69,1507
69,1495
69,1478
70,1537
68,1412
67,1419
69,1424
70,1529
66,1438
67,1421
68,1473
70,1521
69,1517
69,1528
64,1406
66,1446
60,1259
66,1418
68,1376
68,1381
68,1381
67,1410
63,1325
67,1350
67,1410
63,1225
63,1292
67,1380
64,1305
67,1389
66,1331
#### generation 8
68,1421
68,1443
71,1523
71,1523
63,1367
66,1440
69,1499
70,1513
69,1515
68,1513
69,1528
69,1503
68,1513
66,1407
71,1545
69,1530
70,1575
69,1507
70,1537
67,1406
69,1411
69,1411
69,1431
67,1407
68,1427
70,1574
67,1453
68,1452
69,1496
71,1519
70,1488
68,1465
68,1481
69,1482
68,1496
69,1537
69,1494
67,1486
69,1565
67,1489
68,1380
68,1376
#### generation 9
69,1495
68,1479
71,1529
66,1409
71,1519
71,1523
71,1523
67,1499
71,1569
70,1485
72,1598
69,1455
69,1562
70,1469
65,1399
70,1521
67,1414
71,1545
66,1460
67,1465
69,1469
67,1483
71,1544
68,1497
70,1521
69,1569
69,1511
70,1537
68,1486
71,1566
72,1582
69,1526
68,1492
70,1537
69,1482
67,1471
70,1587
67,1400
66,1405
70,1440
67,1399
69,1430
68,1388
67,1455
70,1505
69,1482
69,1492
68,1463
69,1495
69,1496
#### generation 10
70,1538
69,1519
67,1384
71,1590
72,1598
69,1482
70,1497
70,1485
70,1475
68,1412
70,1500
65,1353
71,1521
64,1341
72,1560
72,1561
70,1489
66,1482
66,1383
65,1326
71,1529
71,1529
69,1488
71,1545
72,1622
68,1507
68,1473
66,1462
71,1569
70,1440
66,1528
70,1485
70,1493
71,1540
70,1528
62,1341
63,1412
71,1497
67,1474
69,1546
69,1530
68,1420
69,1567
66,1482
#### generation 11
72,1560
69,1553
70,1574
72,1560
72,1568
64,1400
64,1360
72,1561
71,1547
69,1432
67,1483
71,1555
72,1582
67,1511
67,1419
70,1505
63,1330
64,1387
68,1554
72,1622
71,1579
72,1586
71,1589
71,1502
69,1515
71,1519
68,1471
70,1473
70,1484
68,1428
69,1548
71,1553
71,1525
65,1388
66,1437
72,1514
67,1382
68,1385
68,1467
71,1529
70,1548
73,1598
68,1442
71,1545
65,1436
71,1545
70,1506
69,1480
67,1494
71,1574
71,1595
65,1432
71,1553
70,1440
65,1361
66,1478
#### generation 12
73,1598
69,1455
70,1555
71,1553
73,1592
69,1533
70,1455
72,1560
69,1486
72,1535
73,1599
70,1558
71,1524
69,1457
72,1563
70,1511
69,1590
73,1611
72,1582
68,1490
69,1445
71,1578
72,1586
72,1600
64,1328
71,1586
70,1602
72,1622
72,1645
68,1422
69,1484
71,1596
71,1534
68,1404
68,1431
70,1494
64,1401
71,1521
71,1523
74,1609
68,1483
70,1471
63,1360
71,1525
70,1500
65,1357
70,1522
#### generation 13
70,1498
72,1566
69,1444
73,1573
69,1486
71,1529
73,1618
70,1408
73,1596
71,1541
71,1521
73,1599
71,1536
67,1545
71,1552
70,1509
71,1522
71,1571
71,1524
72,1537
67,1447
69,1543
72,1563
66,1521
67,1439
72,1568
69,1493
72,1582
72,1582
71,1550
71,1514
70,1526
72,1539
67,1481
64,1358
70,1516
72,1620
70,1553
69,1441
69,1487
#### generation 14
71,1469
74,1609
72,1531
73,1573
74,1580
70,1438
73,1596
73,1596
70,1548
73,1598
75,1586
73,1573
69,1525
68,1437
73,1611
65,1390
73,1611
68,1466
70,1524
72,1514
68,1438
69,1501
66,1414
68,1464
65,1397
72,1537
67,1455
72,1564
71,1598
71,1513
63,1326
68,1446
69,1485
66,1378
70,1572
70,1537
69,1516
72,1582
71,1499
#### generation 15
69,1464
73,1549
68,1383
74,1651
73,1509
69,1439
65,1405
74,1609
74,1609
74,1609
74,1609
74,1609
74,1621
75,1648
72,1536
74,1592
73,1572
74,1577
72,1583
73,1591
73,1604
74,1634
73,1624
73,1598
65,1393
73,1599
72,1571
71,1518
72,1592
70,1516
64,1402
65,1448
68,1454
69,1540
72,1543
66,1386
63,1356
72,1560
64,1320
71,1510
#### generation 16
75,1592
73,1530
75,1646
75,1648
75,1648
75,1648
74,1577
74,1582
72,1484
75,1613
72,1589
74,1609
71,1484
67,1446
65,1345
72,1543
74,1609
74,1609
72,1512
74,1609
72,1546
74,1609
73,1580
64,1427
68,1514
71,1549
73,1620
74,1634
73,1569
72,1525
71,1529
71,1493
70,1535
72,1539
73,1613
69,1489
73,1592
73,1596
72,1561
71,1525
73,1608
69,1482
73,1598
73,1598
#### generation 17
74,1563
68,1426
69,1504
73,1562
68,1469
67,1468
74,1550
74,1567
75,1617
70,1568
69,1477
72,1563
75,1644
71,1495
73,1597
75,1648
68,1454
75,1646
69,1458
71,1590
75,1648
75,1649
75,1648
71,1533
75,1648
71,1561
67,1404
66,1354
74,1577
74,1577
75,1598
73,1531
74,1600
72,1514
72,1547
74,1609
73,1571
72,1566
67,1436
70,1601
74,1609
69,1476
66,1432
70,1497
73,1555
73,1568
74,1609
70,1511
72,1569
71,1577
67,1492
73,1617
74,1611
70,1528
71,1617
69,1565
68,1457
74,1620
72,1551
73,1589
69,1482
71,1522
#### generation 18
68,1407
71,1503
72,1531
69,1490
71,1505
65,1390
75,1592
68,1425
75,1592
75,1613
72,1603
74,1590
72,1570
71,1524
72,1519
69,1478
74,1596
65,1387
67,1467
72,1543
71,1512
71,1535
68,1446
67,1403
71,1517
75,1646
67,1464
66,1393
74,1687
73,1593
75,1648
75,1648
64,1305
74,1609
73,1586
71,1536
68,1443
72,1522
69,1486
74,1610
68,1425
70,1527
70,1482
74,1600
75,1648
68,1459
73,1581
69,1497
68,1446
72,1533
63,1335
65,1380
71,1534
71,1537
69,1454
72,1582
68,1443
74,1563
72,1545
63,1416
70,1506
73,1522
70,1480
72,1567
72,1544
70,1548
73,1580
70,1483
73,1573
#### generation 19
73,1562
75,1586
70,1463
75,1586
70,1550
72,1574
67,1484
71,1575
69,1481
75,1618
71,1559
68,1418
75,1592
74,1677
75,1592
67,1428
68,1502
71,1571
75,1598
68,1479
74,1563
73,1553
75,1611
68,1494
68,1498
74,1594
66,1450
62,1331
68,1508
69,1472
68,1486
69,1468
75,1644
66,1377
70,1491
66,1394
74,1629
75,1646
72,1562
71,1500
75,1648
72,1568
73,1561
75,1648
75,1644
75,1648
73,1631
68,1416
75,1648
75,1650
75,1648
75,1650
64,1353
73,1571
71,1563
69,1469
75,1648
75,1646
71,1541
72,1536
68,1405
71,1488
72,1640
69,1447
73,1564
75,1648
74,1577
75,1644
72,1575
71,1524
65,1364
66,1478
75,1643
70,1533
71,1531
70,1507
75,1647
74,1550
69,1494
69,1453
64,1369
69,1495
74,1577
#### generation 20
74,1576
73,1540
68,1475
69,1463
69,1504
75,1536
70,1475
73,1504
75,1594
75,1592
71,1503
67,1400
72,1521
66,1326
73,1563
68,1432
71,1546
63,1274
74,1581
75,1592
75,1592
75,1592
75,1592
63,1383
74,1587
72,1480
70,1541
72,1504
69,1493
71,1528
70,1514
66,1470
69,1577
75,1613
68,1394
75,1611
75,1617
68,1456
75,1618
75,1643
69,1532
74,1609
74,1581
73,1583
66,1399
72,1520
68,1428
68,1448
73,1584
73,1598
70,1458
75,1646
64,1362
69,1498
#### generation 21
72,1501
71,1443
74,1518
73,1500
75,1590
75,1584
75,1586
68,1511
68,1506
75,1586
75,1643
70,1474
73,1566
75,1607
73,1531
73,1571
68,1462
71,1516
75,1605
75,1592
71,1597
72,1510
73,1504
69,1477
70,1472
70,1481
70,1472
69,1453
73,1567
69,1538
74,1601
74,1595
75,1592
75,1594
75,1598
75,1598
73,1601
70,1492
74,1585
66,1402
72,1534
71,1547
62,1308
63,1326
74,1620
69,1486
74,1608
75,1643
74,1577
75,1644
#### generation 22
75,1536
63,1387
73,1500
75,1559
75,1584
71,1499
71,1511
68,1443
76,1626
66,1459
72,1546
72,1522
70,1484
70,1491
73,1534
69,1472
74,1598
73,1556
71,1487
73,1579
71,1532
71,1544
69,1520
73,1527
75,1600
72,1561
75,1598
71,1511
70,1536
75,1598
75,1644
72,1532
74,1593
69,1435
#### generation 23
75,1632
74,1608
66,1395
74,1502
73,1514
72,1538
74,1596
75,1672
72,1602
72,1460
68,1482
74,1566
75,1590
73,1618
75,1592
72,1527
70,1504
69,1432
74,1611
67,1423
71,1557
75,1592
67,1426
70,1505
68,1416
68,1385
74,1529
74,1618
72,1579
71,1542
68,1452
#### generation 24
72,1557
72,1533
76,1626
74,1610
75,1603
72,1506
75,1536
73,1493
73,1506
76,1626
73,1548
72,1460
75,1582
71,1491
69,1470
75,1590
74,1570
70,1511
73,1506
64,1338
75,1592
74,1571
72,1526
70,1491
72,1531
72,1517
72,1533
65,1409
72,1506
75,1592
75,1592
71,1535
75,1594
75,1598
#### generation 25
70,1534
67,1492
73,1595
76,1626
70,1451
75,1536
75,1536
68,1411
74,1543
70,1441
74,1552
75,1576
73,1521
71,1531
71,1461
75,1586
75,1590
75,1590
75,1590
71,1505
75,1590
74,1604
75,1592
71,1545
74,1587
75,1592
72,1527
73,1566
66,1429
75,1592
70,1465
#### generation 26
66,1461
76,1626
76,1626
73,1579
76,1628
76,1601
76,1626
70,1540
71,1545
71,1507
70,1501
76,1626
69,1518
60,1294
75,1603
74,1502
71,1472
71,1460
72,1524
71,1530
72,1439
73,1450
64,1359
75,1584
75,1584
72,1527
75,1586
74,1583
74,1565
68,1489
73,1523
69,1544
72,1538
75,1590
69,1488
67,1495
75,1588
75,1582
72,1543
65,1322
73,1566
#### generation 27
68,1470
72,1603
74,1561
73,1583
75,1629
69,1462
71,1577
75,1647
67,1436
76,1632
73,1568
71,1518
68,1514
71,1510
74,1611
70,1495
76,1626
70,1525
75,1573
66,1451
72,1502
76,1626
70,1509
76,1626
69,1488
74,1576
72,1593
72,1535
72,1492
73,1520
70,1473
70,1479
69,1454
66,1346
75,1529
69,1462
75,1582
72,1548
67,1430
68,1393
73,1580
70,1452
75,1586
72,1580
72,1530
71,1538
71,1492
74,1569
#### generation 28
76,1601
76,1601
70,1566
73,1570
74,1560
71,1498
72,1524
70,1494
77,1662
71,1554
77,1662
68,1513
74,1593
68,1474
69,1457
65,1441
72,1551
67,1482
75,1597
76,1626
65,1332
71,1530
76,1626
71,1532
76,1626
76,1626
72,1465
72,1586
72,1497
69,1510
73,1575
70,1545
73,1513
75,1605
76,1646
76,1632
75,1603
75,1529
76,1585
75,1540
72,1474
73,1522
73,1536
72,1489
73,1576
73,1553
73,1605
68,1426
75,1603
73,1578
72,1540
73,1618
74,1581
#### generation 29
70,1522
74,1621
65,1382
72,1548
69,1483
67,1410
71,1530
72,1565
76,1599
75,1590
70,1506
71,1548
76,1626
76,1626
76,1626
69,1480
76,1626
69,1438
73,1584
70,1500
76,1626
73,1595
75,1606
76,1626
71,1509
73,1584
75,1600
68,1478
71,1528
71,1533
71,1592
72,1574
72,1514
75,1632
73,1562
76,1626
73,1551
70,1586
75,1626
64,1386
66,1375
74,1623
70,1534
76,1632
73,1577
69,1511
73,1646
76,1648
67,1440
75,1523
75,1536
73,1502
71,1495
#### generation 30
77,1689
75,1576
68,1477
71,1528
72,1568
69,1517
74,1562
77,1656
74,1572
73,1579
76,1601
74,1586
73,1583
67,1478
76,1625
76,1626
68,1387
70,1534
70,1507
74,1613
71,1485
74,1594
76,1626
75,1624
72,1539
71,1537
76,1626
76,1626
76,1626
70,1534
75,1676
76,1622
76,1626
74,1610
76,1601
69,1484
#### generation 31
74,1586
71,1544
77,1656
77,1656
71,1482
72,1531
76,1648
77,1662
73,1579
77,1670
72,1565
75,1669
64,1294
69,1525
74,1560
76,1599
66,1449
75,1602
74,1567
74,1610
73,1551
68,1453
74,1589
76,1626
75,1575
68,1428
75,1594
71,1584
72,1569
68,1463
75,1593
70,1491
75,1591
71,1540
76,1626
70,1530
72,1534
68,1426
72,1629
67,1429
#### generation 32
75,1607
67,1484
67,1438
72,1513
77,1656
75,1596
73,1618
69,1533
77,1654
72,1633
73,1568
76,1631
71,1588
69,1454
74,1587
75,1557
73,1621
77,1660
68,1476
76,1665
70,1498
76,1677
70,1457
77,1689
77,1689
74,1638
73,1642
71,1515
70,1493
72,1526
72,1528
74,1601
70,1486
71,1565
66,1393
69,1513
70,1484
72,1526
76,1626
73,1593
75,1579
71,1551
69,1444
74,1579
70,1472
66,1440
76,1630
66,1376
74,1582
#### generation 33
77,1654
74,1568
76,1632
69,1438
74,1556
68,1443
73,1579
69,1498
76,1635
71,1556
72,1561
71,1502
76,1651
70,1455
75,1620
73,1534
69,1428
72,1526
76,1657
69,1541
69,1525
77,1660
71,1564
70,1543
75,1618
74,1621
77,1662
70,1543
74,1621
77,1662
77,1662
69,1518
74,1588
73,1534
74,1551
74,1621
71,1545
69,1477
71,1525
70,1505
77,1689
73,1655
74,1630
68,1412
76,1599
76,1599
74,1634
70,1446
73,1510
71,1497
72,1528
69,1483
69,1525
72,1655
75,1621
66,1454
69,1527
74,1611
76,1626
72,1519
#### generation 34
77,1650
72,1516
69,1452
77,1654
76,1637
68,1430
77,1654
77,1636
76,1647
69,1436
74,1566
77,1656
72,1448
77,1654
70,1513
68,1407
77,1656
77,1642
77,1656
69,1420
74,1544
75,1627
69,1475
68,1415
74,1611
77,1660
68,1444
76,1625
77,1660
70,1469
77,1662
74,1608
77,1641
68,1476
77,1662
73,1600
73,1613
77,1662
73,1569
70,1501
72,1616
76,1621
72,1583
75,1644
69,1500
73,1611
77,1662
65,1321
77,1670
69,1447
70,1545
77,1689
74,1626
74,1585
71,1556
73,1584
69,1455
70,1506
74,1638
76,1665
69,1544
67,1459
69,1488
70,1538
76,1601
74,1552
72,1574
70,1500
69,1529
72,1549
#### generation 35
75,1617
77,1634
77,1641
74,1598
75,1613
73,1557
76,1616
72,1568
77,1673
77,1650
75,1592
77,1693
73,1509
72,1526
67,1474
73,1570
74,1612
74,1581
71,1521
70,1550
71,1572
67,1379
69,1517
73,1605
68,1482
73,1620
73,1616
77,1662
74,1595
70,1512
77,1662
75,1660
76,1663
77,1662
75,1686
77,1662
#### generation 36
73,1525
68,1506
72,1504
71,1527
69,1515
74,1643
67,1406
77,1641
75,1609
70,1519
72,1514
72,1581
74,1599
77,1654
77,1654
68,1489
75,1636
77,1656
72,1513
77,1656
68,1409
63,1440
70,1516
70,1461
74,1641
73,1667
67,1441
71,1520
71,1551
77,1666
75,1642
74,1612
73,1579
74,1588
#### generation 37
72,1520
77,1636
69,1457
74,1565
77,1675
73,1548
74,1586
76,1613
77,1641
70,1484
70,1398
76,1618
74,1612
76,1634
67,1486
77,1642
77,1650
74,1594
75,1590
71,1504
73,1581
72,1545
76,1619
77,1654
77,1654
77,1703
70,1520
71,1538
73,1605
73,1594
77,1656
77,1695
72,1564
73,1542
74,1606
67,1460
77,1666
73,1606
71,1622
73,1542
74,1610
69,1542
#### generation 38
69,1496
77,1632
77,1634
71,1491
72,1521
70,1497
75,1582
76,1629
77,1641
63,1321
74,1586
74,1637
70,1480
73,1571
74,1624
71,1563
77,1637
70,1446
72,1526
75,1582
75,1602
75,1632
77,1642
77,1648
73,1556
72,1486
74,1571
72,1579
73,1597
74,1578
70,1462
73,1570
70,1509
73,1559
77,1654
73,1540
67,1390
71,1522
72,1634
69,1482
68,1446
76,1649
76,1598
72,1531
69,1569
#### generation 39
72,1533
75,1582
75,1550
73,1574
74,1568
77,1634
70,1502
73,1587
73,1560
72,1498
76,1606
75,1577
71,1479
77,1636
72,1532
72,1510
71,1496
69,1488
75,1599
76,1559
71,1465
61,1276
76,1627
68,1388
69,1413
77,1641
77,1641
73,1560
72,1558
72,1480
75,1629
74,1623
75,1631
69,1423
71,1480
72,1564
73,1520
69,1432
74,1580
65,1363
71,1522
68,1477
77,1650
65,1410
77,1652
74,1614
77,1654
67,1429
75,1592
67,1471
77,1654
73,1487
74,1610
72,1520
75,1611
76,1609
#### generation 40
72,1481
68,1377
75,1571
71,1546
75,1614
76,1613
72,1517
69,1422
73,1489
76,1624
74,1586
69,1496
68,1482
75,1614
77,1634
73,1555
75,1638
75,1614
69,1416
77,1623
70,1484
75,1602
77,1641
75,1622
73,1493
75,1641
74,1570
72,1541
77,1641
73,1576
71,1535
71,1515
76,1634
68,1454
72,1438
72,1571
75,1602
75,1607
72,1533
70,1441
67,1334
72,1475
67,1414
72,1514
72,1480
68,1434
73,1563
77,1654
71,1478
75,1637
72,1524
#### generation 41
73,1525
76,1579
66,1444
67,1515
77,1632
72,1483
71,1508
71,1440
74,1563
73,1598
74,1588
76,1619
76,1623
74,1574
75,1600
75,1605
70,1426
75,1595
73,1555
77,1637
77,1678
75,1629
70,1493
76,1639
68,1466
72,1633
77,1641
76,1607
74,1582
72,1594
74,1626
70,1498
75,1616
71,1532
72,1552
70,1534
71,1566
71,1532
77,1656
72,1565
72,1582
70,1574
69,1419
72,1590
#### generation 42
77,1623
72,1494
66,1444
77,1623
73,1544
77,1632
75,1601
66,1380
77,1636
77,1638
71,1504
76,1606
76,1611
77,1640
76,1609
71,1465
73,1497
72,1515
75,1603
77,1636
73,1611
77,1644
73,1556
77,1636
77,1636
76,1621
69,1486
73,1458
77,1641
75,1594
69,1468
74,1529
70,1509
70,1479
68,1513
70,1512
76,1639
73,1567
70,1485
70,1497
68,1433
76,1606
77,1648
73,1516
73,1562
77,1650
74,1599
#### generation 43
73,1542
77,1625
77,1623
75,1633
75,1593
73,1539
68,1375
75,1647
76,1600
66,1499
77,1621
69,1520
77,1632
77,1632
74,1546
72,1461
76,1617
75,1581
74,1580
76,1614
75,1588
73,1540
74,1563
76,1615
75,1603
77,1636
76,1613
72,1522
71,1483
72,1509
69,1459
73,1565
72,1630
71,1508
71,1497
75,1649
71,1574
73,1545
76,1621
74,1610
71,1534
#### generation 44
73,1606
77,1621
70,1512
71,1495
77,1623
71,1475
72,1528
69,1466
77,1623
74,1603
70,1418
67,1404
70,1497
73,1583
77,1625
68,1417
77,1625
77,1625
73,1555
65,1412
75,1601
72,1512
67,1411
77,1632
73,1564
70,1503
72,1482
77,1634
75,1575
74,1530
70,1531
77,1644
73,1544
71,1442
69,1443
77,1636
74,1534
76,1644
76,1632
70,1467
73,1540
72,1572
66,1373
73,1663
73,1564
#### generation 45
71,1467
72,1497
72,1536
77,1678
75,1596
71,1511
70,1507
77,1623
73,1535
72,1570
69,1414
69,1492
73,1620
70,1456
71,1589
68,1422
73,1579
77,1623
71,1534
74,1574
75,1619
71,1423
70,1538
77,1623
69,1364
76,1600
75,1610
74,1483
76,1601
73,1540
70,1478
77,1632
76,1613
77,1632
75,1590
77,1632
72,1577
71,1480
74,1584
75,1576
69,1458
73,1538
73,1537
74,1579
77,1675
77,1636
77,1636
70,1433
75,1566
#### generation 46
77,1621
69,1448
77,1621
76,1595
71,1494
72,1576
77,1623
74,1595
73,1557
72,1517
67,1420
73,1580
66,1401
74,1572
76,1639
70,1489
77,1623
71,1564
76,1599
77,1660
77,1625
77,1627
77,1623
70,1435
75,1596
65,1380
74,1565
71,1525
76,1601
76,1608
77,1625
73,1521
71,1543
75,1591
77,1625
75,1607
77,1632
71,1545
77,1634
65,1406
71,1466
69,1430
76,1605
69,1496
69,1478
72,1540
72,1541
77,1634
75,1593
72,1487
77,1636
#### generation 47
77,1621
71,1518
78,1612
71,1462
77,1621
75,1565
76,1580
76,1610
77,1621
69,1397
74,1580
74,1581
72,1562
77,1623
72,1510
76,1602
70,1482
72,1587
77,1623
70,1535
77,1627
69,1431
73,1555
75,1615
70,1419
77,1623
77,1623
72,1490
75,1581
74,1595
75,1583
69,1464
70,1479
70,1514
74,1517
77,1623
70,1506
75,1639
76,1620
77,1623
70,1483
71,1505
71,1512
70,1456
73,1532
71,1529
71,1570
74,1556
73,1544
77,1627
73,1549
77,1623
72,1491
74,1573
72,1491
77,1625
77,1625
75,1635
74,1551
71,1509
69,1454
72,1548
73,1559
77,1627
75,1571
76,1601
77,1627
73,1563
74,1555
69,1467
72,1493
75,1579
71,1532
71,1467
#### generation 48
78,1612
78,1612
74,1535
76,1594
77,1621
78,1612
75,1611
68,1422
76,1586
75,1575
74,1595
76,1631
70,1527
74,1597
73,1554
70,1516
65,1380
76,1632
74,1563
77,1623
73,1530
71,1562
77,1623
72,1538
69,1446
74,1527
70,1465
77,1623
77,1623
74,1537
75,1600
77,1640
#### generation 49
78,1612
69,1393
78,1612
73,1531
75,1598
75,1556
72,1516
76,1581
76,1558
76,1551
72,1489
76,1578
74,1556
77,1621
75,1598
74,1637
72,1493
78,1657
72,1530
69,1491
71,1502
77,1631
69,1547
71,1479
77,1658
72,1535
70,1391
69,1507
76,1620
75,1633
75,1598
75,1574
69,1449
71,1505
71,1514
70,1453
74,1596
70,1612
#### generation 50
68,1453
78,1618
74,1510
71,1468
78,1612
78,1612
75,1559
74,1572
78,1612
78,1612
74,1573
77,1597
72,1486
78,1598
78,1612
78,1612
72,1496
73,1505
75,1548
72,1510
71,1597
76,1593
73,1525
75,1576
73,1571
73,1553
72,1542
71,1593
75,1537
67,1407
71,1517
75,1576
77,1623
74,1590
74,1503
75,1564
77,1627
77,1621
71,1559
76,1592
75,1634
76,1620
75,1583
77,1623
#### generation 51
74,1527
78,1612
78,1598
78,1598
78,1598
73,1457
78,1612
78,1612
74,1548
73,1503
74,1555
77,1606
77,1601
74,1532
74,1460
73,1505
68,1383
70,1438
71,1505
74,1540
75,1563
65,1351
78,1612
74,1532
76,1587
75,1546
69,1500
73,1511
75,1568
78,1614
72,1482
71,1408
75,1560
75,1530
78,1612
72,1491
75,1524
78,1612
72,1464
78,1612
78,1612
78,1612
74,1610
75,1587
78,1606
72,1510
72,1459
77,1605
77,1565
70,1444
73,1563
77,1586
77,1575
62,1243
78,1618
74,1568
72,1512
74,1610
74,1554
74,1607
71,1453
77,1597
73,1558
72,1522
72,1481
76,1610
75,1610
77,1621
73,1505
77,1621
72,1532
69,1474
73,1517
77,1623
71,1463
72,1588
#### generation 52
70,1423
72,1511
78,1598
72,1478
71,1397
76,1571
76,1576
71,1474
78,1606
77,1613
70,1452
75,1566
78,1611
75,1560
76,1538
70,1444
74,1521
73,1609
74,1499
72,1511
78,1612
77,1601
68,1377
78,1612
71,1448
69,1450
70,1512
78,1612
69,1494
77,1624
74,1576
78,1612
72,1467
71,1489
70,1342
65,1404
71,1431
71,1457
73,1590
76,1562
76,1594
72,1481
74,1506
76,1526
76,1574
74,1544
70,1377
74,1530
71,1470
74,1561
75,1595
71,1529
76,1613
78,1612
76,1548
74,1513
77,1609
71,1485
72,1484
77,1582
72,1482
72,1484
66,1335
77,1605
77,1616
78,1612
70,1509
76,1620
74,1517
68,1393
67,1462
77,1596
71,1481
77,1597
76,1593
72,1498
73,1478
74,1528
78,1608
74,1513
71,1403
68,1471
77,1611
76,1585
77,1583
69,1475
#### generation 53
76,1571
77,1570
78,1598
75,1560
78,1598
78,1598
75,1563
74,1485
75,1630
78,1598
78,1598
77,1565
73,1490
73,1546
77,1610
66,1348
78,1620
78,1612
69,1402
78,1620
78,1612
71,1446
71,1471
77,1585
78,1651
72,1440
77,1599
72,1428
77,1575
78,1640
77,1601
72,1498
76,1528
75,1546
75,1521
68,1342
68,1422
#### generation 54
78,1637
70,1446
78,1598
76,1606
74,1517
71,1411
77,1599
78,1598
75,1542
78,1616
75,1517
77,1593
69,1375
76,1550
70,1483
78,1598
78,1598
78,1598
78,1598
77,1581
76,1521
76,1587
78,1598
77,1576
78,1598
69,1452
74,1503
78,1594
78,1605
78,1606
78,1606
74,1538
78,1608
78,1635
75,1573
73,1505
78,1612
76,1549
77,1571
66,1336
77,1588
77,1585
73,1468
72,1488
72,1453
70,1502
72,1451
78,1612
78,1616
73,1547
#### generation 55
76,1570
73,1465
78,1594
72,1489
78,1594
75,1509
72,1424
75,1522
78,1633
73,1506
74,1575
76,1548
75,1552
76,1568
78,1598
75,1529
78,1596
74,1504
74,1568
72,1466
78,1598
72,1474
75,1561
76,1563
75,1565
78,1598
71,1491
74,1544
72,1524
76,1530
76,1568
71,1473
71,1500
78,1594
77,1576
72,1470
72,1460
76,1558
78,1598
78,1598
71,1564
77,1606
77,1572
77,1558
78,1598
76,1585
78,1598
77,1593
78,1598
78,1604
78,1598
78,1598
72,1486
74,1584
70,1362
68,1349
74,1553
73,1470
76,1529
76,1576
75,1577
76,1536
75,1593
67,1368
76,1670
77,1620
78,1605
76,1590
77,1585
78,1606
72,1433
76,1522
78,1614
75,1586
78,1612
76,1587
69,1410
#### generation 56
73,1531
78,1696
72,1460
76,1591
75,1539
76,1592
76,1510
74,1554
77,1552
74,1554
75,1535
78,1596
70,1361
71,1492
78,1594
71,1397
76,1570
78,1598
78,1598
70,1467
76,1542
73,1525
71,1533
77,1568
69,1437
77,1570
78,1612
74,1485
76,1613
73,1515
76,1593
77,1561
77,1608
78,1598
72,1552
75,1547
72,1457
70,1416
#### generation 57
77,1608
78,1588
72,1571
79,1629
77,1593
77,1593
77,1586
74,1593
77,1568
75,1485
71,1391
75,1541
72,1455
73,1510
77,1588
78,1594
78,1598
78,1594
70,1350
78,1596
74,1536
69,1372
77,1591
72,1496
78,1598
78,1598
69,1402
77,1561
78,1598
78,1598
72,1510
74,1538
75,1532
77,1595
75,1482
78,1598
74,1468
75,1526
75,1507
76,1583
76,1585
77,1556
69,1367
75,1622
#### generation 58
78,1632
73,1485
77,1638
76,1603
73,1515
75,1581
71,1488
76,1536
77,1564
78,1596
78,1631
77,1589
77,1582
74,1557
69,1337
76,1574
71,1508
72,1493
73,1519
77,1570
73,1552
73,1592
76,1592
70,1439
71,1498
77,1601
75,1578
78,1598
75,1528
74,1490
#### generation 59
72,1515
78,1599
78,1588
71,1469
78,1594
78,1603
68,1448
74,1553
77,1547
77,1568
78,1598
72,1490
75,1533
78,1596
78,1598
78,1594
71,1518
69,1463
69,1406
78,1598
78,1598
78,1635
72,1479
75,1546
73,1481
73,1458
74,1555
78,1598
74,1456
71,1429
78,1598
#### generation 60
79,1666
70,1476
79,1629
70,1460
74,1541
74,1488
77,1590
78,1594
78,1609
73,1518
77,1602
70,1488
76,1578
71,1454
77,1591
77,1613
78,1594
74,1566
78,1596
73,1466
77,1632
76,1536
77,1600
68,1398
78,1598
73,1459
74,1481
78,1598
75,1581
73,1574
73,1577
78,1598
78,1636
74,1457
#### generation 61
77,1545
78,1609
74,1537
79,1631
75,1558
72,1498
73,1528
74,1594
66,1381
77,1646
77,1593
78,1594
75,1512
76,1562
74,1573
72,1573
77,1598
78,1594
75,1539
76,1556
76,1596
77,1611
76,1572
77,1582
78,1596
76,1571
78,1596
72,1538
74,1578
78,1598
72,1508
71,1458
76,1564
77,1633
75,1581
#### generation 62
78,1654
78,1582
79,1629
75,1586
77,1579
79,1629
76,1557
74,1544
69,1390
75,1571
76,1578
78,1635
79,1666
71,1507
78,1664
78,1588
78,1590
78,1594
78,1594
76,1538
74,1553
78,1594
71,1483
71,1434
75,1523
78,1594
73,1462
77,1547
69,1459
78,1594
76,1580
78,1596
77,1549
72,1575
74,1515
75,1554
75,1547
72,1475
73,1472
77,1612
73,1507
#### generation 63
73,1568
76,1559
77,1602
79,1633
76,1587
79,1647
79,1629
71,1431
78,1616
77,1646
79,1666
77,1626
74,1607
70,1433
74,1521
78,1588
78,1588
78,1590
74,1556
77,1600
78,1594
77,1562
75,1533
78,1594
77,1575
75,1551
75,1551
71,1439
72,1447
70,1450
75,1595
75,1526
74,1541
73,1456
78,1594
74,1509
#### generation 64
79,1629
73,1548
73,1460
73,1497
73,1502
79,1629
76,1585
70,1461
75,1537
70,1562
76,1611
75,1605
78,1618
79,1633
78,1621
73,1554
77,1612
73,1522
72,1532
78,1637
73,1518
78,1671
69,1425
71,1472
75,1526
75,1548
75,1558
77,1662
67,1413
76,1563
78,1590
71,1520
73,1520
76,1568
71,1557
72,1522
78,1594
76,1580
70,1381
76,1597
69,1451
73,1464
#### generation 65
79,1629
68,1381
73,1522
78,1641
76,1577
79,1629
74,1511
77,1595
71,1466
79,1629
79,1629
68,1386
79,1629
73,1598
72,1542
78,1636
70,1448
78,1599
77,1582
75,1549
77,1587
74,1513
74,1477
74,1543
72,1555
72,1523
73,1494
78,1686
79,1633
71,1454
69,1462
71,1537
73,1506
75,1609
79,1647
75,1586
77,1545
77,1547
69,1474
75,1569
75,1570
69,1434
78,1588
75,1566
77,1577
75,1545
78,1588
78,1590
70,1464
77,1570
71,1556
68,1433
75,1570
73,1494
72,1480
78,1594
75,1574
#### generation 66
79,1629
79,1629
79,1629
72,1532
77,1580
78,1643
73,1536
76,1610
77,1582
79,1629
72,1500
73,1586
75,1575
70,1433
74,1487
79,1670
73,1501
75,1550
73,1551
79,1629
79,1633
76,1568
72,1562
77,1579
76,1576
78,1582
74,1539
79,1629
72,1552
78,1609
72,1475
78,1641
78,1582
77,1615
71,1451
71,1494
79,1654
80,1697
73,1561
78,1608
77,1635
73,1491
73,1548
74,1538
69,1396
79,1633
70,1419
76,1562
78,1648
70,1548
73,1599
78,1664
78,1631
76,1642
78,1636
79,1666
72,1588
73,1580
74,1501
75,1569
79,1670
78,1588
68,1410
73,1460
78,1615
79,1668
78,1588
76,1591
72,1435
#### generation 67
80,1697
79,1688
78,1679
80,1697
77,1623
72,1471
78,1594
72,1460
76,1559
76,1598
73,1502
78,1611
72,1477
73,1501
78,1611
74,1490
74,1487
79,1629
77,1626
79,1627
73,1505
74,1522
77,1599
73,1493
74,1524
73,1498
74,1514
77,1598
73,1525
79,1647
75,1585
78,1667
72,1563
#### generation 68
79,1657
80,1717
80,1697
80,1697
76,1610
80,1715
77,1595
75,1557
71,1496
69,1443
77,1707
74,1572
79,1633
71,1466
77,1565
79,1629
71,1473
76,1578
77,1596
79,1637
72,1466
79,1629
79,1629
78,1612
78,1604
75,1534
75,1606
76,1601
76,1569
79,1629
79,1629
79,1647
76,1591
73,1567
77,1562
76,1562
75,1563
73,1555
79,1649
#### generation 69
80,1739
74,1546
80,1695
78,1662
80,1697
77,1619
80,1695
79,1665
74,1510
77,1602
78,1655
79,1684
74,1504
76,1601
79,1659
72,1459
78,1665
80,1748
74,1542
70,1451
73,1486
74,1539
70,1428
71,1430
79,1629
79,1629
76,1605
79,1629
69,1466
75,1528
79,1629
77,1580
77,1608
76,1633
78,1632
78,1628
76,1557
73,1462
78,1628
79,1629
79,1629
79,1629
77,1580
75,1551
#### generation 70
76,1576
71,1386
75,1523
77,1665
79,1657
79,1661
78,1631
79,1661
75,1590
78,1661
68,1454
79,1667
80,1697
80,1697
78,1610
72,1488
74,1518
73,1482
75,1600
78,1654
72,1517
78,1645
76,1601
79,1685
74,1534
72,1500
78,1704
77,1652
76,1593
69,1420
74,1592
77,1718
79,1631
77,1606
76,1583
73,1566
76,1589
76,1521
77,1586
76,1598
73,1504
75,1574
79,1629
79,1631
78,1606
79,1629
74,1555
77,1604
72,1538
77,1610
#### generation 71
80,1695
72,1473
74,1568
77,1604
74,1593
75,1584
77,1634
79,1690
69,1435
75,1554
80,1705
80,1697
79,1641
74,1608
79,1703
78,1623
69,1448
77,1678
79,1685
73,1488
78,1606
73,1531
77,1602
79,1652
75,1568
73,1581
63,1301
72,1499
80,1717
72,1558
77,1587
71,1486
72,1439
79,1676
80,1703
70,1426
74,1603
76,1597
80,1739
74,1504
66,1333
80,1748
80,1748
78,1734
80,1748
77,1613
75,1578
78,1612
74,1487
78,1594
71,1417
79,1629
77,1582
79,1629
74,1507
72,1519
75,1525
70,1494
77,1618
71,1496
74,1518
#### generation 72
79,1663
71,1481
77,1628
79,1653
77,1584
76,1582
77,1653
80,1709
77,1608
79,1682
74,1606
79,1719
77,1614
74,1546
72,1521
75,1573
79,1703
75,1564
77,1678
71,1430
77,1624
72,1548
70,1479
78,1678
73,1546
77,1602
80,1697
71,1473
79,1680
76,1580
80,1697
77,1585
75,1559
78,1699
74,1575
74,1630
76,1612
80,1717
80,1717
80,1717
70,1466
80,1779
79,1705
70,1347
79,1710
75,1563
70,1469
80,1748
77,1679
76,1630
80,1746
73,1593
77,1679
75,1582
80,1750
78,1625
78,1706
74,1600
68,1458
75,1652
77,1669
79,1733
79,1651
72,1475
79,1631
75,1583
70,1434
70,1474
76,1615
#### generation 73
80,1695
74,1548
79,1671
68,1389
67,1353
78,1630
77,1613
76,1626
80,1691
78,1636
80,1697
78,1643
68,1400
73,1488
72,1483
77,1697
80,1695
72,1457
80,1697
81,1730
78,1669
78,1646
78,1656
73,1499
73,1471
72,1502
66,1380
80,1730
70,1439
77,1617
80,1697
79,1661
75,1613
80,1697
75,1554
70,1419
76,1601
72,1504
79,1654
76,1670
80,1699
79,1661
72,1515
74,1540
75,1568
80,1703
79,1704
73,1540
73,1541
80,1709
79,1675
79,1677
71,1505
71,1459
71,1576
77,1618
78,1627
80,1717
80,1735
68,1432
80,1717
78,1638
78,1640
74,1559
80,1705
77,1631
75,1613
77,1637
70,1491
70,1472
75,1593
76,1660
77,1635
#### generation 74
81,1730
80,1715
81,1736
80,1708
73,1556
75,1563
71,1401
79,1670
73,1463
80,1695
74,1471
75,1589
71,1486
75,1557
74,1686
80,1697
78,1667
75,1631
70,1439
77,1582
71,1489
80,1685
77,1636
73,1509
79,1676
72,1503
75,1594
75,1601
79,1646
72,1493
80,1703
80,1709
79,1698
77,1671
#### generation 75
71,1510
77,1642
81,1734
74,1557
73,1512
81,1736
76,1592
79,1723
71,1541
76,1595
80,1695
80,1703
71,1506
73,1547
75,1597
69,1424
75,1576
80,1713
80,1697
74,1519
76,1548
72,1484
78,1625
80,1697
80,1737
75,1570
69,1374
80,1697
77,1627
80,1697
75,1556
80,1697
77,1632
76,1602
80,1703
#### generation 76
81,1730
72,1515
78,1685
79,1690
81,1730
72,1418
70,1458
80,1735
81,1789
73,1542
77,1693
79,1667
81,1736
80,1713
78,1607
72,1559
75,1567
74,1569
74,1514
77,1596
79,1662
80,1695
73,1529
69,1475
73,1531
76,1672
77,1588
77,1616
76,1603
78,1635
75,1552
79,1657
79,1646
71,1490
78,1697
76,1601
78,1611
78,1673
77,1591
#### generation 77
79,1701
74,1533
81,1769
72,1491
80,1727
74,1518
81,1744
78,1623
81,1730
73,1503
76,1592
81,1752
81,1752
74,1524
71,1540
81,1736
80,1742
77,1655
75,1567
80,1699
78,1691
81,1736
71,1462
74,1617
72,1533
80,1760
80,1762
75,1619
79,1689
80,1691
76,1576
80,1695
80,1713
79,1668
72,1477
76,1565
77,1610
78,1699
80,1697
80,1697
77,1631
75,1573
74,1575
76,1591
74,1572
80,1697
78,1643
80,1695
78,1637
#### generation 78
71,1495
79,1738
80,1712
75,1595
79,1690
80,1693
78,1653
81,1730
75,1644
76,1628
80,1759
75,1601
70,1475
81,1736
76,1618
77,1650
72,1458
82,1769
81,1736
78,1672
73,1497
79,1721
75,1584
77,1633
79,1658
78,1655
72,1541
81,1752
77,1658
80,1742
80,1723
77,1617
72,1469
78,1673
76,1594
78,1682
70,1473
71,1524
78,1708
80,1693
80,1695
78,1668
80,1695
78,1608
75,1594
76,1662
80,1695
80,1695
76,1585
79,1645
77,1596
73,1508
80,1736
#### generation 79
75,1612
70,1516
77,1682
76,1633
77,1601
80,1720
80,1708
81,1730
81,1730
78,1666
75,1543
71,1496
81,1732
81,1730
81,1730
76,1607
77,1649
81,1734
70,1467
81,1748
80,1739
79,1713
79,1721
81,1728
82,1776
80,1736
76,1653
79,1709
72,1482
74,1569
77,1628
78,1632
75,1549
75,1622
70,1436
77,1671
79,1726
70,1498
78,1701
76,1626
81,1769
76,1591
79,1746
76,1560
73,1488
80,1691
77,1608
80,1693
69,1468
78,1638
80,1695
80,1695
#### generation 80
82,1779
77,1649
70,1454
82,1776
81,1728
79,1698
71,1450
77,1626
72,1470
79,1681
75,1655
81,1730
77,1595
77,1653
74,1526
81,1734
71,1473
71,1428
77,1628
81,1775
72,1486
74,1641
76,1600
75,1608
79,1705
70,1478
78,1666
78,1719
71,1495
81,1752
77,1691
77,1675
#### generation 81
76,1636
75,1635
82,1771
82,1778
76,1628
82,1770
76,1631
82,1777
82,1788
74,1606
70,1462
82,1779
74,1604
77,1602
79,1690
81,1734
71,1514
81,1730
72,1525
77,1588
81,1726
77,1620
74,1549
80,1708
78,1677
77,1661
81,1734
69,1423
74,1541
82,1790
80,1691
82,1776
81,1736
80,1695
79,1671
81,1734
75,1591
75,1574
#### generation 82
72,1528
79,1665
82,1769
82,1812
80,1718
82,1804
75,1582
75,1583
76,1616
81,1754
82,1828
81,1748
75,1542
79,1701
80,1725
67,1427
76,1664
82,1780
79,1663
80,1745
77,1668
73,1550
75,1591
81,1780
79,1661
77,1658
77,1649
81,1732
80,1690
72,1532
81,1730
75,1587
73,1534
77,1629
77,1640
73,1528
75,1542
72,1533
81,1730
80,1728
77,1675
80,1737
#### generation 83
80,1732
80,1708
80,1753
78,1685
82,1775
81,1733
78,1691
78,1633
82,1775
74,1565
82,1774
76,1589
80,1740
82,1770
82,1776
82,1771
77,1622
82,1789
81,1763
72,1528
79,1701
82,1806
72,1468
72,1488
78,1670
74,1532
82,1777
81,1782
73,1513
82,1791
73,1541
82,1779
82,1781
73,1566
75,1572
76,1600
79,1681
79,1656
72,1519
78,1685
75,1591
80,1699
82,1790
74,1543
82,1790
80,1785
82,1804
82,1804
82,1804
71,1480
72,1577
75,1595
73,1588
76,1599
74,1512
81,1728
80,1700
75,1569
82,1769
81,1728
77,1647
74,1531
78,1631
76,1615
77,1668
81,1748
73,1518
#### generation 84
78,1654
81,1739
82,1771
74,1557
77,1669
74,1589
82,1769
76,1655
80,1744
81,1733
82,1769
81,1741
81,1783
78,1679
80,1709
79,1707
73,1524
82,1770
79,1724
69,1474
82,1802
77,1652
82,1776
79,1739
73,1595
72,1529
81,1774
73,1583
81,1744
72,1475
80,1712
81,1757
79,1725
79,1675
82,1786
80,1733
78,1697
73,1586
75,1574
69,1396
80,1713
74,1534
79,1746
72,1525
76,1603
78,1679
77,1672
77,1648
81,1772
74,1537
81,1764
81,1759
77,1605
70,1433
82,1777
78,1652
80,1730
82,1777
82,1777
72,1537
76,1630
76,1628
80,1703
77,1635
78,1673
80,1691
82,1781
70,1404
79,1693
79,1713
82,1789
75,1611
78,1660
82,1790
73,1524
72,1491
82,1795
76,1599
78,1662
#### generation 85
82,1769
76,1628
81,1780
82,1767
79,1730
82,1769
75,1614
76,1652
77,1663
77,1586
71,1537
79,1715
72,1510
82,1769
82,1770
75,1658
75,1561
75,1590
79,1696
76,1625
78,1644
82,1771
76,1611
82,1771
80,1724
78,1660
82,1783
82,1798
82,1776
78,1658
82,1775
78,1685
82,1775
82,1776
80,1743
81,1766
74,1513
76,1648
71,1555
80,1685
75,1616
71,1451
82,1777
82,1777
75,1560
73,1527
82,1779
77,1625
82,1780
79,1689
#### generation 86
76,1567
80,1722
82,1767
71,1485
80,1766
81,1740
76,1628
82,1771
75,1604
71,1526
80,1747
82,1773
82,1769
76,1648
72,1544
81,1779
80,1698
76,1615
74,1578
71,1523
80,1705
73,1538
74,1569
79,1728
82,1769
82,1769
82,1770
82,1770
75,1612
79,1700
69,1495
78,1677
74,1612
71,1565
82,1770
81,1783
81,1784
82,1771
82,1771
81,1747
78,1641
77,1720
73,1531
75,1588
77,1594
81,1792
71,1517
78,1684
77,1702
81,1736
79,1701
82,1776
79,1668
77,1674
82,1776
#### generation 87
73,1592
73,1616
73,1605
69,1419
81,1760
71,1492
81,1751
82,1777
80,1718
76,1665
74,1565
78,1673
82,1769
76,1654
74,1573
81,1753
74,1609
71,1510
75,1594
77,1645
80,1737
82,1787
77,1680
80,1726
78,1676
73,1532
79,1726
82,1769
82,1777
76,1620
72,1520
76,1591
78,1677
75,1564
78,1668
81,1772
77,1616
73,1598
81,1728
76,1606
74,1521
82,1769
74,1564
75,1602
72,1544
81,1722
82,1765
73,1536
76,1660
79,1722
74,1586
81,1779
82,1768
76,1606
78,1641
72,1539
75,1609
73,1560
80,1744
73,1487
82,1770
81,1756
81,1738
70,1484
80,1730
81,1773
76,1635
74,1597
78,1631
71,1505
82,1777
71,1498
80,1733
#### generation 88
78,1636
81,1745
79,1658
78,1644
77,1646
80,1727
70,1450
81,1730
81,1733
81,1724
76,1585
75,1635
80,1705
76,1624
76,1602
77,1621
77,1635
80,1720
81,1788
72,1505
77,1623
82,1813
79,1685
80,1742
78,1671
82,1770
80,1726
82,1770
82,1768
74,1571
82,1812
75,1571
75,1611
#### generation 89
76,1616
76,1637
73,1516
77,1609
78,1636
76,1613
80,1718
72,1495
82,1767
82,1767
72,1518
74,1563
80,1705
74,1579
75,1598
74,1580
75,1569
82,1769
82,1769
82,1771
76,1627
80,1709
77,1640
73,1670
80,1705
82,1775
80,1676
69,1420
82,1770
78,1673
69,1466
75,1638
79,1691
81,1779
75,1633
77,1629
81,1746
#### generation 90
78,1669
82,1765
73,1558
80,1691
82,1765
81,1780
77,1633
70,1422
82,1767
82,1767
79,1689
70,1503
74,1548
81,1739
80,1674
82,1769
82,1767
71,1469
82,1769
79,1727
74,1532
73,1581
80,1691
80,1750
77,1645
77,1641
77,1622
79,1690
77,1652
82,1769
72,1490
71,1447
75,1576
83,1826
76,1673
75,1625
80,1742
79,1688
#### generation 91
78,1676
82,1765
77,1639
73,1550
80,1750
72,1474
79,1679
73,1486
79,1722
83,1803
77,1621
73,1541
78,1633
82,1781
77,1633
76,1594
73,1526
73,1560
79,1674
81,1738
76,1628
75,1535
75,1594
77,1662
75,1638
80,1732
76,1583
80,1739
80,1745
78,1659
#### generation 92
70,1505
76,1589
70,1491
78,1625
72,1495
77,1696
78,1669
80,1709
74,1515
77,1641
77,1654
79,1696
75,1625
82,1767
80,1727
80,1729
76,1545
82,1771
81,1779
75,1627
76,1659
72,1557
77,1608
76,1649
76,1628
80,1716
82,1769
75,1627
73,1533
79,1694
79,1680
75,1622
82,1769
82,1769
82,1769
#### generation 93
83,1803
76,1631
82,1816
82,1765
82,1779
78,1700
78,1687
80,1750
77,1646
82,1792
80,1714
77,1619
71,1601
77,1668
81,1783
82,1777
72,1538
72,1474
78,1667
80,1756
82,1768
80,1716
78,1707
73,1571
74,1590
82,1769
72,1520
82,1769
72,1470
79,1720
82,1769
82,1767
77,1638
80,1739
80,1759
73,1537
#### generation 94
78,1660
83,1805
80,1704
82,1812
81,1789
82,1762
80,1750
71,1488
83,1826
83,1826
70,1478
75,1575
81,1736
77,1596
74,1563
80,1722
78,1632
76,1617
80,1703
78,1660
74,1604
73,1569
80,1732
82,1769
82,1760
81,1758
75,1584
81,1742
74,1600
74,1568
82,1764
78,1707
79,1677
76,1612
81,1732
82,1769
78,1622
#### generation 95
77,1643
72,1520
74,1566
68,1394
82,1792
76,1629
80,1705
81,1761
69,1453
77,1684
77,1617
69,1455
70,1504
74,1615
82,1762
82,1764
82,1765
75,1573
78,1696
79,1678
82,1774
82,1767
76,1534
82,1783
80,1712
79,1672
79,1740
79,1701
82,1767
81,1728
74,1592
75,1609
77,1618
74,1607
79,1689
81,1775
72,1527
#### generation 96
82,1769
78,1673
79,1681
83,1801
80,1791
80,1733
83,1811
73,1515
70,1482
69,1459
78,1713
82,1804
83,1809
83,1826
83,1826
82,1760
77,1627
77,1617
79,1696
77,1677
78,1672
80,1734
82,1765
80,1745
82,1775
81,1774
82,1767
80,1752
72,1488
78,1669
76,1644
82,1767
78,1667
70,1449
81,1720
78,1671
77,1605
75,1631
79,1696
#### generation 97
83,1801
77,1656
76,1593
77,1631
83,1805
81,1709
79,1692
73,1546
82,1800
82,1806
81,1722
83,1803
73,1605
67,1399
76,1654
81,1780
77,1659
82,1778
79,1707
79,1693
83,1811
75,1538
81,1724
82,1817
82,1777
83,1830
80,1726
83,1826
78,1719
83,1830
70,1517
78,1719
83,1824
75,1723
69,1480
73,1598
79,1709
72,1458
78,1698
77,1625
82,1764
72,1526
82,1764
77,1659
75,1592
78,1644
79,1676
72,1554
82,1780
75,1631
82,1765
72,1512
82,1767
68,1419
82,1779
82,1806
78,1637
#### generation 98
82,1751
79,1742
83,1801
77,1615
75,1598
82,1804
79,1676
76,1664
76,1593
72,1544
74,1598
83,1803
73,1525
83,1803
72,1504
73,1554
77,1644
73,1619
83,1805
72,1483
81,1797
77,1639
74,1558
76,1612
73,1532
75,1526
79,1736
77,1644
78,1639
75,1564
82,1793
75,1654
79,1695
78,1661
83,1797
78,1693
74,1576
79,1717
71,1557
81,1752
75,1576
82,1790
82,1817
82,1787
75,1658
74,1644
73,1571
74,1614
83,1826
79,1780
75,1592
83,1853
79,1719
83,1826
74,1586
78,1655
82,1789
75,1582
79,1714
83,1836
72,1562
78,1628
76,1648
80,1708
80,1695
81,1745
81,1741
79,1692
73,1553
72,1529
81,1731
#### generation 99
83,1797
77,1618
76,1609
83,1801
72,1490
73,1581
75,1557
82,1775
82,1767
73,1572
82,1816
70,1491
74,1603
83,1821
75,1638
79,1709
82,1767
79,1700
75,1578
77,1652
82,1783
83,1803
81,1784
83,1805
78,1684
76,1603
83,1842
75,1576
83,1805
80,1728
75,1618
81,1797
82,1765
77,1639
72,1463
77,1628
75,1607
82,1807
77,1680
83,1824
75,1603
73,1607
74,1585
78,1655
81,1783
81,1766
80,1718
78,1653
75,1618
81,1770
74,1592
83,1826
77,1638
80,1731
75,1705
83,1826
83,1826
69,1435
80,1716
77,1653
77,1648
77,1641
83,1848
79,1684
77,1666
82,1819
73,1508
82,1800
73,1589
83,1836
81,1765
76,1626
76,1681
79,1691
73,1610
#### generation 100
79,1685
83,1797
75,1578
77,1615
79,1689
71,1467
83,1800
81,1745
74,1568
79,1704
82,1779
74,1628
83,1801
83,1801
82,1755
82,1786
73,1527
82,1775
83,1799
79,1661
79,1686
81,1773
77,1600
83,1803
75,1641
77,1646
75,1621
79,1689
79,1737
80,1702
82,1765
83,1803
77,1618
83,1803
72,1530
76,1639
73,1536
82,1774
74,1596
76,1630
78,1631
81,1789
81,1794
73,1584
79,1686
72,1445
82,1773
71,1514
75,1591
73,1540
71,1450
79,1737
81,1718
81,1759
78,1691
76,1627
78,1658
81,1758
73,1489
83,1811
79,1692
80,1758
80,1752
82,1772
83,1836
83,1826
82,1789
74,1555
78,1681
80,1758
81,1761
#### generation 101
77,1668
83,1797
76,1575
80,1723
74,1519
76,1566
76,1605
80,1736
76,1629
80,1711
74,1577
73,1502
84,1845
73,1505
80,1725
83,1801
71,1515
77,1618
82,1739
78,1658
81,1784
82,1764
75,1627
78,1647
73,1495
83,1801
74,1599
75,1585
82,1779
79,1697
67,1367
83,1803
72,1541
75,1567
79,1670
79,1724
74,1573
83,1805
79,1733
80,1733
82,1767
75,1628
76,1638
83,1803
81,1794
82,1753
81,1777
78,1695
73,1524
83,1803
76,1661
75,1567
71,1534
82,1756
82,1761
72,1492
78,1692
82,1764
79,1695
78,1653
77,1657
79,1674
83,1805
78,1681
72,1502
74,1607
83,1805
83,1811
76,1599
76,1570
82,1764
83,1821
#### generation 102
72,1511
83,1792
83,1797
72,1483
79,1698
73,1567
83,1801
78,1660
80,1717
79,1718
81,1732
75,1585
73,1567
77,1618
76,1619
82,1808
78,1652
75,1601
83,1803
72,1556
73,1564
77,1659
83,1813
82,1764
82,1751
72,1501
83,1803
71,1443
80,1687
77,1663
72,1512
#### generation 103
81,1783
82,1780
80,1726
83,1826
79,1701
74,1562
78,1674
80,1717
80,1730
78,1684
73,1521
76,1641
70,1497
83,1795
73,1607
70,1494
81,1782
80,1734
70,1398
77,1641
83,1803
78,1657
83,1803
71,1484
75,1589
74,1638
79,1672
78,1679
81,1752
75,1615
80,1764
82,1769
80,1706
#### generation 104
84,1861
77,1654
72,1470
83,1795
81,1745
79,1659
75,1534
75,1542
79,1673
76,1587
71,1485
77,1610
83,1795
73,1528
80,1716
74,1595
77,1662
79,1694
71,1504
75,1557
83,1805
76,1644
76,1623
80,1729
81,1766
75,1567
69,1409
83,1803
73,1500
70,1442
69,1475
#### generation 105
84,1845
80,1747
82,1797
67,1400
74,1594
82,1835
78,1648
84,1867
73,1454
79,1701
82,1816
73,1590
76,1624
83,1795
83,1797
77,1625
76,1654
82,1807
76,1572
83,1801
72,1492
82,1769
80,1698
81,1769
81,1776
78,1644
81,1757
83,1801
82,1769
78,1660
70,1468
81,1750
77,1624
80,1736
83,1803
82,1771
#### generation 106
83,1804
84,1835
83,1799
76,1666
75,1607
80,1696
75,1524
78,1703
82,1823
84,1867
75,1575
75,1591
79,1672
82,1800
73,1550
67,1341
72,1516
77,1643
79,1696
79,1642
83,1797
78,1681
82,1756
83,1791
74,1645
79,1701
73,1562
81,1775
82,1800
83,1801
80,1731
68,1393
83,1801
80,1701
81,1751
81,1774
77,1665
83,1801
76,1620
83,1803
#### generation 107
82,1802
81,1733
79,1713
83,1863
84,1845
75,1608
74,1572
83,1808
78,1663
75,1502
80,1709
82,1811
75,1646
70,1496
71,1452
84,1867
79,1754
83,1791
78,1661
74,1549
83,1803
78,1652
83,1795
74,1591
75,1589
79,1692
79,1681
76,1564
78,1657
76,1630
83,1799
80,1769
83,1800
75,1593
81,1763
83,1801
76,1585
77,1610
83,1801
72,1516
82,1826
#### generation 108
83,1863
78,1694
84,1845
70,1459
81,1783
84,1841
74,1553
82,1837
84,1867
84,1867
77,1698
84,1867
81,1737
84,1851
75,1535
78,1725
74,1563
84,1867
76,1643
75,1531
74,1527
83,1795
82,1786
79,1667
74,1510
81,1738
74,1516
77,1618
70,1442
71,1421
82,1761
75,1564
83,1813
76,1644
75,1531
83,1799
78,1628
72,1515
76,1558
78,1687
#### generation 109
78,1692
73,1574
84,1835
84,1835
82,1782
70,1493
79,1663
82,1781
82,1805
72,1522
80,1749
81,1736
79,1679
79,1681
76,1670
79,1717
75,1608
84,1845
74,1624
84,1845
83,1834
84,1845
80,1734
75,1595
84,1890
83,1806
84,1855
82,1835
82,1822
79,1679
82,1803
84,1861
84,1867
75,1588
79,1698
84,1867
83,1813
82,1769
82,1825
77,1620
78,1653
84,1857
76,1609
80,1707
79,1669
72,1513
76,1594
80,1737
79,1704
78,1640
81,1752
74,1559
80,1739
83,1795
82,1770
74,1510
71,1477
76,1582
79,1693
80,1760
#### generation 110
84,1835
84,1835
81,1772
75,1608
77,1605
70,1442
82,1784
81,1713
80,1731
84,1845
74,1608
84,1845
84,1845
81,1773
81,1738
79,1701
84,1882
79,1647
78,1635
71,1445
74,1596
72,1484
84,1857
83,1802
83,1801
82,1826
78,1646
83,1817
70,1386
84,1857
76,1624
69,1381
77,1613
81,1731
73,1594
73,1528
84,1871
78,1716
73,1458
79,1696
71,1490
79,1677
84,1867
83,1846
78,1632
83,1813
84,1857
80,1752
83,1809
77,1658
72,1422
83,1813
83,1850
84,1867
83,1827
75,1522
78,1661
77,1628
79,1672
72,1503
75,1667
84,1865
73,1604
78,1662
83,1813
84,1894
78,1699
78,1642
83,1791
79,1704
73,1534
#### generation 111
75,1565
74,1563
80,1714
76,1689
79,1688
76,1596
82,1792
83,1797
76,1700
75,1579
79,1696
81,1777
83,1806
80,1719
77,1637
84,1831
80,1721
78,1668
80,1704
75,1596
73,1524
73,1463
82,1766
82,1761
80,1722
77,1618
83,1791
82,1778
80,1696
72,1449
82,1778
81,1782
84,1845
84,1845
78,1681
75,1573
77,1660
72,1563
70,1485
81,1748
83,1802
83,1806
78,1620
81,1782
78,1696
70,1429
80,1704
82,1800
77,1654
84,1865
69,1499
72,1475
84,1867
79,1691
82,1827
#### generation 112
84,1831
80,1703
66,1345
84,1835
81,1738
84,1835
82,1795
80,1760
70,1431
80,1736
78,1633
84,1835
80,1725
82,1828
82,1785
80,1736
70,1408
75,1599
83,1797
75,1529
73,1584
75,1619
76,1618
74,1574
78,1678
77,1626
71,1456
77,1692
79,1690
79,1677
82,1802
83,1791
77,1670
76,1603
73,1540
83,1806
77,1662
78,1648
74,1595
77,1641
84,1845
77,1609
83,1834
83,1807
79,1755
72,1506
77,1634
81,1740
79,1683
73,1500
82,1824
80,1752
70,1415
80,1797
83,1861
78,1715
83,1851
81,1762
79,1696
82,1811
81,1786
84,1861
#### generation 113
84,1839
81,1759
68,1387
79,1696
77,1599
71,1517
79,1707
80,1744
81,1761
77,1620
78,1650
83,1803
77,1621
81,1742
84,1835
75,1608
76,1591
73,1544
72,1450
84,1829
83,1809
71,1470
75,1602
78,1651
82,1745
79,1662
84,1845
81,1765
82,1787
84,1849
75,1596
79,1689
68,1379
73,1541
75,1607
83,1862
74,1520
84,1845
84,1845
81,1756
82,1821
82,1821
83,1804
84,1845
81,1756
83,1819
84,1845
80,1731
84,1869
78,1675
82,1825
79,1699
84,1857
68,1498
#### generation 114
80,1736
74,1510
78,1647
84,1827
83,1830
71,1456
68,1348
82,1789
83,1796
83,1809
77,1683
80,1705
82,1810
80,1725
75,1572
82,1787
73,1517
83,1803
76,1603
71,1535
80,1741
81,1788
81,1765
76,1641
79,1721
81,1733
84,1843
81,1756
69,1520
84,1835
84,1851
84,1843
84,1841
83,1849
83,1809
81,1751
73,1552
84,1845
82,1745
74,1542
81,1746
77,1657
79,1693
70,1466
83,1799
84,1845
73,1569
73,1528
79,1716
#### generation 115
83,1790
84,1827
84,1825
70,1396
84,1829
84,1829
83,1784
82,1781
74,1530
79,1653
82,1802
77,1599
84,1835
81,1767
84,1835
70,1400
84,1845
77,1621
75,1569
72,1526
84,1837
80,1733
80,1731
72,1571
84,1824
82,1784
72,1510
77,1640
74,1597
83,1799
84,1838
84,1835
77,1647
74,1598
84,1841
77,1654
80,1714
81,1754
72,1512
78,1662
81,1771
84,1847
82,1751
82,1799
84,1831
84,1845
74,1575
77,1646
79,1673
#### generation 116
81,1728
82,1771
76,1566
79,1672
81,1762
77,1608
77,1639
71,1426
77,1648
74,1555
84,1831
70,1423
73,1559
72,1537
84,1831
84,1831
81,1760
81,1742
81,1768
79,1685
82,1785
84,1831
73,1601
71,1464
82,1777
84,1841
83,1807
82,1778
84,1835
77,1653
84,1835
84,1835
84,1837
81,1811
75,1573
77,1624
75,1550
72,1504
81,1756
84,1837
77,1686
79,1701
76,1705
79,1700
79,1718
78,1671
75,1529
78,1688
79,1728
#### generation 117
80,1698
80,1721
84,1824
72,1550
84,1829
75,1580
82,1779
74,1576
77,1622
67,1355
79,1685
74,1533
77,1607
77,1610
84,1831
81,1748
84,1837
81,1745
83,1807
72,1513
83,1792
84,1835
82,1785
83,1802
75,1573
77,1623
80,1733
67,1381
78,1689
81,1774
79,1732
84,1833
81,1765
84,1835
#### generation 118
84,1824
75,1591
80,1726
75,1569
80,1755
83,1821
83,1789
75,1578
77,1668
72,1481
69,1383
71,1439
72,1481
82,1735
84,1823
74,1572
75,1547
82,1794
84,1837
70,1448
81,1798
84,1829
84,1833
83,1811
75,1582
84,1831
74,1501
83,1803
74,1581
74,1594
75,1598
82,1778
83,1778
77,1694
74,1539
82,1812
84,1835
70,1431
74,1533
81,1771
74,1582
83,1854
84,1841
71,1434
83,1838
81,1776
#### generation 119
