69,1390	1
63,1271	1
71,1442	1
66,1376	1
67,1414	1
69,1413	1
71,1442	1
66,1401	1
71,1455	1
61,1281	1
70,1408	1
68,1405	1
72,1453	1
65,1367	1
69,1454	1
65,1406	1
70,1426	1
70,1438	1
70,1389	1
68,1403	1
61,1297	1
66,1408	1
69,1437	1
69,1414	1
72,1469	1
63,1257	1
64,1348	1
69,1416	1
61,1238	1
72,1453	1
71,1429	1
72,1453	1
69,1407	1
72,1453	1
72,1453	1
72,1469	1
72,1471	1
68,1358	1
67,1314	1
64,1352	1
72,1456	1
65,1343	1
71,1442	1
68,1407	1
67,1470	1
68,1391	1
71,1453	1
69,1423	1
65,1403	1
70,1468	1
70,1460	1
71,1467	1
63,1343	1
70,1389	1
63,1341	1
73,1490	1
67,1404	1
68,1417	1
73,1490	1
65,1367	1
73,1490	1
68,1411	1
72,1477	1
70,1437	1
72,1477	1
72,1466	1
73,1490	1
71,1488	1
69,1401	1
73,1490	1
69,1423	1
63,1349	1
70,1492	1
73,1490	1
64,1292	1
72,1470	1
72,1475	1
66,1276	1
69,1439	1
72,1490	1
71,1445	1
62,1323	1
73,1488	1
73,1497	1
68,1373	1
73,1490	1
70,1450	1
72,1455	1
63,1301	1
70,1506	1
73,1490	1
71,1440	1
62,1287	1
73,1490	1
72,1455	1
65,1394	1
73,1490	1
71,1427	1
70,1452	1
61,1348	1
73,1490	1
72,1477	1
73,1490	1
66,1371	1
73,1498	1
72,1466	1
68,1407	1
68,1474	1
66,1287	1
69,1401	1
67,1405	1
69,1417	1
73,1490	1
73,1490	1
70,1394	1
73,1510	1
72,1477	1
72,1501	1
73,1490	1
69,1439	1
66,1357	1
73,1492	1
69,1357	1
72,1498	1
61,1226	1
72,1465	1
73,1490	1
66,1351	1
67,1401	1
73,1490	1
62,1283	1
67,1397	1
71,1443	1
73,1490	1
69,1402	1
71,1464	1
73,1486	1
71,1452	1
71,1428	1
72,1477	1
72,1460	1
73,1490	1
73,1490	1
65,1268	1
66,1449	1
71,1568	1
72,1502	1
66,1381	1
69,1491	1
71,1416	1
68,1382	1
71,1467	1
73,1492	1
71,1524	1
73,1490	1
67,1399	1
68,1404	1
71,1433	1
73,1490	1
66,1440	1
69,1351	1
73,1490	1
69,1477	1
66,1385	1
71,1451	1
73,1490	1
73,1488	1
65,1357	1
67,1433	1
69,1437	1
73,1490	1
70,1453	1
73,1490	1
68,1445	1
71,1518	1
72,1453	1
70,1430	1
73,1498	1
70,1436	1
66,1396	1
66,1358	1
71,1439	1
71,1486	1
66,1281	1
73,1490	1
71,1465	1
63,1322	1
67,1427	1
69,1411	1
72,1471	1
67,1348	1
63,1248	1
73,1490	1
73,1495	1
65,1394	1
70,1412	1
62,1285	1
70,1446	1
73,1490	1
68,1406	1
66,1383	1
69,1478	1
69,1357	1
71,1459	1
73,1490	1
69,1381	1
71,1438	1
67,1385	1
73,1490	1
72,1445	1
61,1260	1
68,1441	1
65,1341	1
61,1276	1
73,1481	1
73,1490	1
72,1460	1
69,1426	1
68,1377	1
71,1481	1
73,1481	1
65,1327	1
60,1296	1
70,1423	1
70,1454	1
61,1203	1
70,1438	1
68,1396	1
70,1458	1
73,1490	1
73,1490	1
73,1490	1
73,1490	1
65,1409	1
66,1388	1
68,1415	1
69,1415	1
68,1415	1
72,1461	1
66,1452	1
73,1492	1
73,1490	1
63,1255	1
64,1337	1
72,1479	1
73,1490	1
67,1417	1
72,1477	1
72,1459	1
66,1391	1
67,1367	1
73,1513	1
67,1439	1
72,1452	1
69,1428	1
73,1490	1
64,1310	1
68,1395	1
69,1402	1
69,1395	1
70,1412	1
68,1432	1
72,1463	1
69,1398	1
67,1343	1
72,1479	1
74,1532	1
72,1509	1
73,1497	1
71,1476	1
72,1456	1
64,1353	1
72,1467	1
66,1380	1
62,1260	1
74,1532	1
72,1484	1
68,1402	1
74,1532	1
64,1305	1
64,1326	1
73,1503	1
74,1532	1
74,1532	1
72,1475	1
74,1532	1
70,1427	1
67,1351	1
72,1461	1
69,1419	1
66,1360	1
67,1408	1
73,1499	1
71,1481	1
67,1435	1
64,1307	1
74,1532	1
66,1311	1
66,1292	1
73,1510	1
74,1532	1
68,1386	1
73,1531	1
72,1513	1
65,1336	1
71,1434	1
68,1461	1
74,1532	1
63,1388	1
67,1404	1
65,1338	1
66,1388	1
72,1492	1
74,1532	1
68,1454	1
72,1478	1
67,1433	1
74,1532	1
74,1534	1
74,1532	1
67,1374	1
68,1403	1
74,1530	1
71,1453	1
71,1517	1
67,1366	1
70,1426	1
71,1447	1
71,1484	1
65,1308	1
74,1532	1
71,1477	1
73,1572	1
72,1467	1
72,1477	1
69,1380	1
64,1247	1
74,1532	1
64,1330	1
60,1246	1
73,1490	1
74,1543	1
67,1363	1
71,1482	1
73,1495	1
72,1465	1
71,1471	1
71,1517	1
72,1461	1
74,1532	1
70,1402	1
74,1532	1
65,1338	1
70,1434	1
74,1532	1
66,1313	1
67,1413	1
74,1532	1
67,1460	1
67,1413	1
74,1532	1
70,1386	1
70,1378	1
66,1373	1
70,1451	1
70,1454	1
73,1516	1
71,1528	1
74,1530	1
72,1489	1
71,1447	1
74,1542	1
66,1382	1
71,1463	1
73,1505	1
65,1416	1
72,1539	1
74,1532	1
71,1430	1
72,1494	1
73,1507	1
74,1532	1
67,1341	1
74,1539	1
71,1443	1
73,1495	1
70,1514	1
74,1541	1
69,1519	1
70,1403	1
74,1563	1
74,1532	1
65,1381	1
74,1532	1
74,1538	1
73,1516	1
66,1350	1
72,1476	1
71,1439	1
69,1442	1
69,1459	1
73,1501	1
73,1487	1
65,1282	1
68,1439	1
68,1383	1
74,1523	1
66,1348	1
68,1427	1
73,1497	1
68,1383	1
70,1451	1
71,1467	1
67,1529	1
72,1498	1
74,1532	1
72,1529	1
58,1184	1
69,1388	1
64,1374	1
68,1423	1
70,1390	1
74,1532	1
67,1330	1
69,1430	1
67,1397	1
69,1457	1
71,1505	1
70,1470	1
72,1478	1
66,1398	1
70,1464	1
74,1532	1
70,1449	1
71,1513	1
73,1521	1
69,1439	1
74,1532	1
62,1252	1
71,1432	1
73,1498	1
67,1429	1
74,1532	1
62,1281	1
74,1533	1
63,1322	1
68,1386	1
74,1532	1
71,1496	1
66,1413	1
68,1384	1
68,1405	1
74,1532	1
73,1495	1
68,1311	1
74,1532	1
67,1355	1
73,1508	1
72,1481	1
70,1459	1
74,1532	1
74,1532	1
73,1535	1
74,1538	1
74,1532	1
71,1506	1
74,1532	1
71,1458	1
68,1394	1
74,1532	1
71,1468	1
73,1505	1
71,1473	1
67,1396	1
64,1328	1
69,1435	1
67,1381	1
67,1429	1
68,1403	1
66,1361	1
69,1452	1
69,1463	1
74,1532	1
69,1393	1
74,1532	1
73,1498	1
69,1460	1
72,1482	1
67,1393	1
70,1495	1
74,1532	1
74,1532	1
73,1531	1
69,1401	1
66,1371	1
68,1438	1
74,1540	1
69,1473	1
74,1532	1
72,1478	1
74,1532	1
74,1532	1
74,1532	1
71,1496	1
70,1471	1
73,1495	1
72,1464	1
66,1404	1
70,1415	1
74,1532	1
74,1532	1
68,1394	1
65,1305	1
66,1415	1
73,1540	1
70,1437	1
73,1505	1
71,1465	1
73,1560	1
71,1462	1
69,1429	1
74,1536	1
70,1512	1
73,1513	1
70,1451	1
73,1512	1
72,1509	1
74,1532	1
71,1504	1
74,1532	1
74,1530	1
64,1258	1
68,1441	1
70,1464	1
69,1378	1
71,1481	1
73,1554	1
68,1354	1
74,1541	1
73,1500	1
71,1497	1
73,1511	1
74,1532	1
72,1499	1
67,1408	1
74,1532	1
74,1532	1
71,1482	1
74,1532	1
63,1266	1
71,1443	1
72,1540	1
74,1532	1
71,1496	1
72,1456	1
67,1357	1
74,1532	1
74,1532	1
66,1371	1
73,1516	1
59,1271	1
67,1448	1
71,1478	1
72,1518	1
71,1441	1
74,1532	1
69,1428	1
72,1509	1
69,1431	1
71,1447	1
71,1435	1
68,1427	1
70,1435	1
74,1532	1
67,1394	1
71,1517	1
68,1433	1
69,1429	1
68,1434	1
73,1510	1
72,1487	1
72,1483	1
73,1531	1
74,1539	1
71,1443	1
66,1311	1
74,1532	1
67,1388	1
74,1532	1
68,1407	1
74,1532	1
67,1421	1
70,1469	1
64,1305	1
70,1399	1
74,1534	1
74,1532	1
70,1442	1
69,1428	1
72,1468	1
70,1397	1
73,1507	1
64,1388	1
68,1370	1
72,1480	1
71,1438	1
73,1519	1
74,1532	1
74,1532	1
74,1536	1
74,1532	1
72,1456	1
74,1532	1
71,1505	1
73,1497	1
74,1532	1
74,1532	1
69,1392	1
68,1383	1
74,1532	1
65,1349	1
72,1484	1
70,1485	1
73,1501	1
63,1379	1
70,1463	1
68,1406	1
72,1460	1
74,1532	1
61,1231	1
74,1532	1
67,1429	1
74,1532	1
70,1469	1
68,1434	1
74,1532	1
70,1428	1
71,1453	1
65,1324	1
67,1361	1
74,1541	1
70,1456	1
70,1485	1
73,1528	1
70,1489	1
73,1507	1
68,1442	1
73,1499	1
73,1524	1
74,1532	1
74,1532	1
67,1361	1
73,1507	1
72,1488	1
59,1271	1
64,1274	1
74,1532	1
74,1532	1
74,1532	1
74,1536	1
72,1509	1
69,1428	1
73,1501	1
64,1353	1
70,1465	1
73,1513	1
71,1477	1
69,1392	1
70,1390	1
74,1532	1
73,1531	1
72,1489	1
71,1474	1
72,1508	1
74,1532	1
65,1377	1
68,1405	1
74,1532	1
67,1410	1
74,1536	1
74,1532	1
73,1497	1
67,1357	1
66,1422	1
67,1370	1
75,1531	1
74,1515	1
75,1531	1
75,1534	1
70,1429	1
75,1551	1
72,1457	1
75,1531	1
74,1488	1
68,1411	1
75,1531	1
72,1495	1
74,1501	1
74,1496	1
75,1531	1
75,1522	1
71,1445	1
75,1531	1
75,1531	1
71,1483	1
69,1381	1
72,1516	1
64,1321	1
75,1531	1
69,1407	1
75,1531	1
74,1502	1
75,1531	1
70,1422	1
69,1365	1
70,1409	1
73,1485	1
75,1531	1
73,1449	1
71,1423	1
73,1447	1
65,1345	1
65,1331	1
75,1535	1
74,1500	1
71,1428	1
72,1460	1
74,1513	1
75,1561	1
75,1531	1
71,1414	1
67,1327	1
75,1531	1
72,1484	1
74,1480	1
67,1399	1
61,1289	1
72,1454	1
72,1452	1
70,1503	1
65,1374	1
65,1332	1
68,1373	1
72,1475	1
66,1350	1
64,1354	1
72,1495	1
71,1424	1
75,1533	1
65,1355	1
72,1468	1
74,1490	1
68,1411	1
75,1561	1
74,1494	1
75,1531	1
70,1546	1
75,1548	1
72,1514	1
75,1533	1
72,1470	1
69,1389	1
71,1427	1
67,1399	1
69,1389	1
74,1504	1
75,1531	1
64,1320	1
68,1364	1
72,1490	1
68,1406	1
65,1383	1
70,1445	1
71,1454	1
73,1476	1
72,1453	1
71,1514	1
73,1518	1
69,1419	1
75,1531	1
72,1455	1
67,1400	1
75,1531	1
70,1393	1
67,1333	1
75,1535	1
72,1455	1
66,1326	1
73,1490	1
70,1481	1
69,1450	1
71,1418	1
74,1502	1
67,1489	1
74,1497	1
59,1278	1
70,1456	1
64,1309	1
73,1493	1
71,1432	1
62,1332	1
75,1531	1
71,1427	1
75,1531	1
75,1533	1
70,1441	1
70,1510	1
73,1495	1
65,1362	1
72,1469	1
68,1357	1
72,1459	1
72,1453	1
71,1422	1
72,1461	1
68,1326	1
75,1531	1
69,1432	1
71,1500	1
67,1426	1
75,1544	1
67,1362	1
66,1352	1
62,1268	1
72,1447	1
67,1453	1
67,1400	1
72,1437	1
62,1273	1
74,1524	1
72,1443	1
68,1369	1
68,1389	1
72,1515	1
73,1471	1
71,1494	1
75,1535	1
71,1513	1
67,1382	1
67,1376	1
75,1525	1
75,1531	1
70,1447	1
75,1531	1
71,1497	1
70,1432	1
75,1531	1
72,1456	1
74,1517	1
75,1531	1
73,1485	1
69,1383	1
68,1426	1
74,1510	1
71,1447	1
74,1520	1
75,1531	1
75,1521	1
70,1483	1
74,1501	1
75,1563	1
72,1435	1
75,1531	1
70,1391	1
75,1531	1
71,1442	1
75,1531	1
75,1531	1
72,1484	1
62,1295	1
72,1453	1
70,1448	1
73,1554	1
66,1349	1
71,1398	1
73,1493	1
75,1535	1
72,1458	1
69,1452	1
75,1531	1
74,1518	1
68,1357	1
74,1496	1
70,1412	1
69,1449	1
64,1295	1
72,1514	1
73,1522	1
75,1551	1
73,1555	1
62,1273	1
73,1461	1
75,1531	1
75,1531	1
71,1457	1
74,1530	1
75,1531	1
74,1530	1
74,1501	1
72,1514	1
75,1531	1
71,1446	1
71,1391	1
73,1495	1
75,1531	1
75,1531	1
69,1412	1
75,1531	1
71,1425	1
73,1493	1
75,1531	1
75,1579	1
74,1496	1
75,1531	1
75,1531	1
65,1354	1
74,1515	1
75,1531	1
75,1531	1
70,1419	1
75,1531	1
73,1490	1
70,1400	1
75,1525	1
75,1531	1
75,1531	1
70,1454	1
67,1334	1
75,1531	1
74,1502	1
72,1471	1
71,1517	1
70,1390	1
74,1508	1
67,1416	1
75,1533	1
71,1430	1
67,1385	1
75,1531	1
75,1531	1
71,1446	1
73,1485	1
74,1501	1
75,1537	1
74,1504	1
71,1468	1
75,1531	1
69,1428	1
70,1445	1
72,1462	1
75,1531	1
73,1515	1
75,1575	1
75,1531	1
72,1462	1
72,1509	1
75,1531	1
75,1531	1
74,1524	1
74,1515	1
70,1433	1
70,1381	1
75,1531	1
75,1531	1
71,1439	1
69,1418	1
69,1416	1
75,1531	1
75,1531	1
75,1531	1
69,1429	1
64,1453	1
72,1514	1
72,1443	1
74,1502	1
67,1377	1
75,1531	1
74,1496	1
61,1293	1
75,1531	1
74,1543	1
75,1531	1
68,1424	1
70,1428	1
75,1531	1
71,1507	1
71,1459	1
75,1531	1
75,1551	1
66,1371	1
74,1505	1
74,1496	1
75,1535	1
69,1431	1
73,1512	1
75,1531	1
74,1496	1
70,1436	1
68,1396	1
72,1475	1
70,1468	1
64,1383	1
75,1531	1
75,1531	1
71,1480	1
71,1447	1
72,1469	1
67,1438	1
72,1446	1
73,1461	1
70,1395	1
71,1481	1
72,1452	1
71,1418	1
75,1531	1
66,1419	1
64,1360	1
69,1465	1
75,1531	1
68,1411	1
75,1531	1
75,1531	1
75,1535	1
67,1322	1
72,1514	1
71,1458	1
61,1293	1
75,1531	1
75,1531	1
71,1489	1
62,1186	1
74,1530	1
72,1439	1
58,1226	1
67,1368	1
75,1531	1
74,1541	1
67,1341	1
74,1515	1
68,1465	1
67,1397	1
70,1455	1
75,1531	1
71,1430	1
72,1443	1
75,1531	1
74,1508	1
73,1457	1
73,1485	1
70,1397	1
74,1508	1
73,1510	1
75,1531	1
74,1499	1
71,1479	1
63,1250	1
63,1367	1
65,1340	1
75,1531	1
66,1357	1
75,1531	1
72,1485	1
71,1433	1
75,1531	1
63,1302	1
73,1490	1
73,1489	1
64,1375	1
73,1515	1
75,1531	1
61,1284	1
73,1472	1
71,1471	1
71,1461	1
73,1519	1
75,1531	1
74,1543	1
68,1427	1
75,1531	1
66,1307	1
70,1444	1
73,1461	1
75,1531	1
67,1386	1
64,1253	1
71,1444	1
70,1428	1
73,1453	1
75,1531	1
66,1425	1
75,1531	1
71,1391	1
74,1509	1
75,1538	1
71,1423	1
67,1400	1
70,1415	1
65,1368	1
65,1370	1
72,1421	1
75,1531	1
74,1496	1
75,1531	1
75,1531	1
72,1486	1
75,1531	1
70,1451	1
70,1379	1
74,1531	1
65,1355	1
74,1506	1
75,1531	1
73,1486	1
74,1530	1
70,1440	1
75,1531	1
73,1466	1
72,1454	1
65,1362	1
68,1384	1
71,1417	1
74,1545	1
70,1408	1
74,1530	1
67,1392	1
75,1531	1
69,1456	1
75,1531	1
69,1443	1
69,1431	1
74,1523	1
75,1531	1
70,1441	1
70,1465	1
68,1400	1
67,1393	1
72,1478	1
69,1449	1
75,1531	1
75,1531	1
75,1543	1
73,1466	1
71,1440	1
72,1485	1
74,1520	1
63,1253	1
74,1501	1
75,1531	1
65,1347	1
68,1375	1
68,1477	1
72,1471	1
69,1434	1
75,1551	1
75,1531	1
68,1353	1
72,1441	1
74,1501	1
74,1543	1
73,1500	1
70,1419	1
72,1466	1
75,1531	1
73,1510	1
73,1472	1
64,1302	1
74,1501	1
74,1523	1
70,1407	1
66,1378	1
74,1515	1
71,1418	1
68,1377	1
73,1494	1
75,1535	1
65,1331	1
69,1444	1
72,1501	1
70,1419	1
72,1473	1
74,1493	1
73,1495	1
74,1553	1
66,1312	1
72,1527	1
75,1531	1
73,1501	1
74,1506	1
73,1455	1
72,1508	1
68,1357	1
68,1423	1
70,1476	1
67,1382	1
71,1492	1
74,1485	1
72,1439	1
69,1517	1
74,1492	1
75,1531	1
75,1531	1
67,1382	1
73,1510	1
72,1463	1
75,1531	1
75,1547	1
74,1494	1
74,1494	1
65,1383	1
75,1535	1
74,1523	1
68,1415	1
75,1531	1
70,1444	1
68,1399	1
68,1456	1
75,1531	1
73,1472	1
75,1531	1
67,1382	1
75,1531	1
68,1422	1
65,1267	1
75,1531	1
75,1531	1
75,1531	1
67,1415	1
72,1422	1
61,1254	1
71,1491	1
68,1419	1
73,1497	1
67,1384	1
73,1510	1
74,1496	1
71,1535	1
73,1486	1
69,1388	1
73,1483	1
70,1422	1
71,1519	1
67,1332	1
71,1467	1
75,1531	1
73,1497	1
75,1535	1
70,1438	1
67,1404	1
66,1361	1
70,1396	1
71,1440	1
72,1462	1
73,1486	1
71,1396	1
62,1317	1
73,1493	1
75,1531	1
74,1524	1
75,1531	1
66,1357	1
75,1531	1
63,1332	1
73,1476	1
68,1423	1
72,1462	1
66,1321	1
73,1474	1
73,1510	1
75,1531	1
69,1453	1
67,1459	1
75,1531	1
73,1466	1
69,1426	1
68,1414	1
73,1485	1
73,1454	1
73,1496	1
73,1509	1
67,1430	1
75,1531	1
72,1442	1
72,1472	1
75,1531	1
75,1531	1
68,1411	1
73,1485	1
74,1507	1
76,1577	1
76,1582	1
73,1514	1
73,1478	1
75,1542	1
71,1461	1
65,1369	1
75,1535	1
76,1577	1
71,1471	1
75,1538	1
69,1450	1
72,1445	1
70,1431	1
66,1373	1
67,1390	1
71,1452	1
65,1356	1
70,1441	1
62,1300	1
69,1419	1
75,1552	1
71,1459	1
70,1438	1
69,1484	1
73,1480	1
67,1480	1
76,1577	1
75,1548	1
73,1525	1
75,1589	1
69,1466	1
65,1366	1
75,1551	1
68,1480	1
74,1526	1
69,1508	1
73,1495	1
69,1412	1
64,1287	1
76,1579	1
65,1421	1
75,1576	1
62,1338	1
75,1547	1
74,1539	1
72,1513	1
76,1577	1
70,1475	1
76,1577	1
76,1589	1
76,1577	1
77,1590	1
77,1590	1
74,1568	1
76,1579	1
77,1590	1
71,1460	1
65,1330	1
69,1424	1
76,1571	1
76,1553	1
77,1590	1
77,1602	1
67,1396	1
74,1525	1
76,1585	1
75,1540	1
71,1479	1
73,1492	1
74,1533	1
68,1394	1
77,1590	1
72,1452	1
66,1472	1
76,1553	1
67,1372	1
73,1476	1
74,1537	1
75,1512	1
74,1503	1
77,1590	1
59,1344	1
73,1486	1
77,1590	1
71,1494	1
70,1469	1
77,1590	1
70,1434	1
70,1386	1
73,1538	1
71,1537	1
77,1590	1
76,1579	1
77,1606	1
74,1533	1
70,1418	1
71,1474	1
77,1590	1
67,1417	1
68,1385	1
66,1397	1
77,1590	1
77,1590	1
69,1457	1
73,1500	1
76,1566	1
72,1517	1
66,1355	1
67,1434	1
74,1518	1
76,1566	1
69,1378	1
70,1416	1
77,1606	1
77,1590	1
68,1447	1
74,1500	1
69,1390	1
73,1506	1
75,1507	1
65,1327	1
75,1544	1
72,1463	1
63,1338	1
73,1493	1
63,1309	1
69,1440	1
76,1562	1
73,1499	1
72,1507	1
69,1392	1
68,1435	1
70,1387	1
69,1386	1
73,1494	1
76,1565	1
71,1424	1
76,1582	1
70,1431	1
64,1359	1
71,1444	1
74,1516	1
77,1592	1
71,1474	1
72,1566	1
69,1432	1
74,1552	1
75,1499	1
77,1590	1
74,1503	1
73,1530	1
71,1485	1
75,1523	1
77,1584	1
77,1590	1
69,1450	1
77,1590	1
66,1393	1
76,1573	1
77,1590	1
76,1557	1
69,1391	1
77,1590	1
73,1506	1
70,1451	1
66,1394	1
76,1555	1
76,1560	1
74,1527	1
66,1295	1
77,1590	1
76,1555	1
67,1351	1
77,1590	1
76,1565	1
77,1590	1
77,1590	1
74,1537	1
75,1512	1
77,1590	1
67,1422	1
69,1426	1
77,1590	1
69,1481	1
70,1423	1
77,1604	1
75,1532	1
76,1574	1
73,1518	1
65,1481	1
65,1345	1
77,1590	1
64,1346	1
70,1507	1
64,1338	1
72,1451	1
69,1421	1
66,1329	1
77,1590	1
75,1544	1
74,1503	1
70,1475	1
74,1503	1
76,1579	1
63,1338	1
66,1381	1
77,1590	1
76,1602	1
74,1552	1
75,1545	1
77,1590	1
66,1448	1
67,1368	1
73,1493	1
64,1345	1
71,1460	1
73,1477	1
73,1535	1
62,1321	1
72,1514	1
77,1590	1
73,1460	1
72,1488	1
77,1590	1
66,1366	1
74,1560	1
76,1562	1
68,1425	1
75,1512	1
77,1590	1
66,1359	1
70,1474	1
77,1590	1
75,1536	1
73,1522	1
76,1570	1
75,1525	1
67,1373	1
72,1493	1
69,1466	1
75,1515	1
69,1396	1
70,1496	1
70,1498	1
72,1507	1
72,1471	1
64,1314	1
74,1542	1
74,1556	1
65,1311	1
63,1324	1
65,1324	1
77,1590	1
76,1553	1
73,1537	1
70,1470	1
77,1590	1
76,1576	1
66,1441	1
77,1590	1
76,1560	1
67,1399	1
76,1602	1
71,1476	1
74,1559	1
71,1457	1
70,1475	1
75,1512	1
72,1461	1
77,1590	1
71,1460	1
70,1421	1
76,1569	1
77,1590	1
75,1544	1
70,1476	1
67,1462	1
69,1452	1
76,1569	1
67,1385	1
72,1495	1
75,1542	1
75,1512	1
67,1437	1
72,1488	1
74,1504	1
74,1552	1
77,1590	1
75,1539	1
75,1534	1
76,1589	1
70,1378	1
72,1523	1
76,1553	1
65,1346	1
69,1425	1
70,1448	1
76,1555	1
76,1598	1
76,1555	1
77,1590	1
70,1420	1
69,1471	1
58,1280	1
62,1294	1
76,1560	1
68,1425	1
75,1539	1
69,1398	1
68,1460	1
76,1568	1
73,1519	1
75,1569	1
72,1462	1
76,1583	1
77,1588	1
77,1590	1
77,1590	1
77,1588	1
68,1418	1
77,1590	1
70,1457	1
67,1392	1
76,1585	1
77,1606	1
73,1516	1
67,1454	1
77,1590	1
71,1495	1
72,1454	1
68,1329	1
72,1484	1
77,1590	1
74,1511	1
76,1574	1
72,1470	1
68,1441	1
67,1385	1
72,1496	1
75,1578	1
73,1466	1
75,1512	1
77,1590	1
77,1590	1
65,1296	1
64,1339	1
70,1402	1
71,1454	1
76,1573	1
70,1499	1
77,1590	1
72,1544	1
69,1392	1
76,1566	1
77,1590	1
67,1397	1
72,1496	1
77,1590	1
72,1470	1
73,1519	1
69,1431	1
77,1590	1
69,1466	1
62,1313	1
60,1331	1
73,1523	1
64,1355	1
61,1336	1
72,1443	1
77,1590	1
71,1425	1
77,1590	1
77,1590	1
70,1387	1
72,1522	1
72,1455	1
77,1590	1
76,1572	1
66,1305	1
64,1370	1
77,1590	1
72,1447	1
71,1494	1
72,1466	1
68,1400	1
77,1592	1
74,1510	1
70,1482	1
77,1590	1
77,1592	1
77,1590	1
77,1590	1
64,1346	1
70,1469	1
77,1590	1
72,1502	1
71,1475	1
68,1421	1
77,1590	1
76,1553	1
77,1592	1
75,1534	1
71,1506	1
74,1563	1
77,1590	1
75,1528	1
64,1293	1
76,1602	1
77,1590	1
64,1326	1
72,1507	1
77,1590	1
74,1537	1
72,1516	1
70,1435	1
71,1449	1
73,1480	1
72,1472	1
71,1479	1
73,1543	1
66,1414	1
66,1415	1
75,1553	1
76,1566	1
68,1434	1
75,1544	1
71,1491	1
76,1560	1
70,1449	1
77,1590	1
69,1412	1
66,1443	1
69,1396	1
76,1551	1
77,1590	1
72,1457	1
76,1575	1
77,1590	1
68,1442	1
58,1197	1
76,1602	1
73,1543	1
69,1366	1
77,1590	1
68,1424	1
68,1412	1
70,1492	1
73,1482	1
65,1306	1
74,1545	1
68,1426	1
77,1590	1
76,1575	1
70,1451	1
76,1566	1
72,1547	1
72,1516	1
77,1590	1
72,1501	1
77,1594	1
73,1478	1
70,1419	1
76,1566	1
73,1527	1
77,1590	1
65,1385	1
76,1574	1
76,1569	1
73,1515	1
75,1547	1
72,1479	1
69,1380	1
73,1495	1
77,1590	1
76,1555	1
74,1531	1
72,1493	1
77,1590	1
73,1515	1
77,1590	1
77,1590	1
77,1590	1
66,1329	1
68,1431	1
65,1384	1
66,1348	1
75,1554	1
69,1455	1
76,1572	1
74,1516	1
76,1589	1
77,1590	1
70,1411	1
77,1597	1
75,1592	1
76,1574	1
72,1504	1
66,1383	1
77,1590	1
74,1508	1
77,1594	1
68,1396	1
67,1391	1
72,1509	1
71,1445	1
76,1557	1
74,1540	1
69,1394	1
77,1590	1
73,1477	1
68,1435	1
77,1590	1
61,1348	1
66,1392	1
69,1430	1
76,1573	1
68,1374	1
72,1508	1
75,1539	1
77,1590	1
75,1553	1
73,1551	1
74,1552	1
77,1590	1
72,1456	1
77,1595	1
75,1539	1
72,1463	1
68,1356	1
70,1442	1
70,1411	1
77,1606	1
73,1534	1
66,1389	1
74,1504	1
73,1518	1
74,1497	1
75,1567	1
76,1564	1
73,1496	1
72,1482	1
67,1435	1
77,1590	1
77,1590	1
75,1548	1
76,1569	1
75,1550	1
77,1594	1
73,1499	1
77,1590	1
70,1474	1
76,1553	1
75,1528	1
72,1480	1
77,1590	1
69,1461	1
68,1433	1
73,1547	1
64,1284	1
77,1590	1
76,1553	1
77,1590	1
69,1394	1
77,1590	1
67,1474	1
76,1580	1
77,1590	1
76,1564	1
71,1495	1
71,1433	1
66,1393	1
77,1590	1
77,1590	1
75,1520	1
68,1435	1
77,1590	1
72,1502	1
67,1378	1
70,1497	1
77,1590	1
77,1590	1
77,1590	1
74,1508	1
71,1451	1
77,1590	1
66,1387	1
75,1550	1
69,1338	1
68,1450	1
73,1495	1
72,1471	1
69,1404	1
63,1360	1
67,1417	1
75,1529	1
76,1553	1
77,1590	1
70,1461	1
73,1470	1
64,1309	1
74,1549	1
77,1590	1
66,1381	1
76,1551	1
70,1415	1
71,1484	1
69,1402	1
77,1590	1
67,1394	1
70,1427	1
67,1363	1
69,1450	1
75,1541	1
73,1495	1
77,1590	1
72,1423	1
72,1462	1
70,1415	1
77,1590	1
70,1469	1
70,1408	1
70,1434	1
74,1534	1
73,1549	1
75,1525	1
67,1391	1
74,1532	1
72,1488	1
74,1535	1
76,1574	1
70,1449	1
68,1456	1
73,1528	1
74,1561	1
77,1590	1
75,1540	1
72,1507	1
76,1575	1
68,1446	1
65,1391	1
75,1541	1
76,1555	1
76,1568	1
77,1595	1
71,1482	1
73,1470	1
77,1590	1
73,1532	1
77,1590	1
77,1590	1
67,1353	1
74,1537	1
76,1560	1
71,1434	1
73,1515	1
72,1493	1
72,1475	1
70,1500	1
77,1590	1
70,1500	1
73,1526	1
70,1402	1
68,1416	1
76,1589	1
74,1515	1
76,1574	1
66,1408	1
63,1311	1
68,1459	1
66,1376	1
74,1488	1
70,1471	1
71,1489	1
73,1551	1
70,1425	1
74,1512	1
73,1521	1
77,1590	1
72,1470	1
77,1590	1
73,1502	1
75,1557	1
76,1577	1
72,1493	1
71,1469	1
68,1423	1
76,1602	1
77,1590	1
77,1590	1
77,1590	1
74,1523	1
71,1430	1
71,1491	1
67,1380	1
77,1590	1
73,1537	1
75,1539	1
68,1364	1
75,1592	1
70,1420	1
67,1388	1
74,1533	1
69,1474	1
67,1462	1
75,1518	1
71,1526	1
74,1528	1
75,1529	1
75,1539	1
77,1590	1
73,1526	1
77,1590	1
72,1497	1
74,1502	1
77,1590	1
70,1442	1
66,1421	1
75,1562	1
73,1524	1
69,1431	1
77,1590	1
76,1579	1
77,1590	1
68,1446	1
74,1561	1
75,1554	1
76,1572	1
74,1513	1
77,1590	1
66,1416	1
71,1446	1
76,1582	1
77,1590	1
71,1482	1
74,1567	1
76,1564	1
69,1420	1
75,1571	1
73,1576	1
67,1408	1
70,1506	1
68,1456	1
73,1499	1
66,1330	1
71,1456	1
77,1603	1
73,1506	1
70,1386	1
74,1504	1
77,1590	1
75,1512	1
73,1536	1
65,1355	1
65,1358	1
69,1454	1
73,1555	1
72,1470	1
67,1402	1
77,1590	1
76,1560	1
77,1590	1
73,1522	1
66,1440	1
73,1515	1
64,1402	1
66,1372	1
70,1376	1
66,1360	1
70,1423	1
69,1454	1
77,1590	1
72,1473	1
76,1555	1
77,1590	1
67,1392	1
70,1524	1
73,1491	1
67,1370	1
67,1421	1
68,1508	1
71,1459	1
68,1413	1
70,1463	1
76,1583	1
75,1538	1
74,1552	1
67,1419	1
77,1590	1
71,1425	1
73,1534	1
77,1590	1
61,1261	1
67,1462	1
68,1345	1
68,1492	1
70,1423	1
67,1375	1
70,1497	1
76,1571	1
75,1525	1
77,1590	1
68,1447	1
73,1494	1
77,1590	1
67,1380	1
74,1515	1
66,1366	1
69,1428	1
71,1437	1
63,1245	1
77,1590	1
77,1590	1
69,1496	1
77,1590	1
72,1488	1
77,1590	1
75,1529	1
75,1527	1
64,1314	1
74,1533	1
77,1590	1
71,1408	1
72,1477	1
65,1367	1
76,1567	1
69,1445	1
75,1537	1
70,1507	1
70,1402	1
77,1590	1
70,1440	1
68,1384	1
75,1531	1
74,1552	1
72,1491	1
76,1563	1
68,1435	1
73,1486	1
77,1590	1
77,1590	1
73,1551	1
75,1558	1
70,1472	1
69,1438	1
61,1348	1
76,1575	1
74,1511	1
67,1434	1
77,1590	1
74,1537	1
77,1590	1
76,1553	1
68,1453	1
75,1574	1
70,1489	1
69,1461	1
65,1341	1
72,1488	1
65,1281	1
74,1518	1
65,1383	1
74,1508	1
71,1479	1
70,1463	1
66,1379	1
76,1565	1
68,1459	1
64,1346	1
74,1574	1
71,1505	1
77,1590	1
59,1284	1
69,1473	1
71,1454	1
73,1551	1
70,1421	1
71,1492	1
77,1590	1
67,1434	1
76,1589	1
76,1563	1
67,1446	1
70,1460	1
77,1590	1
63,1300	1
73,1530	1
77,1606	1
77,1594	1
65,1389	1
72,1493	1
74,1537	1
70,1460	1
69,1427	1
77,1590	1
67,1427	1
71,1477	1
77,1590	1
70,1451	1
77,1590	1
75,1562	1
64,1382	1
73,1502	1
77,1590	1
77,1590	1
74,1536	1
74,1514	1
74,1508	1
77,1596	1
69,1421	1
74,1521	1
77,1590	1
70,1415	1
76,1559	1
69,1462	1
72,1475	1
76,1574	1
70,1415	1
74,1509	1
65,1481	1
64,1317	1
76,1567	1
67,1407	1
75,1512	1
71,1421	1
77,1590	1
73,1573	1
77,1590	1
71,1415	1
70,1506	1
72,1471	1
68,1427	1
76,1565	1
71,1492	1
65,1331	1
76,1574	1
76,1563	1
68,1433	1
74,1514	1
69,1396	1
75,1548	1
74,1538	1
71,1474	1
73,1515	1
73,1470	1
74,1579	1
71,1491	1
77,1594	1
75,1534	1
65,1384	1
68,1421	1
74,1537	1
72,1470	1
72,1459	1
71,1466	1
65,1379	1
66,1371	1
74,1565	1
68,1420	1
74,1561	1
77,1590	1
77,1590	1
77,1590	1
67,1363	1
73,1515	1
69,1372	1
67,1339	1
65,1355	1
67,1437	1
61,1348	1
77,1598	1
77,1590	1
72,1447	1
77,1590	1
77,1590	1
77,1590	1
72,1487	1
75,1539	1
64,1318	1
69,1384	1
74,1515	1
77,1590	1
76,1574	1
77,1590	1
71,1447	1
77,1590	1
73,1478	1
74,1543	1
77,1590	1
74,1536	1
71,1461	1
75,1536	1
66,1440	1
66,1428	1
76,1553	1
75,1611	1
74,1515	1
77,1590	1
74,1579	1
77,1590	1
71,1448	1
72,1509	1
69,1443	1
77,1590	1
74,1521	1
70,1523	1
77,1590	1
74,1556	1
74,1515	1
72,1484	1
75,1544	1
67,1445	1
70,1422	1
70,1426	1
67,1369	1
67,1441	1
66,1429	1
77,1590	1
72,1504	1
77,1590	1
72,1438	1
76,1589	1
67,1384	1
68,1476	1
76,1560	1
66,1413	1
71,1427	1
69,1424	1
77,1590	1
66,1376	1
70,1491	1
77,1594	1
68,1400	1
77,1590	1
61,1291	1
77,1592	1
69,1448	1
76,1564	1
77,1590	1
64,1382	1
74,1501	1
74,1509	1
60,1329	1
77,1590	1
73,1495	1
77,1590	1
72,1503	1
74,1552	1
73,1499	1
75,1562	1
77,1604	1
67,1463	1
69,1429	1
77,1590	1
71,1474	1
70,1460	1
71,1429	1
69,1372	1
73,1480	1
77,1590	1
72,1491	1
77,1590	1
69,1410	1
70,1440	1
77,1590	1
69,1425	1
74,1501	1
71,1459	1
66,1417	1
77,1590	1
74,1557	1
65,1380	1
77,1590	1
66,1417	1
68,1435	1
62,1292	1
75,1544	1
77,1599	1
76,1602	1
70,1461	1
65,1391	1
68,1381	1
66,1364	1
70,1438	1
68,1427	1
74,1557	1
69,1380	1
76,1565	1
77,1590	1
74,1566	1
72,1543	1
73,1506	1
76,1593	1
77,1590	1
77,1590	1
69,1463	1
76,1555	1
64,1318	1
71,1472	1
72,1470	1
63,1371	1
77,1590	1
77,1590	1
72,1454	1
65,1329	1
70,1429	1
66,1318	1
69,1458	1
76,1551	1
72,1480	1
77,1590	1
70,1429	1
76,1557	1
74,1519	1
72,1450	1
77,1590	1
76,1568	1
77,1590	1
65,1379	1
71,1463	1
72,1504	1
73,1536	1
76,1573	1
76,1579	1
76,1587	1
65,1336	1
64,1314	1
73,1551	1
73,1536	1
65,1327	1
68,1370	1
75,1532	1
77,1590	1
69,1466	1
77,1590	1
70,1419	1
77,1594	1
69,1442	1
66,1381	1
69,1367	1
73,1504	1
73,1480	1
76,1590	1
77,1590	1
77,1590	1
77,1590	1
75,1566	1
72,1453	1
77,1590	1
69,1432	1
77,1590	1
70,1526	1
75,1562	1
75,1542	1
77,1590	1
74,1503	1
77,1590	1
75,1575	1
77,1590	1
69,1387	1
69,1424	1
72,1532	1
65,1481	1
64,1416	1
73,1495	1
71,1510	1
77,1590	1
77,1590	1
72,1475	1
68,1378	1
75,1573	1
65,1307	1
69,1401	1
70,1455	1
69,1338	1
73,1515	1
69,1366	1
70,1463	1
72,1489	1
73,1488	1
76,1578	1
70,1457	1
77,1590	1
69,1417	1
76,1564	1
77,1590	1
73,1550	1
67,1426	1
77,1590	1
68,1442	1
73,1519	1
69,1400	1
76,1560	1
71,1427	1
75,1544	1
58,1203	1
69,1457	1
71,1476	1
77,1590	1
74,1527	1
77,1590	1
76,1565	1
67,1419	1
77,1590	1
63,1287	1
77,1590	1
62,1294	1
77,1590	1
73,1518	1
75,1544	1
77,1590	1
70,1471	1
75,1544	1
72,1443	1
77,1590	1
64,1359	1
77,1586	1
75,1516	1
65,1356	1
77,1590	1
75,1550	1
69,1496	1
77,1592	1
74,1508	1
76,1575	1
74,1538	1
76,1553	1
73,1500	1
72,1457	1
76,1555	1
76,1563	1
73,1559	1
74,1508	1
77,1594	1
73,1510	1
75,1499	1
72,1453	1
72,1511	1
77,1594	1
74,1511	1
76,1565	1
74,1537	1
73,1528	1
71,1478	1
72,1540	1
62,1287	1
74,1510	1
70,1418	1
70,1510	1
71,1454	1
77,1590	1
76,1589	1
77,1593	1
72,1503	1
77,1590	1
73,1498	1
65,1391	1
74,1515	1
76,1551	1
70,1523	1
77,1590	1
64,1370	1
73,1537	1
76,1560	1
70,1450	1
65,1361	1
77,1590	1
75,1523	1
77,1590	1
77,1586	1
76,1551	1
74,1519	1
67,1408	1
71,1418	1
77,1590	1
75,1539	1
77,1590	1
67,1373	1
74,1526	1
72,1451	1
64,1382	1
67,1342	1
76,1565	1
68,1394	1
71,1497	1
75,1529	1
77,1590	1
69,1429	1
67,1384	1
69,1436	1
77,1590	1
70,1430	1
74,1510	1
73,1540	1
77,1590	1
64,1368	1
63,1339	1
77,1592	1
77,1590	1
66,1351	1
70,1416	1
77,1590	1
77,1590	1
74,1509	1
69,1450	1
71,1452	1
67,1486	1
66,1472	1
77,1588	1
77,1590	1
66,1355	1
73,1492	1
73,1453	1
66,1387	1
77,1590	1
76,1555	1
74,1542	1
77,1590	1
75,1537	1
73,1478	1
68,1426	1
72,1515	1
77,1590	1
69,1394	1
71,1513	1
77,1590	1
77,1590	1
72,1494	1
63,1245	1
77,1592	1
77,1590	1
77,1590	1
76,1555	1
71,1461	1
73,1521	1
75,1525	1
73,1518	1
75,1557	1
76,1564	1
67,1351	1
74,1499	1
67,1467	1
70,1445	1
76,1561	1
73,1478	1
72,1522	1
74,1499	1
69,1458	1
71,1427	1
76,1579	1
74,1511	1
74,1488	1
67,1370	1
58,1284	1
75,1578	1
77,1590	1
69,1480	1
77,1590	1
77,1590	1
65,1361	1
68,1503	1
68,1410	1
71,1473	1
71,1436	1
76,1579	1
73,1497	1
75,1512	1
73,1473	1
77,1590	1
68,1446	1
68,1420	1
75,1539	1
59,1263	1
75,1526	1
76,1564	1
75,1571	1
73,1515	1
76,1589	1
76,1567	1
77,1590	1
67,1483	1
71,1448	1
69,1438	1
68,1403	1
73,1543	1
73,1563	1
63,1370	1
74,1517	1
67,1390	1
73,1500	1
71,1467	1
68,1451	1
73,1465	1
67,1426	1
77,1590	1
76,1564	1
77,1590	1
71,1452	1
73,1480	1
63,1308	1
77,1590	1
77,1590	1
69,1426	1
74,1501	1
77,1590	1
71,1474	1
76,1574	1
76,1576	1
74,1532	1
77,1590	1
62,1323	1
77,1584	1
68,1396	1
72,1472	1
76,1560	1
72,1493	1
61,1334	1
77,1590	1
71,1451	1
66,1387	1
71,1492	1
77,1590	1
71,1503	1
73,1507	1
75,1527	1
68,1374	1
75,1551	1
72,1490	1
73,1515	1
76,1555	1
73,1479	1
75,1512	1
58,1284	1
63,1335	1
70,1416	1
74,1537	1
77,1590	1
70,1421	1
72,1495	1
69,1471	1
61,1266	1
70,1441	1
65,1380	1
77,1590	1
67,1399	1
68,1463	1
70,1466	1
77,1590	1
71,1418	1
71,1506	1
70,1421	1
74,1510	1
77,1590	1
65,1322	1
67,1434	1
77,1590	1
70,1434	1
76,1602	1
73,1487	1
76,1555	1
72,1513	1
61,1266	1
73,1477	1
75,1546	1
72,1493	1
77,1594	1
72,1491	1
75,1529	1
60,1273	1
60,1195	1
75,1534	1
76,1575	1
77,1590	1
69,1480	1
69,1462	1
73,1478	1
73,1542	1
72,1516	1
65,1329	1
65,1384	1
70,1456	1
77,1590	1
70,1519	1
77,1590	1
77,1590	1
77,1590	1
75,1553	1
69,1481	1
75,1534	1
68,1396	1
63,1336	1
65,1296	1
70,1451	1
77,1590	1
71,1452	1
74,1561	1
77,1590	1
69,1473	1
72,1491	1
70,1461	1
76,1610	1
76,1553	1
72,1471	1
73,1515	1
74,1532	1
59,1269	1
74,1528	1
77,1590	1
77,1590	1
76,1551	1
73,1535	1
71,1505	1
71,1432	1
67,1391	1
72,1453	1
68,1423	1
69,1426	1
77,1594	1
77,1590	1
62,1260	1
77,1590	1
76,1590	1
70,1435	1
70,1471	1
76,1561	1
69,1427	1
73,1504	1
67,1429	1
75,1539	1
69,1394	1
71,1453	1
73,1495	1
64,1314	1
73,1509	1
77,1588	1
76,1577	1
67,1474	1
64,1382	1
73,1560	1
69,1406	1
61,1336	1
68,1366	1
76,1563	1
70,1466	1
65,1380	1
73,1483	1
73,1497	1
67,1370	1
73,1509	1
76,1582	1
71,1471	1
73,1515	1
69,1390	1
71,1481	1
71,1484	1
77,1606	1
74,1515	1
76,1560	1
77,1602	1
71,1469	1
64,1316	1
77,1590	1
76,1571	1
69,1438	1
73,1498	1
71,1534	1
70,1387	1
66,1364	1
72,1563	1
70,1471	1
76,1572	1
67,1389	1
74,1537	1
77,1590	1
74,1477	1
77,1590	1
77,1604	1
77,1590	1
68,1442	1
66,1347	1
70,1466	1
73,1542	1
68,1478	1
73,1497	1
75,1532	1
75,1551	1
68,1413	1
73,1526	1
75,1563	1
76,1569	1
74,1534	1
75,1523	1
71,1445	1
77,1590	1
73,1524	1
68,1396	1
74,1518	1
72,1492	1
69,1429	1
76,1555	1
73,1489	1
69,1392	1
73,1495	1
68,1399	1
77,1590	1
77,1594	1
67,1525	1
73,1534	1
77,1590	1
69,1424	1
73,1485	1
74,1521	1
72,1540	1
77,1590	1
77,1590	1
62,1335	1
77,1590	1
75,1534	1
72,1532	1
63,1321	1
77,1590	1
77,1590	1
72,1497	1
69,1439	1
77,1590	1
76,1565	1
76,1553	1
75,1518	1
73,1490	1
76,1602	1
77,1590	1
73,1495	1
76,1553	1
69,1461	1
76,1545	1
70,1444	1
62,1326	1
69,1486	1
74,1519	1
77,1590	1
62,1223	1
71,1443	1
75,1541	1
77,1590	1
71,1459	1
77,1590	1
71,1444	1
71,1499	1
73,1563	1
73,1507	1
74,1525	1
77,1590	1
76,1576	1
71,1425	1
77,1590	1
73,1538	1
65,1347	1
74,1510	1
73,1490	1
62,1223	1
77,1590	1
74,1507	1
67,1370	1
77,1594	1
70,1471	1
74,1540	1
76,1569	1
69,1424	1
69,1399	1
77,1590	1
66,1379	1
76,1575	1
77,1590	1
69,1372	1
77,1590	1
61,1261	1
77,1590	1
72,1490	1
77,1590	1
77,1590	1
62,1265	1
71,1471	1
70,1376	1
76,1581	1
70,1429	1
76,1569	1
77,1590	1
74,1521	1
76,1541	1
65,1355	1
77,1590	1
75,1546	1
63,1369	1
74,1513	1
72,1454	1
77,1590	1
76,1545	1
71,1526	1
77,1590	1
73,1493	1
63,1319	1
72,1445	1
74,1537	1
72,1522	1
69,1367	1
76,1582	1
74,1535	1
66,1384	1
73,1488	1
71,1482	1
65,1324	1
76,1590	1
68,1439	1
73,1506	1
62,1377	1
70,1418	1
73,1501	1
77,1590	1
67,1392	1
76,1571	1
77,1592	1
69,1394	1
76,1582	1
71,1460	1
75,1532	1
70,1451	1
76,1589	1
74,1517	1
72,1488	1
75,1540	1
68,1416	1
70,1415	1
74,1515	1
77,1590	1
69,1437	1
77,1590	1
77,1590	1
59,1203	1
73,1486	1
67,1372	1
59,1284	1
72,1577	1
70,1373	1
75,1525	1
76,1553	1
74,1552	1
77,1590	1
77,1590	1
77,1590	1
73,1478	1
72,1519	1
71,1460	1
68,1324	1
77,1590	1
77,1590	1
77,1590	1
77,1592	1
71,1484	1
68,1439	1
67,1423	1
76,1573	1
77,1590	1
72,1503	1
76,1560	1
77,1590	1
77,1592	1
73,1470	1
74,1510	1
70,1519	1
71,1447	1
74,1498	1
69,1394	1
67,1342	1
66,1376	1
77,1590	1
68,1426	1
66,1343	1
73,1497	1
70,1446	1
71,1474	1
74,1561	1
77,1590	1
70,1425	1
75,1542	1
77,1590	1
71,1526	1
73,1493	1
77,1590	1
68,1396	1
75,1542	1
77,1590	1
70,1413	1
77,1590	1
68,1417	1
76,1577	1
69,1438	1
77,1588	1
75,1539	1
70,1456	1
70,1423	1
74,1497	1
70,1399	1
75,1539	1
74,1489	1
69,1447	1
63,1274	1
71,1491	1
76,1571	1
75,1530	1
77,1590	1
68,1456	1
73,1506	1
75,1534	1
77,1590	1
71,1496	1
73,1565	1
77,1590	1
71,1490	1
67,1417	1
76,1555	1
74,1566	1
77,1584	1
73,1489	1
77,1590	1
70,1450	1
63,1298	1
73,1532	1
74,1535	1
76,1560	1
75,1547	1
77,1590	1
71,1482	1
64,1416	1
69,1384	1
71,1444	1
71,1537	1
74,1535	1
68,1420	1
76,1561	1
67,1490	1
75,1543	1
75,1541	1
77,1590	1
76,1551	1
77,1590	1
61,1261	1
77,1590	1
66,1376	1
65,1356	1
76,1555	1
69,1366	1
73,1453	1
74,1480	1
65,1386	1
77,1590	1
71,1424	1
75,1539	1
73,1515	1
77,1590	1
77,1590	1
70,1420	1
72,1500	1
77,1592	1
72,1471	1
63,1324	1
70,1415	1
77,1590	1
67,1408	1
74,1496	1
77,1590	1
74,1498	1
76,1571	1
68,1433	1
76,1553	1
76,1589	1
74,1566	1
76,1553	1
70,1435	1
77,1590	1
73,1500	1
68,1356	1
77,1590	1
69,1448	1
77,1590	1
77,1590	1
62,1266	1
71,1523	1
72,1471	1
68,1412	1
67,1353	1
67,1402	1
77,1590	1
70,1450	1
70,1479	1
67,1363	1
77,1590	1
74,1575	1
64,1314	1
71,1449	1
68,1469	1
69,1414	1
73,1550	1
65,1367	1
74,1561	1
76,1574	1
72,1470	1
77,1590	1
70,1442	1
73,1480	1
65,1291	1
77,1604	1
74,1509	1
62,1323	1
74,1537	1
60,1329	1
70,1482	1
77,1590	1
77,1606	1
76,1589	1
72,1504	1
70,1417	1
75,1522	1
77,1590	1
74,1514	1
77,1590	1
77,1590	1
72,1488	1
70,1488	1
72,1488	1
75,1575	1
74,1528	1
70,1444	1
66,1394	1
72,1447	1
70,1448	1
73,1470	1
75,1551	1
74,1515	1
75,1537	1
72,1471	1
74,1513	1
74,1561	1
70,1451	1
65,1296	1
68,1444	1
66,1358	1
76,1566	1
76,1570	1
75,1562	1
65,1418	1
71,1447	1
66,1435	1
76,1547	1
74,1537	1
76,1568	1
76,1553	1
77,1590	1
77,1590	1
72,1493	1
73,1509	1
71,1496	1
74,1547	1
77,1594	1
67,1401	1
76,1553	1
73,1502	1
68,1439	1
68,1356	1
77,1590	1
77,1590	1
77,1590	1
76,1574	1
72,1510	1
68,1392	1
75,1544	1
75,1562	1
77,1590	1
75,1565	1
73,1523	1
70,1435	1
77,1590	1
70,1394	1
69,1394	1
66,1419	1
66,1448	1
70,1440	1
73,1495	1
69,1434	1
77,1590	1
76,1555	1
72,1508	1
63,1271	1
74,1503	1
77,1592	1
75,1581	1
73,1485	1
76,1579	1
76,1555	1
68,1373	1
70,1409	1
76,1555	1
77,1590	1
68,1415	1
72,1459	1
68,1396	1
73,1515	1
77,1590	1
74,1511	1
72,1476	1
74,1508	1
77,1590	1
77,1606	1
68,1401	1
72,1488	1
66,1376	1
77,1590	1
70,1445	1
76,1574	1
72,1434	1
66,1385	1
75,1539	1
65,1380	1
72,1482	1
77,1596	1
76,1553	1
76,1566	1
73,1515	1
70,1445	1
75,1562	1
77,1592	1
66,1417	1
76,1565	1
77,1590	1
74,1537	1
75,1578	1
76,1574	1
68,1415	1
66,1383	1
75,1525	1
70,1458	1
70,1420	1
66,1443	1
69,1400	1
73,1506	1
73,1515	1
70,1421	1
74,1514	1
76,1564	1
68,1468	1
69,1423	1
75,1532	1
70,1425	1
72,1516	1
65,1367	1
69,1445	1
68,1395	1
69,1435	1
59,1203	1
70,1469	1
77,1590	1
77,1590	1
73,1494	1
73,1496	1
71,1452	1
76,1590	1
72,1468	1
68,1463	1
70,1420	1
76,1582	1
76,1589	1
74,1537	1
69,1428	1
69,1471	1
73,1536	1
76,1571	1
77,1590	1
76,1551	1
69,1394	1
69,1443	1
74,1511	1
74,1566	1
64,1309	1
76,1572	1
73,1547	1
77,1590	1
69,1433	1
65,1355	1
77,1588	1
69,1428	1
70,1452	1
74,1567	1
70,1428	1
70,1487	1
71,1427	1
77,1590	1
76,1560	1
76,1555	1
73,1542	1
75,1547	1
73,1536	1
77,1590	1
77,1590	1
77,1590	1
65,1352	1
76,1577	1
73,1463	1
75,1561	1
67,1390	1
76,1577	1
64,1263	1
77,1590	1
76,1583	1
77,1590	1
69,1394	1
70,1482	1
69,1396	1
75,1525	1
76,1577	1
67,1455	1
75,1558	1
66,1385	1
70,1454	1
72,1480	1
72,1476	1
65,1352	1
74,1526	1
74,1516	1
73,1515	1
65,1331	1
61,1353	1
77,1590	1
72,1504	1
69,1394	1
76,1579	1
66,1351	1
70,1479	1
71,1415	1
74,1530	1
73,1520	1
77,1590	1
77,1590	1
62,1340	1
71,1447	1
69,1373	1
68,1460	1
62,1260	1
77,1590	1
62,1248	1
73,1515	1
72,1537	1
77,1590	1
76,1560	1
77,1590	1
69,1452	1
76,1581	1
75,1539	1
71,1481	1
74,1543	1
70,1434	1
62,1344	1
72,1507	1
72,1499	1
65,1302	1
69,1441	1
70,1421	1
71,1425	1
76,1580	1
76,1591	1
69,1432	1
67,1435	1
66,1325	1
77,1590	1
73,1538	1
77,1590	1
77,1590	1
74,1543	1
63,1281	1
77,1590	1
77,1590	1
77,1590	1
70,1455	1
71,1474	1
72,1509	1
66,1345	1
77,1590	1
76,1575	1
67,1418	1
67,1409	1
75,1563	1
77,1590	1
68,1394	1
70,1457	1
72,1469	1
70,1455	1
68,1386	1
77,1590	1
75,1551	1
76,1555	1
71,1472	1
77,1590	1
75,1532	1
74,1575	1
77,1590	1
77,1590	1
72,1445	1
68,1396	1
73,1496	1
74,1501	1
73,1487	1
72,1504	1
62,1265	1
77,1590	1
68,1380	1
73,1536	1
72,1479	1
73,1478	1
77,1590	1
70,1456	1
69,1487	1
77,1590	1
70,1482	1
77,1590	1
66,1381	1
69,1424	1
68,1342	1
67,1417	1
76,1579	1
70,1457	1
73,1480	1
77,1590	1
75,1529	1
71,1425	1
71,1474	1
77,1590	1
77,1590	1
72,1507	1
73,1485	1
70,1457	1
77,1592	1
73,1492	1
72,1468	1
75,1507	1
77,1590	1
68,1390	1
73,1515	1
74,1496	1
70,1450	1
73,1542	1
75,1563	1
75,1512	1
74,1515	1
75,1570	1
75,1525	1
74,1532	1
77,1588	1
75,1537	1
74,1511	1
69,1426	1
72,1501	1
76,1561	1
77,1590	1
75,1569	1
74,1513	1
68,1404	1
75,1535	1
77,1590	1
67,1354	1
74,1482	1
71,1420	1
72,1504	1
64,1313	1
72,1540	1
64,1324	1
59,1284	1
69,1461	1
69,1457	1
77,1590	1
68,1447	1
76,1551	1
73,1480	1
71,1483	1
68,1433	1
67,1398	1
68,1431	1
73,1458	1
68,1413	1
65,1346	1
72,1509	1
73,1516	1
66,1381	1
75,1562	1
77,1592	1
72,1475	1
69,1398	1
73,1506	1
76,1553	1
74,1552	1
73,1463	1
70,1432	1
72,1494	1
74,1536	1
68,1446	1
77,1590	1
77,1588	1
62,1265	1
70,1450	1
66,1367	1
77,1590	1
76,1577	1
77,1590	1
62,1292	1
69,1457	1
77,1590	1
76,1555	1
73,1499	1
71,1476	1
74,1538	1
76,1555	1
67,1416	1
74,1515	1
69,1392	1
69,1448	1
73,1495	1
73,1484	1
77,1590	1
75,1549	1
67,1340	1
76,1553	1
72,1453	1
65,1372	1
77,1590	1
73,1535	1
77,1590	1
67,1327	1
66,1393	1
73,1496	1
69,1450	1
77,1590	1
77,1590	1
69,1400	1
75,1577	1
77,1590	1
75,1557	1
66,1398	1
72,1523	1
76,1567	1
71,1408	1
72,1544	1
71,1457	1
74,1511	1
76,1589	1
71,1505	1
77,1590	1
67,1392	1
75,1549	1
75,1532	1
68,1508	1
72,1493	1
75,1531	1
75,1542	1
68,1434	1
70,1445	1
64,1341	1
70,1431	1
73,1555	1
73,1506	1
77,1590	1
69,1457	1
67,1392	1
75,1554	1
70,1482	1
74,1583	1
71,1492	1
70,1405	1
65,1385	1
70,1400	1
72,1469	1
77,1590	1
72,1509	1
66,1376	1
70,1422	1
75,1532	1
63,1388	1
75,1539	1
72,1443	1
73,1517	1
73,1518	1
77,1590	1
71,1450	1
77,1590	1
65,1334	1
56,1214	1
66,1394	1
73,1538	1
67,1397	1
75,1552	1
72,1470	1
73,1499	1
69,1429	1
69,1411	1
76,1573	1
66,1342	1
77,1590	1
68,1409	1
74,1556	1
71,1471	1
73,1492	1
77,1590	1
68,1411	1
77,1590	1
66,1420	1
71,1448	1
76,1572	1
70,1447	1
75,1581	1
75,1554	1
68,1424	1
70,1420	1
66,1329	1
67,1419	1
72,1479	1
77,1590	1
71,1464	1
69,1439	1
75,1563	1
68,1450	1
69,1458	1
70,1449	1
66,1431	1
76,1557	1
63,1271	1
68,1352	1
76,1578	1
70,1421	1
77,1590	1
72,1500	1
77,1590	1
77,1590	1
76,1574	1
76,1574	1
75,1534	1
64,1346	1
77,1590	1
76,1568	1
77,1590	1
66,1382	1
75,1551	1
76,1571	1
70,1429	1
64,1316	1
75,1551	1
64,1263	1
63,1360	1
75,1557	1
70,1451	1
76,1589	1
77,1594	1
72,1517	1
76,1574	1
74,1561	1
77,1590	1
77,1590	1
72,1454	1
65,1394	1
68,1399	1
77,1590	1
67,1396	1
72,1447	1
69,1390	1
77,1590	1
76,1565	1
76,1560	1
74,1517	1
64,1346	1
72,1493	1
77,1590	1
66,1379	1
68,1459	1
70,1409	1
74,1504	1
71,1424	1
74,1537	1
74,1518	1
76,1579	1
69,1480	1
77,1590	1
77,1590	1
77,1590	1
76,1577	1
74,1506	1
74,1504	1
64,1337	1
75,1512	1
74,1537	1
75,1529	1
77,1590	1
75,1554	1
75,1565	1
59,1284	1
74,1563	1
68,1477	1
65,1384	1
70,1448	1
73,1504	1
76,1602	1
74,1497	1
76,1551	1
68,1423	1
68,1408	1
70,1488	1
67,1384	1
69,1408	1
72,1487	1
59,1262	1
77,1590	1
77,1590	1
76,1553	1
74,1575	1
67,1386	1
68,1395	1
77,1590	1
74,1565	1
72,1476	1
68,1451	1
69,1473	1
73,1537	1
77,1590	1
74,1531	1
68,1436	1
75,1562	1
69,1396	1
76,1547	1
70,1448	1
70,1479	1
58,1197	1
71,1431	1
77,1590	1
69,1461	1
77,1592	1
74,1500	1
74,1507	1
77,1590	1
77,1590	1
69,1445	1
75,1548	1
75,1526	1
71,1468	1
70,1421	1
69,1391	1
68,1373	1
70,1429	1
73,1521	1
68,1441	1
77,1594	1
74,1497	1
71,1460	1
74,1530	1
74,1572	1
73,1478	1
73,1486	1
75,1526	1
76,1574	1
77,1590	1
75,1535	1
77,1596	1
73,1528	1
76,1577	1
70,1442	1
66,1385	1
74,1526	1
77,1586	1
68,1418	1
69,1437	1
69,1411	1
64,1323	1
77,1590	1
76,1602	1
74,1552	1
65,1404	1
74,1587	1
76,1571	1
59,1263	1
74,1557	1
74,1508	1
74,1515	1
67,1386	1
77,1590	1
77,1590	1
75,1553	1
76,1555	1
74,1491	1
71,1482	1
73,1524	1
66,1347	1
72,1462	1
75,1544	1
71,1465	1
62,1252	1
73,1518	1
74,1482	1
77,1590	1
71,1442	1
68,1410	1
77,1590	1
77,1590	1
76,1560	1
68,1381	1
71,1517	1
77,1590	1
69,1425	1
75,1558	1
70,1517	1
71,1427	1
64,1319	1
74,1537	1
70,1421	1
77,1590	1
69,1373	1
73,1533	1
63,1316	1
77,1590	1
77,1590	1
77,1604	1
68,1377	1
73,1492	1
77,1592	1
74,1498	1
76,1563	1
69,1367	1
70,1423	1
68,1423	1
65,1302	1
76,1557	1
76,1598	1
70,1442	1
72,1487	1
73,1526	1
67,1447	1
77,1590	1
75,1561	1
76,1560	1
77,1590	1
72,1448	1
65,1384	1
76,1559	1
76,1553	1
70,1465	1
76,1553	1
61,1316	1
68,1441	1
70,1473	1
77,1590	1
77,1590	1
75,1512	1
73,1470	1
77,1590	1
75,1528	1
76,1553	1
65,1351	1
71,1425	1
76,1561	1
73,1499	1
71,1450	1
72,1468	1
71,1471	1
74,1517	1
70,1444	1
65,1302	1
65,1379	1
77,1586	1
72,1498	1
73,1495	1
77,1594	1
70,1446	1
73,1495	1
76,1574	1
76,1551	1
68,1356	1
76,1575	1
69,1437	1
75,1547	1
77,1590	1
59,1203	1
71,1457	1
70,1450	1
72,1482	1
77,1590	1
75,1529	1
73,1517	1
71,1460	1
67,1394	1
76,1555	1
75,1550	1
70,1415	1
69,1487	1
72,1509	1
77,1594	1
71,1459	1
62,1293	1
62,1323	1
77,1590	1
68,1381	1
68,1432	1
71,1463	1
69,1454	1
72,1453	1
70,1455	1
70,1500	1
66,1409	1
73,1482	1
77,1590	1
77,1590	1
73,1518	1
75,1534	1
73,1505	1
65,1367	1
71,1499	1
67,1309	1
71,1498	1
66,1347	1
76,1551	1
74,1541	1
73,1515	1
71,1451	1
66,1417	1
75,1522	1
70,1517	1
75,1558	1
76,1568	1
77,1590	1
71,1459	1
77,1590	1
77,1590	1
73,1495	1
77,1590	1
77,1590	1
65,1307	1
75,1561	1
76,1553	1
75,1573	1
75,1576	1
76,1574	1
76,1561	1
73,1551	1
73,1523	1
76,1555	1
63,1390	1
72,1452	1
66,1308	1
77,1590	1
72,1509	1
74,1546	1
65,1384	1
76,1589	1
69,1438	1
70,1438	1
76,1560	1
76,1574	1
73,1512	1
73,1478	1
69,1429	1
76,1579	1
76,1575	1
73,1481	1
77,1590	1
74,1500	1
77,1595	1
69,1383	1
73,1480	1
73,1526	1
66,1389	1
73,1465	1
76,1602	1
68,1450	1
74,1518	1
75,1545	1
69,1461	1
71,1457	1
69,1380	1
75,1520	1
68,1459	1
69,1486	1
65,1327	1
64,1335	1
70,1457	1
71,1457	1
73,1515	1
76,1553	1
70,1491	1
70,1450	1
70,1460	1
69,1437	1
70,1499	1
75,1539	1
74,1511	1
75,1539	1
76,1575	1
75,1581	1
66,1348	1
71,1449	1
70,1424	1
77,1590	1
72,1453	1
68,1442	1
74,1516	1
60,1281	1
71,1418	1
69,1465	1
75,1581	1
71,1496	1
77,1590	1
77,1590	1
69,1438	1
70,1373	1
72,1541	1
76,1560	1
75,1567	1
77,1590	1
69,1415	1
77,1590	1
76,1565	1
76,1571	1
77,1588	1
75,1552	1
72,1514	1
68,1378	1
72,1458	1
69,1468	1
75,1528	1
72,1471	1
77,1590	1
71,1425	1
70,1479	1
75,1540	1
76,1579	1
75,1527	1
68,1469	1
72,1504	1
75,1545	1
77,1590	1
67,1426	1
75,1516	1
69,1452	1
74,1503	1
76,1573	1
70,1404	1
70,1450	1
66,1353	1
66,1347	1
60,1228	1
75,1583	1
75,1562	1
70,1450	1
74,1557	1
77,1590	1
62,1263	1
68,1356	1
68,1431	1
77,1590	1
69,1420	1
72,1481	1
74,1530	1
74,1565	1
77,1590	1
73,1495	1
72,1457	1
76,1551	1
76,1583	1
67,1446	1
77,1592	1
66,1401	1
70,1421	1
77,1590	1
68,1402	1
70,1417	1
72,1457	1
73,1502	1
77,1596	1
70,1472	1
77,1606	1
74,1515	1
76,1564	1
76,1557	1
72,1456	1
73,1506	1
76,1555	1
72,1457	1
77,1577	1
71,1461	1
77,1590	1
68,1377	1
67,1384	1
72,1495	1
72,1457	1
73,1518	1
69,1441	1
66,1410	1
74,1480	1
73,1543	1
76,1565	1
72,1491	1
76,1573	1
71,1457	1
76,1572	1
77,1590	1
73,1479	1
76,1555	1
77,1590	1
77,1590	1
66,1394	1
69,1430	1
75,1540	1
75,1577	1
77,1590	1
77,1590	1
75,1584	1
70,1420	1
76,1576	1
70,1443	1
72,1491	1
73,1555	1
73,1465	1
66,1411	1
73,1480	1
76,1566	1
69,1435	1
76,1568	1
74,1532	1
77,1590	1
77,1592	1
69,1400	1
69,1452	1
69,1427	1
76,1557	1
66,1372	1
75,1541	1
70,1469	1
74,1509	1
74,1511	1
71,1470	1
77,1590	1
77,1590	1
70,1451	1
76,1574	1
77,1590	1
74,1547	1
72,1501	1
65,1383	1
77,1590	1
67,1422	1
70,1471	1
68,1410	1
75,1562	1
75,1525	1
77,1597	1
74,1508	1
76,1579	1
64,1429	1
74,1508	1
69,1382	1
74,1521	1
75,1576	1
73,1495	1
77,1590	1
77,1590	1
68,1425	1
73,1498	1
77,1590	1
67,1398	1
77,1590	1
77,1590	1
73,1516	1
72,1481	1
77,1596	1
74,1557	1
73,1499	1
68,1373	1
64,1349	1
76,1577	1
77,1590	1
68,1446	1
71,1397	1
74,1519	1
71,1447	1
67,1383	1
73,1564	1
63,1369	1
71,1457	1
68,1345	1
70,1428	1
77,1590	1
69,1437	1
74,1533	1
72,1504	1
74,1508	1
74,1526	1
73,1518	1
72,1543	1
73,1535	1
77,1590	1
65,1336	1
73,1487	1
77,1590	1
73,1518	1
77,1590	1
67,1483	1
72,1473	1
76,1551	1
77,1590	1
72,1524	1
65,1409	1
77,1590	1
72,1450	1
77,1590	1
72,1506	1
77,1590	1
72,1452	1
70,1415	1
70,1471	1
72,1503	1
69,1449	1
75,1520	1
67,1443	1
63,1369	1
74,1500	1
76,1571	1
71,1445	1
77,1590	1
77,1590	1
77,1590	1
62,1326	1
75,1544	1
70,1450	1
75,1512	1
73,1492	1
71,1483	1
65,1440	1
75,1531	1
77,1592	1
77,1590	1
69,1429	1
77,1590	1
76,1551	1
77,1590	1
63,1358	1
69,1436	1
77,1590	1
69,1443	1
66,1329	1
61,1336	1
70,1523	1
70,1482	1
62,1248	1
66,1371	1
74,1545	1
67,1361	1
74,1511	1
77,1590	1
72,1481	1
75,1577	1
73,1484	1
68,1436	1
61,1316	1
72,1504	1
77,1590	1
73,1495	1
65,1389	1
67,1392	1
75,1523	1
77,1590	1
71,1448	1
76,1565	1
75,1548	1
69,1387	1
76,1568	1
68,1439	1
69,1494	1
68,1409	1
70,1448	1
73,1533	1
74,1534	1
74,1561	1
77,1590	1
77,1590	1
68,1449	1
68,1403	1
65,1296	1
77,1590	1
73,1497	1
77,1590	1
69,1372	1
65,1336	1
70,1430	1
69,1367	1
69,1438	1
76,1574	1
75,1499	1
72,1515	1
77,1590	1
71,1447	1
74,1537	1
77,1590	1
64,1324	1
76,1573	1
76,1553	1
73,1493	1
59,1273	1
77,1590	1
77,1590	1
77,1590	1
59,1344	1
75,1525	1
67,1369	1
67,1446	1
77,1590	1
77,1590	1
67,1405	1
73,1495	1
74,1552	1
62,1281	1
69,1494	1
73,1480	1
75,1512	1
77,1594	1
60,1281	1
63,1369	1
67,1340	1
72,1516	1
77,1590	1
77,1590	1
68,1381	1
77,1590	1
75,1546	1
77,1590	1
66,1428	1
77,1590	1
77,1590	1
77,1590	1
71,1474	1
77,1594	1
69,1390	1
73,1536	1
69,1438	1
72,1511	1
69,1374	1
72,1443	1
74,1502	1
75,1551	1
74,1508	1
66,1406	1
69,1475	1
75,1562	1
74,1537	1
77,1606	1
74,1505	1
77,1590	1
77,1590	1
68,1425	1
72,1471	1
62,1321	1
72,1484	1
76,1553	1
68,1479	1
62,1266	1
74,1500	1
75,1544	1
67,1440	1
74,1552	1
77,1590	1
70,1482	1
72,1472	1
75,1539	1
71,1478	1
68,1391	1
76,1579	1
77,1590	1
76,1559	1
74,1515	1
66,1409	1
76,1568	1
70,1435	1
65,1253	1
67,1388	1
70,1385	1
59,1197	1
72,1498	1
71,1426	1
75,1536	1
72,1486	1
70,1446	1
70,1431	1
71,1474	1
76,1581	1
73,1492	1
77,1590	1
70,1435	1
77,1590	1
77,1590	1
77,1590	1
74,1506	1
76,1565	1
77,1590	1
62,1297	1
72,1488	1
71,1417	1
63,1360	1
65,1381	1
66,1359	1
72,1516	1
67,1428	1
77,1590	1
73,1489	1
64,1353	1
73,1536	1
77,1590	1
77,1586	1
76,1582	1
77,1590	1
68,1420	1
75,1545	1
73,1515	1
75,1581	1
73,1501	1
70,1451	1
74,1537	1
65,1336	1
77,1590	1
71,1453	1
61,1313	1
70,1386	1
73,1497	1
77,1590	1
76,1567	1
77,1590	1
69,1475	1
64,1368	1
74,1519	1
71,1459	1
62,1223	1
77,1590	1
66,1342	1
77,1590	1
67,1398	1
77,1590	1
74,1567	1
77,1590	1
77,1590	1
70,1427	1
70,1426	1
72,1501	1
70,1461	1
64,1341	1
77,1590	1
77,1590	1
72,1525	1
73,1481	1
70,1391	1
77,1590	1
77,1594	1
76,1563	1
77,1592	1
76,1565	1
66,1381	1
76,1564	1
76,1553	1
76,1568	1
74,1559	1
66,1403	1
76,1555	1
71,1472	1
64,1381	1
77,1590	1
74,1511	1
69,1445	1
67,1401	1
75,1575	1
77,1590	1
71,1479	1
68,1413	1
62,1263	1
77,1590	1
74,1496	1
77,1595	1
72,1493	1
70,1468	1
77,1590	1
69,1415	1
73,1528	1
76,1560	1
74,1508	1
68,1453	1
77,1590	1
67,1396	1
70,1469	1
72,1541	1
68,1391	1
71,1448	1
76,1589	1
74,1497	1
65,1409	1
75,1611	1
77,1588	1
64,1337	1
76,1565	1
76,1586	1
77,1590	1
77,1590	1
66,1387	1
77,1590	1
68,1442	1
77,1603	1
70,1459	1
77,1590	1
77,1590	1
67,1458	1
66,1394	1
75,1553	1
69,1449	1
70,1421	1
68,1500	1
66,1386	1
76,1565	1
77,1590	1
76,1575	1
72,1519	1
67,1410	1
77,1590	1
75,1536	1
67,1426	1
75,1516	1
73,1506	1
73,1523	1
77,1590	1
62,1340	1
77,1590	1
63,1297	1
76,1602	1
77,1590	1
70,1516	1
66,1335	1
70,1543	1
66,1367	1
72,1512	1
77,1590	1
71,1459	1
67,1406	1
74,1509	1
67,1454	1
75,1525	1
77,1590	1
77,1594	1
77,1596	1
77,1590	1
70,1457	1
72,1522	1
76,1555	1
77,1590	1
77,1590	1
72,1482	1
69,1465	1
75,1525	1
73,1520	1
71,1487	1
68,1428	1
63,1359	1
77,1590	1
72,1506	1
77,1590	1
68,1364	1
71,1424	1
68,1397	1
76,1572	1
72,1486	1
72,1507	1
77,1590	1
77,1590	1
61,1353	1
69,1396	1
65,1399	1
66,1361	1
76,1555	1
74,1547	1
70,1455	1
77,1588	1
77,1590	1
76,1575	1
77,1590	1
71,1417	1
75,1557	1
77,1590	1
72,1468	1
71,1382	1
69,1411	1
71,1484	1
67,1362	1
77,1590	1
74,1526	1
73,1526	1
70,1482	1
73,1492	1
76,1568	1
69,1496	1
77,1590	1
75,1536	1
69,1423	1
70,1449	1
68,1454	1
76,1565	1
77,1590	1
72,1541	1
75,1551	1
77,1603	1
77,1590	1
77,1590	1
77,1590	1
69,1407	1
76,1553	1
70,1457	1
77,1594	1
65,1399	1
69,1406	1
73,1521	1
69,1475	1
74,1524	1
77,1594	1
76,1551	1
73,1518	1
70,1399	1
77,1590	1
76,1553	1
68,1456	1
76,1582	1
76,1581	1
72,1488	1
67,1420	1
77,1590	1
77,1590	1
73,1499	1
68,1420	1
77,1604	1
72,1488	1
66,1372	1
77,1606	1
75,1562	1
69,1493	1
77,1590	1
64,1296	1
73,1527	1
72,1471	1
77,1590	1
75,1512	1
77,1590	1
69,1392	1
68,1424	1
72,1491	1
73,1492	1
74,1579	1
70,1420	1
77,1590	1
77,1598	1
73,1515	1
77,1594	1
71,1481	1
72,1457	1
76,1551	1
77,1590	1
65,1384	1
77,1590	1
74,1493	1
76,1574	1
76,1565	1
67,1364	1
73,1480	1
70,1428	1
67,1406	1
74,1550	1
77,1596	1
74,1503	1
69,1466	1
67,1373	1
68,1446	1
77,1590	1
69,1372	1
73,1537	1
75,1512	1
72,1448	1
69,1443	1
75,1557	1
65,1457	1
73,1480	1
69,1407	1
71,1495	1
72,1440	1
70,1398	1
66,1387	1
72,1475	1
75,1550	1
69,1423	1
77,1590	1
77,1590	1
72,1443	1
77,1590	1
77,1590	1
69,1472	1
76,1551	1
69,1435	1
77,1590	1
72,1518	1
70,1419	1
74,1508	1
70,1526	1
64,1324	1
72,1471	1
66,1314	1
70,1465	1
76,1560	1
77,1594	1
68,1434	1
70,1510	1
68,1342	1
70,1443	1
67,1392	1
67,1390	1
70,1461	1
72,1471	1
73,1531	1
68,1347	1
68,1411	1
72,1457	1
75,1520	1
67,1417	1
66,1383	1
76,1602	1
69,1399	1
77,1590	1
76,1574	1
76,1575	1
73,1460	1
70,1421	1
72,1502	1
71,1510	1
76,1582	1
73,1550	1
77,1590	1
72,1503	1
66,1372	1
77,1590	1
67,1360	1
69,1414	1
76,1575	1
74,1586	1
68,1426	1
68,1367	1
68,1420	1
77,1590	1
65,1379	1
76,1563	1
68,1381	1
77,1590	1
77,1590	1
75,1544	1
73,1565	1
68,1394	1
72,1504	1
64,1454	1
69,1392	1
76,1566	1
72,1473	1
69,1382	1
76,1553	1
77,1590	1
74,1508	1
68,1435	1
74,1535	1
76,1566	1
76,1570	1
76,1575	1
72,1526	1
77,1590	1
72,1498	1
76,1571	1
76,1575	1
68,1383	1
73,1484	1
77,1590	1
76,1575	1
73,1492	1
69,1434	1
76,1547	1
72,1475	1
77,1590	1
69,1407	1
77,1590	1
74,1500	1
68,1460	1
71,1408	1
77,1590	1
68,1433	1
69,1371	1
77,1590	1
77,1590	1
71,1474	1
77,1590	1
69,1475	1
75,1536	1
77,1594	1
76,1575	1
69,1441	1
67,1408	1
70,1420	1
74,1552	1
75,1521	1
66,1316	1
71,1426	1
71,1445	1
74,1537	1
76,1541	1
72,1511	1
77,1590	1
64,1346	1
72,1504	1
77,1594	1
74,1520	1
74,1552	1
72,1458	1
66,1345	1
76,1589	1
75,1551	1
68,1460	1
69,1435	1
67,1370	1
63,1370	1
70,1469	1
70,1449	1
70,1463	1
67,1400	1
76,1555	1
71,1444	1
70,1429	1
77,1590	1
69,1465	1
73,1488	1
68,1385	1
77,1590	1
65,1368	1
77,1590	1
74,1556	1
77,1586	1
62,1362	1
74,1537	1
67,1435	1
77,1590	1
70,1412	1
68,1434	1
69,1429	1
73,1495	1
76,1556	1
70,1420	1
66,1353	1
77,1590	1
66,1394	1
73,1530	1
70,1428	1
70,1519	1
74,1552	1
77,1590	1
71,1506	1
68,1440	1
76,1553	1
77,1590	1
68,1381	1
77,1590	1
57,1198	1
74,1548	1
68,1400	1
77,1590	1
78,1669	1
70,1531	1
78,1669	1
74,1596	1
73,1584	1
75,1602	1
77,1656	1
74,1561	1
78,1669	1
65,1380	1
66,1391	1
72,1548	1
78,1669	1
73,1585	1
78,1669	1
78,1669	1
74,1598	1
65,1403	1
78,1667	1
64,1356	1
68,1514	1
71,1509	1
78,1669	1
75,1598	1
77,1637	1
68,1472	1
76,1634	1
67,1353	1
78,1669	1
69,1540	1
71,1517	1
76,1628	1
73,1562	1
66,1488	1
78,1669	1
62,1303	1
73,1501	1
78,1669	1
75,1632	1
73,1566	1
78,1669	1
66,1373	1
77,1649	1
78,1669	1
74,1569	1
78,1669	1
78,1669	1
78,1669	1
70,1544	1
65,1413	1
78,1669	1
67,1485	1
71,1560	1
68,1526	1
68,1486	1
70,1505	1
66,1383	1
78,1669	1
77,1645	1
78,1669	1
72,1468	1
72,1538	1
74,1594	1
76,1591	1
78,1669	1
70,1511	1
67,1430	1
67,1443	1
75,1598	1
69,1487	1
78,1673	1
72,1560	1
78,1669	1
77,1650	1
65,1399	1
76,1617	1
68,1466	1
78,1669	1
66,1485	1
74,1630	1
72,1503	1
68,1444	1
76,1647	1
69,1465	1
70,1536	1
72,1510	1
75,1592	1
71,1506	1
78,1673	1
74,1578	1
68,1475	1
73,1579	1
76,1635	1
78,1667	1
66,1460	1
78,1669	1
76,1606	1
78,1673	1
72,1559	1
77,1658	1
74,1582	1
75,1629	1
71,1468	1
78,1669	1
78,1665	1
75,1593	1
71,1511	1
66,1383	1
68,1450	1
68,1482	1
66,1364	1
77,1668	1
75,1598	1
71,1540	1
75,1603	1
71,1564	1
78,1669	1
65,1460	1
70,1523	1
66,1453	1
78,1669	1
73,1602	1
73,1599	1
78,1669	1
71,1521	1
78,1673	1
78,1665	1
76,1606	1
75,1633	1
78,1669	1
76,1611	1
78,1669	1
77,1650	1
78,1669	1
75,1613	1
75,1615	1
66,1451	1
70,1485	1
72,1532	1
78,1669	1
78,1669	1
70,1507	1
77,1660	1
78,1669	1
76,1616	1
77,1668	1
68,1405	1
73,1592	1
78,1667	1
76,1605	1
72,1590	1
68,1419	1
76,1607	1
78,1669	1
78,1664	1
75,1629	1
75,1596	1
75,1596	1
78,1669	1
74,1545	1
71,1531	1
77,1652	1
71,1527	1
68,1495	1
62,1343	1
66,1452	1
68,1426	1
75,1588	1
77,1635	1
69,1541	1
62,1297	1
78,1673	1
68,1486	1
78,1669	1
71,1528	1
65,1471	1
78,1669	1
74,1571	1
72,1520	1
68,1463	1
74,1594	1
78,1669	1
76,1582	1
69,1500	1
77,1653	1
70,1530	1
68,1434	1
68,1486	1
75,1613	1
78,1662	1
78,1669	1
78,1669	1
63,1288	1
78,1664	1
73,1533	1
64,1363	1
77,1666	1
74,1602	1
69,1499	1
64,1479	1
77,1645	1
78,1669	1
66,1450	1
74,1600	1
70,1507	1
72,1516	1
69,1507	1
70,1452	1
73,1566	1
76,1616	1
78,1673	1
64,1360	1
59,1285	1
77,1630	1
76,1644	1
67,1507	1
68,1492	1
78,1669	1
78,1669	1
72,1560	1
72,1527	1
69,1470	1
72,1532	1
78,1669	1
72,1578	1
78,1669	1
71,1512	1
75,1602	1
75,1594	1
66,1355	1
78,1669	1
73,1568	1
78,1677	1
63,1378	1
78,1669	1
69,1480	1
78,1675	1
71,1503	1
65,1434	1
65,1381	1
72,1537	1
78,1669	1
66,1449	1
78,1667	1
63,1343	1
78,1669	1
78,1669	1
77,1606	1
75,1620	1
77,1640	1
73,1508	1
69,1506	1
66,1382	1
77,1653	1
77,1640	1
78,1669	1
78,1663	1
75,1614	1
78,1669	1
78,1669	1
73,1578	1
65,1418	1
74,1582	1
74,1598	1
69,1459	1
78,1665	1
72,1510	1
68,1528	1
72,1534	1
74,1549	1
63,1358	1
78,1669	1
74,1596	1
75,1599	1
77,1654	1
63,1339	1
75,1621	1
75,1603	1
78,1669	1
78,1667	1
78,1665	1
78,1665	1
69,1548	1
64,1407	1
67,1504	1
78,1669	1
65,1485	1
75,1594	1
67,1434	1
67,1427	1
75,1583	1
69,1537	1
77,1651	1
65,1394	1
71,1484	1
74,1569	1
70,1529	1
73,1564	1
66,1454	1
68,1442	1
64,1299	1
71,1523	1
78,1669	1
78,1669	1
76,1643	1
75,1630	1
75,1602	1
66,1469	1
78,1669	1
75,1623	1
69,1468	1
78,1669	1
67,1448	1
70,1479	1
72,1533	1
78,1669	1
68,1433	1
78,1673	1
70,1516	1
67,1469	1
70,1564	1
67,1403	1
70,1471	1
78,1669	1
72,1564	1
73,1538	1
70,1493	1
77,1654	1
70,1536	1
69,1421	1
73,1547	1
78,1665	1
69,1478	1
74,1594	1
77,1668	1
78,1673	1
76,1612	1
75,1605	1
71,1502	1
74,1538	1
78,1669	1
74,1589	1
68,1487	1
78,1675	1
78,1673	1
74,1574	1
72,1553	1
66,1443	1
75,1621	1
72,1520	1
69,1482	1
74,1610	1
69,1502	1
68,1442	1
71,1522	1
74,1570	1
78,1667	1
67,1485	1
72,1577	1
75,1598	1
78,1659	1
78,1669	1
75,1586	1
69,1510	1
73,1539	1
78,1669	1
78,1665	1
77,1651	1
76,1622	1
66,1424	1
75,1574	1
78,1669	1
78,1669	1
74,1603	1
78,1669	1
68,1517	1
67,1423	1
78,1669	1
71,1484	1
72,1520	1
75,1599	1
76,1602	1
78,1665	1
78,1669	1
69,1564	1
73,1547	1
71,1562	1
75,1594	1
72,1615	1
78,1669	1
68,1498	1
78,1669	1
78,1669	1
71,1469	1
72,1544	1
69,1439	1
67,1497	1
74,1571	1
70,1500	1
67,1447	1
75,1598	1
74,1572	1
69,1518	1
78,1674	1
63,1323	1
72,1574	1
75,1607	1
77,1643	1
68,1503	1
74,1568	1
75,1616	1
78,1665	1
74,1560	1
73,1552	1
74,1600	1
78,1669	1
76,1625	1
78,1669	1
74,1571	1
74,1578	1
71,1546	1
78,1669	1
77,1653	1
78,1669	1
75,1611	1
58,1260	1
67,1508	1
78,1669	1
66,1438	1
78,1665	1
78,1669	1
67,1440	1
71,1506	1
64,1401	1
67,1561	1
76,1621	1
78,1669	1
68,1472	1
75,1594	1
75,1607	1
78,1669	1
73,1547	1
78,1669	1
70,1463	1
77,1658	1
78,1669	1
78,1669	1
68,1450	1
73,1524	1
74,1570	1
78,1669	1
74,1551	1
69,1489	1
77,1647	1
66,1450	1
70,1534	1
67,1495	1
78,1669	1
75,1636	1
77,1640	1
75,1598	1
73,1541	1
75,1599	1
75,1599	1
72,1518	1
67,1443	1
64,1414	1
70,1502	1
67,1492	1
76,1616	1
75,1574	1
75,1567	1
78,1669	1
70,1507	1
72,1510	1
77,1645	1
77,1653	1
78,1669	1
77,1658	1
72,1574	1
75,1600	1
75,1598	1
73,1559	1
78,1669	1
75,1589	1
64,1425	1
59,1379	1
68,1427	1
73,1545	1
78,1669	1
72,1550	1
78,1669	1
70,1484	1
78,1669	1
66,1488	1
73,1513	1
69,1482	1
78,1673	1
77,1637	1
73,1567	1
78,1669	1
73,1545	1
77,1637	1
67,1406	1
78,1669	1
68,1415	1
70,1486	1
70,1484	1
73,1538	1
74,1595	1
70,1532	1
75,1607	1
69,1511	1
71,1460	1
61,1322	1
65,1424	1
77,1658	1
74,1611	1
70,1555	1
75,1636	1
78,1669	1
78,1669	1
67,1431	1
77,1634	1
70,1582	1
77,1652	1
66,1489	1
71,1516	1
78,1673	1
78,1669	1
78,1669	1
66,1349	1
73,1531	1
73,1664	1
74,1594	1
63,1340	1
72,1582	1
75,1599	1
67,1386	1
75,1613	1
70,1485	1
71,1552	1
76,1628	1
76,1614	1
74,1605	1
69,1466	1
77,1639	1
68,1462	1
67,1504	1
70,1510	1
69,1497	1
67,1504	1
75,1569	1
67,1481	1
67,1463	1
75,1598	1
74,1594	1
67,1500	1
74,1594	1
78,1669	1
78,1669	1
71,1517	1
73,1543	1
69,1487	1
61,1340	1
76,1617	1
75,1628	1
78,1669	1
75,1605	1
76,1606	1
68,1427	1
70,1528	1
76,1618	1
75,1595	1
72,1532	1
72,1585	1
72,1538	1
76,1605	1
78,1669	1
72,1497	1
65,1418	1
73,1541	1
78,1671	1
75,1605	1
78,1669	1
70,1515	1
70,1565	1
70,1498	1
78,1669	1
75,1602	1
74,1590	1
70,1503	1
65,1376	1
78,1669	1
75,1609	1
75,1613	1
77,1653	1
70,1525	1
70,1505	1
71,1510	1
75,1599	1
76,1638	1
67,1489	1
78,1669	1
76,1609	1
75,1636	1
63,1387	1
68,1468	1
78,1669	1
70,1458	1
77,1668	1
73,1562	1
74,1600	1
65,1415	1
69,1487	1
68,1457	1
76,1628	1
78,1669	1
75,1631	1
67,1459	1
64,1347	1
74,1548	1
67,1465	1
77,1649	1
78,1669	1
67,1440	1
78,1669	1
74,1573	1
73,1547	1
67,1494	1
78,1669	1
77,1650	1
75,1611	1
66,1444	1
78,1669	1
77,1637	1
75,1613	1
75,1623	1
78,1665	1
74,1552	1
67,1483	1
73,1555	1
70,1514	1
70,1544	1
67,1451	1
78,1669	1
68,1439	1
78,1669	1
76,1620	1
67,1480	1
78,1669	1
78,1669	1
64,1409	1
76,1636	1
75,1602	1
64,1409	1
77,1628	1
72,1560	1
73,1547	1
78,1660	1
65,1362	1
71,1523	1
74,1559	1
69,1463	1
70,1565	1
75,1567	1
66,1471	1
77,1672	1
78,1669	1
69,1513	1
73,1589	1
68,1475	1
68,1488	1
68,1466	1
69,1494	1
78,1669	1
67,1468	1
77,1637	1
74,1595	1
78,1669	1
73,1517	1
67,1402	1
78,1669	1
70,1565	1
72,1497	1
76,1628	1
77,1639	1
78,1671	1
67,1433	1
78,1669	1
69,1452	1
78,1671	1
76,1631	1
77,1630	1
68,1461	1
66,1355	1
71,1512	1
77,1654	1
67,1476	1
75,1613	1
67,1496	1
76,1644	1
75,1592	1
78,1669	1
74,1553	1
70,1543	1
73,1581	1
70,1520	1
77,1659	1
77,1634	1
78,1669	1
69,1505	1
69,1521	1
74,1571	1
65,1358	1
67,1541	1
72,1522	1
70,1462	1
76,1626	1
73,1537	1
71,1496	1
68,1437	1
78,1669	1
78,1667	1
73,1594	1
71,1523	1
71,1510	1
73,1594	1
75,1557	1
73,1582	1
67,1481	1
73,1572	1
78,1669	1
76,1625	1
76,1612	1
74,1538	1
73,1596	1
71,1544	1
68,1486	1
78,1669	1
76,1606	1
65,1469	1
68,1381	1
68,1526	1
77,1656	1
68,1441	1
62,1326	1
78,1669	1
76,1612	1
78,1669	1
69,1592	1
65,1409	1
62,1347	1
67,1454	1
76,1631	1
78,1673	1
61,1361	1
76,1616	1
78,1671	1
78,1675	1
65,1485	1
78,1669	1
78,1673	1
78,1669	1
71,1522	1
78,1669	1
65,1466	1
70,1529	1
71,1589	1
70,1495	1
66,1411	1
65,1432	1
71,1543	1
75,1602	1
70,1490	1
72,1560	1
67,1440	1
60,1325	1
73,1587	1
77,1656	1
61,1340	1
63,1338	1
61,1222	1
78,1669	1
78,1669	1
71,1530	1
75,1599	1
69,1549	1
77,1654	1
61,1317	1
75,1599	1
78,1669	1
72,1536	1
70,1535	1
68,1485	1
68,1427	1
77,1647	1
75,1620	1
75,1584	1
75,1598	1
75,1629	1
76,1633	1
78,1669	1
66,1475	1
63,1320	1
78,1669	1
75,1590	1
69,1520	1
68,1517	1
75,1607	1
73,1566	1
74,1630	1
69,1546	1
78,1677	1
78,1664	1
68,1500	1
74,1544	1
74,1577	1
67,1478	1
69,1521	1
75,1599	1
68,1460	1
68,1479	1
74,1609	1
74,1571	1
69,1456	1
68,1503	1
74,1544	1
66,1424	1
75,1629	1
65,1415	1
67,1425	1
73,1531	1
67,1423	1
71,1502	1
78,1669	1
77,1660	1
70,1565	1
75,1624	1
78,1665	1
78,1669	1
78,1669	1
70,1502	1
78,1669	1
68,1466	1
73,1599	1
69,1549	1
73,1523	1
75,1629	1
73,1524	1
77,1652	1
68,1524	1
74,1617	1
71,1582	1
75,1592	1
71,1582	1
68,1519	1
67,1476	1
71,1521	1
74,1572	1
77,1634	1
71,1521	1
78,1669	1
75,1617	1
61,1326	1
71,1610	1
77,1658	1
69,1408	1
77,1637	1
70,1551	1
75,1587	1
78,1669	1
72,1546	1
78,1669	1
72,1592	1
73,1555	1
78,1669	1
64,1401	1
72,1579	1
68,1478	1
64,1375	1
75,1603	1
71,1523	1
74,1574	1
75,1607	1
64,1377	1
68,1466	1
77,1634	1
75,1599	1
73,1576	1
71,1519	1
78,1669	1
74,1593	1
78,1669	1
70,1458	1
78,1675	1
75,1603	1
78,1665	1
74,1594	1
78,1673	1
77,1630	1
59,1257	1
77,1641	1
73,1566	1
74,1603	1
73,1519	1
77,1668	1
78,1673	1
74,1578	1
65,1394	1
73,1546	1
77,1647	1
78,1669	1
77,1658	1
72,1489	1
69,1425	1
78,1669	1
73,1567	1
78,1673	1
68,1429	1
75,1627	1
78,1669	1
67,1517	1
68,1431	1
67,1390	1
73,1543	1
75,1598	1
78,1669	1
76,1651	1
74,1610	1
71,1504	1
72,1508	1
78,1669	1
75,1618	1
78,1667	1
72,1498	1
65,1373	1
67,1519	1
67,1454	1
74,1570	1
78,1669	1
75,1623	1
77,1653	1
78,1669	1
74,1558	1
72,1545	1
63,1355	1
76,1623	1
77,1636	1
69,1516	1
70,1508	1
68,1479	1
69,1480	1
71,1528	1
77,1642	1
70,1460	1
78,1673	1
78,1669	1
76,1596	1
69,1523	1
77,1654	1
78,1669	1
73,1584	1
66,1488	1
70,1483	1
63,1334	1
72,1518	1
70,1490	1
66,1490	1
77,1656	1
78,1669	1
71,1490	1
68,1536	1
75,1600	1
77,1635	1
70,1530	1
75,1623	1
68,1462	1
65,1435	1
71,1504	1
67,1353	1
78,1669	1
78,1665	1
75,1567	1
73,1566	1
70,1500	1
74,1571	1
59,1307	1
72,1545	1
69,1493	1
78,1669	1
78,1669	1
66,1362	1
78,1669	1
71,1530	1
69,1601	1
73,1572	1
67,1438	1
78,1669	1
71,1551	1
68,1454	1
78,1669	1
65,1412	1
69,1487	1
76,1637	1
76,1612	1
69,1502	1
73,1594	1
68,1519	1
67,1450	1
66,1412	1
77,1645	1
78,1667	1
73,1664	1
63,1309	1
74,1602	1
73,1585	1
70,1503	1
78,1669	1
71,1562	1
64,1340	1
65,1419	1
74,1599	1
75,1594	1
67,1446	1
70,1522	1
72,1522	1
75,1603	1
72,1563	1
78,1669	1
75,1599	1
73,1571	1
70,1417	1
63,1338	1
73,1555	1
76,1636	1
70,1500	1
70,1475	1
78,1669	1
65,1362	1
67,1505	1
72,1609	1
75,1623	1
68,1443	1
78,1669	1
62,1347	1
78,1669	1
76,1578	1
74,1571	1
70,1514	1
70,1437	1
77,1640	1
63,1405	1
66,1434	1
70,1500	1
73,1538	1
70,1541	1
69,1513	1
78,1669	1
78,1673	1
68,1443	1
76,1617	1
72,1535	1
78,1669	1
78,1673	1
78,1669	1
78,1669	1
74,1613	1
78,1673	1
78,1669	1
68,1522	1
72,1533	1
73,1576	1
78,1667	1
78,1669	1
77,1635	1
75,1629	1
72,1532	1
78,1669	1
77,1656	1
75,1596	1
74,1547	1
64,1375	1
69,1493	1
78,1669	1
77,1635	1
77,1638	1
77,1656	1
68,1474	1
78,1665	1
69,1517	1
67,1423	1
76,1606	1
72,1490	1
78,1669	1
75,1569	1
71,1470	1
74,1550	1
65,1382	1
72,1564	1
76,1618	1
77,1637	1
70,1507	1
74,1578	1
78,1673	1
78,1669	1
78,1669	1
68,1459	1
77,1606	1
78,1669	1
73,1579	1
78,1665	1
63,1289	1
66,1448	1
77,1649	1
65,1380	1
78,1669	1
71,1528	1
69,1488	1
71,1564	1
77,1634	1
68,1403	1
67,1448	1
78,1669	1
74,1602	1
72,1559	1
62,1341	1
65,1338	1
67,1421	1
73,1547	1
67,1438	1
72,1555	1
73,1572	1
68,1418	1
74,1584	1
74,1589	1
66,1429	1
64,1340	1
64,1318	1
72,1522	1
77,1656	1
77,1643	1
78,1669	1
73,1584	1
73,1542	1
70,1444	1
68,1453	1
68,1424	1
76,1635	1
66,1448	1
77,1632	1
76,1611	1
73,1579	1
78,1669	1
73,1519	1
73,1591	1
68,1443	1
64,1382	1
68,1426	1
78,1664	1
78,1669	1
71,1504	1
78,1669	1
73,1522	1
68,1445	1
70,1508	1
61,1220	1
75,1617	1
74,1594	1
75,1597	1
68,1543	1
78,1665	1
73,1573	1
69,1492	1
73,1546	1
68,1450	1
78,1669	1
67,1536	1
70,1503	1
74,1600	1
73,1581	1
75,1622	1
77,1658	1
78,1669	1
75,1599	1
75,1609	1
77,1658	1
77,1656	1
78,1669	1
60,1306	1
68,1464	1
68,1477	1
75,1629	1
78,1668	1
78,1669	1
75,1623	1
68,1517	1
73,1476	1
66,1437	1
67,1421	1
78,1669	1
70,1473	1
75,1603	1
70,1508	1
68,1461	1
73,1572	1
78,1669	1
77,1643	1
68,1459	1
72,1536	1
73,1610	1
76,1580	1
73,1568	1
69,1482	1
78,1669	1
77,1654	1
74,1588	1
78,1665	1
72,1548	1
69,1430	1
73,1559	1
74,1577	1
73,1543	1
78,1669	1
76,1593	1
77,1654	1
75,1629	1
73,1575	1
73,1538	1
75,1611	1
68,1459	1
68,1463	1
63,1360	1
77,1656	1
71,1552	1
76,1605	1
74,1613	1
78,1669	1
76,1632	1
70,1467	1
72,1579	1
74,1549	1
63,1338	1
73,1541	1
73,1562	1
77,1656	1
72,1502	1
68,1525	1
65,1399	1
75,1575	1
78,1669	1
77,1628	1
78,1669	1
75,1587	1
71,1515	1
67,1485	1
75,1572	1
75,1618	1
63,1361	1
78,1669	1
67,1495	1
71,1522	1
72,1501	1
77,1658	1
73,1633	1
71,1527	1
72,1577	1
72,1612	1
60,1341	1
78,1669	1
76,1634	1
68,1454	1
74,1561	1
67,1493	1
68,1525	1
65,1426	1
70,1488	1
78,1669	1
78,1669	1
71,1519	1
75,1590	1
78,1669	1
77,1604	1
75,1598	1
75,1596	1
76,1652	1
56,1214	1
69,1551	1
72,1552	1
67,1488	1
75,1609	1
74,1559	1
68,1461	1
78,1669	1
75,1621	1
62,1312	1
73,1582	1
73,1592	1
78,1669	1
77,1637	1
70,1543	1
59,1313	1
70,1581	1
69,1482	1
78,1669	1
77,1630	1
78,1669	1
78,1669	1
68,1503	1
71,1504	1
66,1383	1
72,1480	1
72,1564	1
78,1669	1
77,1654	1
66,1396	1
76,1613	1
75,1623	1
65,1359	1
78,1669	1
74,1551	1
78,1669	1
77,1654	1
71,1508	1
70,1458	1
67,1492	1
69,1467	1
77,1668	1
68,1415	1
78,1669	1
76,1625	1
76,1613	1
77,1654	1
70,1475	1
78,1667	1
78,1669	1
74,1569	1
78,1669	1
65,1436	1
74,1561	1
78,1669	1
75,1626	1
70,1498	1
78,1667	1
66,1471	1
68,1472	1
78,1669	1
77,1656	1
75,1603	1
72,1556	1
75,1598	1
78,1669	1
68,1461	1
75,1608	1
72,1560	1
65,1425	1
74,1594	1
73,1587	1
74,1554	1
76,1628	1
78,1669	1
65,1409	1
77,1654	1
78,1669	1
77,1654	1
75,1603	1
69,1490	1
78,1669	1
75,1623	1
76,1616	1
78,1669	1
78,1669	1
62,1332	1
78,1669	1
66,1480	1
70,1498	1
78,1669	1
73,1591	1
75,1603	1
72,1523	1
69,1522	1
71,1516	1
72,1514	1
77,1668	1
69,1497	1
78,1669	1
78,1669	1
66,1460	1
78,1669	1
75,1637	1
67,1481	1
72,1549	1
77,1645	1
64,1447	1
71,1522	1
65,1380	1
72,1546	1
73,1533	1
78,1669	1
78,1669	1
78,1669	1
73,1601	1
69,1473	1
61,1328	1
76,1621	1
76,1642	1
78,1675	1
69,1490	1
75,1603	1
75,1586	1
65,1426	1
71,1547	1
69,1501	1
72,1550	1
77,1649	1
63,1383	1
77,1645	1
78,1669	1
65,1475	1
78,1667	1
78,1669	1
78,1669	1
71,1529	1
68,1566	1
76,1592	1
71,1521	1
78,1669	1
75,1611	1
70,1507	1
69,1461	1
64,1336	1
70,1582	1
77,1656	1
75,1634	1
78,1681	1
78,1669	1
74,1589	1
70,1549	1
77,1656	1
78,1669	1
73,1501	1
57,1266	1
63,1320	1
68,1508	1
78,1669	1
76,1629	1
65,1382	1
73,1587	1
75,1603	1
75,1607	1
69,1499	1
75,1594	1
74,1552	1
69,1499	1
72,1536	1
72,1562	1
75,1607	1
68,1513	1
75,1605	1
62,1395	1
77,1668	1
70,1479	1
70,1541	1
77,1654	1
66,1417	1
72,1573	1
75,1605	1
65,1359	1
76,1624	1
76,1605	1
74,1557	1
68,1487	1
67,1437	1
78,1669	1
68,1472	1
73,1553	1
78,1667	1
72,1506	1
73,1576	1
76,1621	1
66,1439	1
72,1506	1
69,1421	1
78,1669	1
78,1673	1
74,1585	1
63,1383	1
78,1675	1
72,1497	1
70,1531	1
75,1614	1
65,1487	1
78,1669	1
78,1669	1
71,1537	1
78,1669	1
57,1278	1
78,1669	1
72,1513	1
72,1585	1
73,1476	1
68,1429	1
78,1669	1
74,1580	1
67,1452	1
77,1645	1
73,1570	1
69,1567	1
69,1487	1
78,1669	1
72,1540	1
68,1519	1
75,1588	1
75,1607	1
74,1563	1
78,1669	1
78,1669	1
69,1465	1
75,1571	1
77,1668	1
74,1545	1
66,1435	1
71,1495	1
66,1447	1
69,1518	1
63,1431	1
75,1593	1
75,1627	1
72,1554	1
76,1633	1
69,1522	1
66,1411	1
66,1435	1
72,1564	1
67,1419	1
78,1669	1
72,1494	1
75,1597	1
76,1591	1
75,1633	1
75,1603	1
74,1592	1
72,1527	1
65,1359	1
77,1668	1
77,1658	1
76,1631	1
76,1591	1
68,1501	1
75,1603	1
75,1613	1
68,1444	1
74,1594	1
76,1602	1
78,1664	1
78,1669	1
65,1350	1
75,1623	1
65,1426	1
73,1525	1
65,1468	1
72,1549	1
78,1665	1
76,1621	1
60,1325	1
71,1679	1
78,1669	1
75,1589	1
68,1507	1
77,1628	1
67,1468	1
71,1536	1
73,1540	1
76,1621	1
78,1669	1
78,1669	1
78,1669	1
76,1607	1
78,1669	1
76,1621	1
73,1607	1
75,1572	1
64,1315	1
67,1495	1
65,1383	1
65,1413	1
71,1544	1
74,1613	1
78,1669	1
78,1669	1
78,1669	1
77,1638	1
74,1577	1
78,1669	1
74,1531	1
65,1431	1
76,1629	1
78,1669	1
78,1659	1
69,1522	1
72,1509	1
78,1669	1
67,1492	1
65,1361	1
71,1544	1
66,1447	1
78,1669	1
74,1598	1
62,1370	1
78,1669	1
73,1587	1
71,1536	1
68,1526	1
62,1317	1
73,1556	1
78,1667	1
78,1669	1
68,1453	1
68,1453	1
78,1669	1
78,1669	1
74,1570	1
74,1618	1
73,1582	1
73,1575	1
73,1570	1
71,1495	1
65,1355	1
77,1634	1
69,1528	1
78,1669	1
74,1568	1
78,1667	1
72,1506	1
78,1667	1
72,1564	1
66,1407	1
67,1500	1
69,1527	1
75,1598	1
69,1499	1
77,1658	1
76,1611	1
74,1557	1
68,1451	1
70,1483	1
78,1669	1
78,1669	1
77,1642	1
74,1600	1
66,1444	1
74,1598	1
77,1650	1
67,1463	1
66,1362	1
76,1635	1
73,1569	1
68,1528	1
73,1568	1
78,1669	1
71,1517	1
66,1432	1
65,1406	1
65,1419	1
66,1489	1
78,1669	1
70,1437	1
77,1645	1
77,1638	1
76,1619	1
76,1600	1
76,1626	1
76,1626	1
75,1629	1
75,1607	1
78,1669	1
76,1634	1
77,1646	1
78,1669	1
70,1547	1
72,1536	1
70,1538	1
76,1636	1
78,1669	1
78,1669	1
77,1653	1
73,1576	1
74,1542	1
78,1669	1
77,1640	1
69,1445	1
77,1650	1
77,1644	1
77,1652	1
71,1476	1
70,1480	1
73,1572	1
73,1587	1
62,1351	1
74,1561	1
67,1437	1
73,1541	1
69,1506	1
78,1669	1
76,1598	1
78,1667	1
78,1673	1
66,1349	1
63,1338	1
78,1669	1
72,1582	1
72,1527	1
69,1479	1
76,1623	1
68,1567	1
68,1422	1
67,1446	1
78,1673	1
78,1669	1
75,1600	1
78,1669	1
75,1609	1
71,1524	1
70,1535	1
64,1442	1
74,1559	1
68,1477	1
70,1513	1
78,1669	1
71,1536	1
68,1443	1
78,1669	1
73,1533	1
63,1388	1
78,1669	1
78,1669	1
65,1389	1
70,1565	1
78,1669	1
75,1602	1
74,1569	1
76,1614	1
77,1658	1
69,1441	1
78,1671	1
78,1669	1
76,1635	1
69,1468	1
67,1382	1
73,1547	1
78,1669	1
67,1451	1
73,1582	1
59,1379	1
68,1433	1
78,1675	1
69,1435	1
78,1667	1
68,1451	1
78,1665	1
74,1533	1
64,1434	1
78,1665	1
74,1547	1
70,1531	1
66,1369	1
77,1641	1
67,1466	1
72,1512	1
75,1605	1
75,1616	1
67,1451	1
77,1656	1
72,1578	1
75,1623	1
77,1630	1
75,1580	1
69,1490	1
77,1668	1
68,1530	1
75,1577	1
78,1669	1
78,1673	1
78,1665	1
72,1548	1
67,1403	1
72,1523	1
78,1669	1
74,1559	1
72,1527	1
77,1643	1
77,1654	1
77,1649	1
77,1641	1
64,1436	1
56,1214	1
68,1412	1
67,1447	1
63,1362	1
64,1365	1
75,1613	1
65,1412	1
71,1504	1
68,1519	1
63,1309	1
74,1610	1
62,1345	1
69,1481	1
66,1505	1
70,1508	1
72,1502	1
72,1527	1
63,1390	1
70,1515	1
78,1669	1
72,1581	1
73,1571	1
78,1669	1
75,1629	1
78,1669	1
74,1540	1
75,1630	1
73,1572	1
76,1638	1
69,1503	1
68,1454	1
72,1532	1
77,1656	1
78,1665	1
78,1669	1
77,1647	1
78,1673	1
77,1644	1
70,1531	1
64,1378	1
70,1536	1
77,1639	1
64,1398	1
76,1618	1
78,1669	1
70,1431	1
78,1664	1
73,1541	1
74,1576	1
62,1371	1
70,1523	1
72,1546	1
78,1669	1
78,1665	1
78,1674	1
65,1340	1
77,1642	1
75,1616	1
66,1444	1
78,1669	1
78,1673	1
70,1480	1
72,1585	1
74,1603	1
70,1512	1
78,1667	1
66,1425	1
61,1322	1
74,1564	1
78,1669	1
73,1568	1
76,1611	1
68,1487	1
66,1461	1
74,1618	1
76,1628	1
70,1580	1
75,1584	1
72,1574	1
65,1399	1
68,1490	1
69,1516	1
67,1481	1
69,1478	1
67,1432	1
73,1547	1
73,1568	1
75,1596	1
74,1552	1
75,1638	1
78,1665	1
73,1553	1
78,1669	1
78,1669	1
67,1473	1
76,1607	1
71,1536	1
67,1467	1
74,1590	1
76,1631	1
74,1630	1
78,1671	1
73,1541	1
68,1397	1
72,1557	1
78,1669	1
78,1669	1
77,1652	1
78,1669	1
71,1562	1
68,1478	1
72,1560	1
66,1441	1
74,1571	1
77,1666	1
77,1637	1
67,1425	1
75,1630	1
65,1338	1
73,1570	1
70,1512	1
65,1398	1
77,1606	1
70,1495	1
66,1350	1
67,1458	1
69,1499	1
67,1403	1
69,1469	1
68,1459	1
77,1628	1
73,1585	1
70,1484	1
78,1669	1
69,1442	1
72,1560	1
69,1449	1
70,1541	1
70,1555	1
78,1669	1
76,1601	1
77,1651	1
73,1577	1
78,1669	1
68,1466	1
68,1500	1
75,1598	1
71,1529	1
78,1669	1
71,1526	1
73,1541	1
74,1569	1
64,1445	1
74,1578	1
74,1577	1
74,1578	1
64,1387	1
70,1519	1
78,1669	1
67,1484	1
78,1669	1
68,1500	1
75,1607	1
62,1347	1
77,1630	1
67,1363	1
73,1552	1
71,1536	1
68,1426	1
78,1669	1
64,1423	1
77,1650	1
74,1600	1
64,1429	1
70,1582	1
76,1636	1
75,1604	1
70,1503	1
78,1675	1
70,1549	1
68,1500	1
67,1403	1
61,1325	1
78,1669	1
68,1398	1
78,1669	1
77,1635	1
76,1614	1
73,1567	1
78,1669	1
72,1535	1
78,1674	1
71,1516	1
78,1664	1
74,1512	1
66,1443	1
77,1652	1
78,1669	1
68,1542	1
72,1504	1
77,1659	1
75,1607	1
74,1540	1
76,1569	1
71,1502	1
78,1669	1
75,1603	1
73,1541	1
71,1535	1
78,1669	1
62,1360	1
74,1596	1
76,1652	1
70,1471	1
78,1669	1
75,1613	1
77,1640	1
76,1625	1
78,1665	1
68,1492	1
77,1658	1
78,1669	1
71,1538	1
67,1480	1
74,1594	1
78,1669	1
66,1460	1
67,1401	1
78,1669	1
74,1596	1
69,1551	1
78,1667	1
78,1669	1
73,1577	1
78,1660	1
78,1669	1
71,1511	1
67,1491	1
78,1665	1
64,1378	1
68,1486	1
77,1651	1
78,1667	1
78,1673	1
75,1598	1
67,1536	1
77,1654	1
69,1506	1
65,1485	1
78,1671	1
73,1562	1
75,1584	1
75,1636	1
72,1570	1
71,1449	1
77,1643	1
74,1569	1
74,1570	1
69,1515	1
68,1502	1
78,1669	1
67,1421	1
77,1658	1
65,1427	1
73,1581	1
71,1510	1
71,1521	1
73,1547	1
72,1542	1
58,1207	1
68,1456	1
70,1524	1
77,1654	1
72,1534	1
78,1669	1
73,1587	1
68,1530	1
65,1451	1
76,1619	1
72,1469	1
68,1471	1
78,1680	1
78,1669	1
68,1443	1
71,1521	1
69,1521	1
77,1635	1
70,1565	1
78,1669	1
76,1618	1
73,1530	1
65,1447	1
76,1633	1
63,1413	1
66,1493	1
75,1593	1
77,1668	1
70,1522	1
78,1669	1
78,1665	1
73,1575	1
68,1467	1
73,1574	1
74,1562	1
77,1626	1
77,1642	1
78,1669	1
71,1462	1
65,1416	1
72,1574	1
73,1516	1
64,1442	1
78,1669	1
78,1669	1
64,1401	1
75,1605	1
72,1576	1
77,1636	1
67,1493	1
70,1551	1
73,1594	1
76,1621	1
77,1658	1
77,1648	1
74,1562	1
70,1566	1
77,1640	1
67,1414	1
77,1630	1
67,1476	1
75,1613	1
72,1468	1
63,1316	1
78,1669	1
75,1626	1
70,1516	1
70,1494	1
74,1590	1
66,1460	1
78,1669	1
76,1636	1
78,1669	1
77,1630	1
68,1500	1
77,1635	1
74,1594	1
66,1374	1
78,1677	1
75,1620	1
74,1571	1
75,1607	1
76,1625	1
69,1509	1
77,1638	1
78,1669	1
75,1616	1
75,1621	1
68,1424	1
75,1598	1
75,1629	1
69,1534	1
67,1418	1
74,1598	1
77,1658	1
77,1630	1
72,1520	1
68,1503	1
77,1654	1
75,1615	1
78,1674	1
72,1550	1
75,1607	1
73,1551	1
69,1452	1
71,1570	1
78,1669	1
70,1531	1
78,1669	1
78,1669	1
78,1669	1
75,1609	1
69,1517	1
78,1681	1
78,1669	1
63,1373	1
77,1635	1
64,1342	1
78,1665	1
67,1480	1
72,1560	1
68,1483	1
76,1618	1
75,1605	1
72,1532	1
78,1669	1
76,1611	1
74,1560	1
76,1625	1
74,1572	1
69,1471	1
70,1506	1
72,1543	1
65,1392	1
68,1530	1
77,1645	1
72,1536	1
64,1318	1
73,1587	1
71,1516	1
73,1587	1
75,1610	1
65,1406	1
73,1541	1
69,1428	1
76,1606	1
71,1542	1
67,1437	1
67,1508	1
77,1654	1
71,1552	1
68,1540	1
67,1383	1
77,1645	1
78,1671	1
74,1555	1
78,1669	1
72,1543	1
72,1604	1
78,1665	1
76,1631	1
73,1587	1
78,1669	1
71,1554	1
68,1497	1
74,1613	1
74,1602	1
78,1669	1
78,1669	1
78,1669	1
74,1572	1
72,1536	1
64,1299	1
74,1517	1
74,1569	1
69,1544	1
75,1615	1
78,1669	1
78,1673	1
72,1543	1
73,1571	1
75,1621	1
76,1602	1
73,1572	1
76,1635	1
69,1439	1
75,1598	1
66,1438	1
73,1587	1
68,1511	1
77,1668	1
78,1665	1
75,1613	1
63,1338	1
78,1669	1
66,1395	1
77,1611	1
76,1616	1
71,1547	1
70,1508	1
65,1487	1
74,1562	1
73,1520	1
72,1560	1
71,1523	1
69,1490	1
78,1669	1
71,1474	1
78,1654	1
65,1362	1
71,1527	1
75,1603	1
71,1521	1
76,1614	1
65,1485	1
78,1669	1
76,1635	1
77,1650	1
73,1555	1
74,1602	1
72,1610	1
77,1634	1
78,1665	1
78,1669	1
70,1462	1
75,1622	1
66,1450	1
78,1673	1
69,1482	1
76,1603	1
78,1669	1
78,1669	1
69,1469	1
67,1473	1
68,1440	1
77,1630	1
74,1620	1
73,1567	1
76,1615	1
78,1669	1
75,1629	1
72,1534	1
78,1673	1
77,1641	1
69,1455	1
66,1285	1
69,1417	1
76,1621	1
72,1548	1
75,1605	1
77,1656	1
67,1468	1
67,1479	1
78,1669	1
60,1326	1
71,1505	1
63,1357	1
76,1611	1
70,1469	1
78,1669	1
77,1668	1
78,1669	1
63,1344	1
77,1658	1
75,1596	1
77,1658	1
69,1446	1
68,1501	1
63,1430	1
74,1575	1
63,1319	1
69,1466	1
78,1669	1
73,1549	1
78,1665	1
69,1517	1
78,1669	1
76,1627	1
78,1669	1
64,1445	1
75,1613	1
77,1637	1
68,1511	1
73,1541	1
78,1669	1
74,1577	1
78,1669	1
77,1658	1
75,1588	1
68,1488	1
77,1641	1
68,1454	1
70,1489	1
75,1629	1
76,1618	1
68,1526	1
68,1480	1
67,1418	1
61,1317	1
78,1669	1
74,1588	1
76,1606	1
78,1669	1
72,1542	1
73,1559	1
78,1669	1
75,1543	1
77,1672	1
64,1377	1
75,1638	1
70,1504	1
78,1675	1
77,1636	1
66,1444	1
67,1483	1
69,1528	1
70,1473	1
71,1455	1
68,1454	1
67,1532	1
64,1388	1
76,1608	1
76,1632	1
78,1667	1
78,1669	1
72,1502	1
77,1654	1
69,1443	1
78,1669	1
75,1607	1
70,1565	1
70,1489	1
62,1356	1
58,1207	1
78,1669	1
77,1656	1
78,1669	1
74,1598	1
67,1410	1
67,1371	1
69,1452	1
73,1555	1
77,1640	1
64,1321	1
78,1669	1
75,1594	1
77,1640	1
62,1311	1
75,1603	1
78,1667	1
73,1565	1
71,1562	1
72,1516	1
78,1671	1
78,1669	1
77,1643	1
77,1650	1
68,1519	1
77,1636	1
78,1669	1
78,1669	1
75,1589	1
73,1571	1
75,1629	1
78,1669	1
68,1517	1
78,1669	1
62,1345	1
77,1626	1
68,1497	1
63,1338	1
70,1515	1
66,1493	1
60,1325	1
78,1669	1
78,1669	1
78,1669	1
73,1572	1
73,1561	1
78,1669	1
75,1638	1
74,1607	1
74,1589	1
71,1485	1
74,1606	1
75,1572	1
72,1602	1
65,1469	1
71,1560	1
74,1552	1
70,1509	1
73,1520	1
73,1573	1
73,1572	1
67,1423	1
76,1631	1
78,1669	1
65,1358	1
74,1578	1
63,1324	1
78,1669	1
67,1456	1
73,1543	1
76,1631	1
67,1363	1
71,1604	1
73,1577	1
75,1552	1
71,1507	1
65,1319	1
74,1603	1
75,1605	1
70,1495	1
69,1456	1
78,1669	1
71,1544	1
68,1470	1
78,1665	1
76,1635	1
78,1669	1
78,1669	1
73,1547	1
73,1535	1
74,1564	1
73,1558	1
76,1631	1
77,1632	1
78,1669	1
73,1543	1
78,1667	1
77,1630	1
74,1594	1
78,1669	1
66,1380	1
78,1667	1
76,1625	1
78,1669	1
67,1476	1
78,1669	1
62,1337	1
67,1467	1
69,1511	1
68,1486	1
71,1554	1
60,1329	1
67,1481	1
78,1669	1
78,1669	1
70,1417	1
78,1669	1
73,1602	1
77,1630	1
78,1669	1
65,1392	1
69,1520	1
78,1669	1
65,1399	1
76,1623	1
70,1533	1
77,1658	1
77,1654	1
68,1524	1
70,1543	1
69,1516	1
62,1317	1
77,1645	1
78,1669	1
63,1334	1
78,1669	1
77,1650	1
74,1595	1
75,1606	1
73,1564	1
77,1649	1
75,1586	1
70,1469	1
78,1669	1
78,1669	1
66,1388	1
78,1669	1
76,1646	1
78,1669	1
72,1589	1
76,1652	1
66,1432	1
73,1587	1
74,1595	1
76,1645	1
72,1542	1
68,1438	1
67,1482	1
78,1669	1
77,1659	1
77,1659	1
78,1669	1
78,1669	1
69,1513	1
66,1448	1
65,1354	1
77,1635	1
68,1498	1
73,1602	1
73,1543	1
68,1466	1
67,1421	1
78,1667	1
74,1594	1
72,1518	1
74,1571	1
75,1621	1
78,1669	1
78,1669	1
78,1669	1
67,1465	1
70,1510	1
78,1669	1
76,1625	1
69,1472	1
71,1610	1
72,1536	1
68,1443	1
71,1576	1
73,1541	1
68,1543	1
78,1669	1
78,1669	1
68,1532	1
74,1587	1
78,1669	1
66,1454	1
76,1626	1
78,1669	1
71,1521	1
77,1645	1
78,1669	1
74,1596	1
77,1601	1
73,1566	1
71,1498	1
67,1390	1
78,1669	1
62,1317	1
73,1568	1
71,1554	1
78,1665	1
68,1409	1
78,1669	1
76,1593	1
71,1512	1
76,1614	1
75,1629	1
70,1522	1
68,1478	1
72,1538	1
77,1645	1
78,1669	1
76,1612	1
76,1606	1
75,1598	1
78,1669	1
78,1669	1
73,1578	1
64,1301	1
69,1421	1
76,1645	1
71,1542	1
78,1669	1
68,1438	1
66,1451	1
78,1665	1
65,1417	1
73,1613	1
72,1489	1
66,1411	1
78,1669	1
72,1468	1
78,1669	1
70,1519	1
78,1669	1
78,1669	1
76,1633	1
78,1669	1
76,1615	1
66,1418	1
75,1620	1
72,1518	1
78,1669	1
74,1562	1
74,1569	1
68,1419	1
77,1635	1
76,1608	1
64,1301	1
78,1669	1
72,1497	1
68,1429	1
72,1506	1
68,1456	1
72,1468	1
70,1504	1
74,1587	1
71,1544	1
77,1640	1
77,1659	1
78,1669	1
70,1543	1
78,1669	1
77,1635	1
78,1669	1
75,1614	1
75,1599	1
78,1669	1
66,1474	1
78,1669	1
70,1535	1
73,1541	1
74,1588	1
78,1669	1
69,1520	1
78,1669	1
78,1673	1
74,1578	1
75,1614	1
76,1628	1
77,1652	1
77,1634	1
73,1592	1
75,1602	1
78,1669	1
77,1626	1
76,1615	1
71,1514	1
71,1496	1
67,1482	1
78,1669	1
73,1545	1
71,1508	1
65,1438	1
78,1665	1
76,1626	1
74,1553	1
74,1611	1
72,1589	1
73,1561	1
73,1581	1
75,1565	1
78,1673	1
63,1358	1
73,1568	1
78,1669	1
78,1669	1
75,1568	1
75,1598	1
74,1586	1
76,1625	1
75,1599	1
78,1669	1
68,1442	1
75,1609	1
69,1516	1
73,1610	1
76,1645	1
78,1669	1
77,1644	1
78,1669	1
66,1525	1
66,1463	1
68,1479	1
65,1387	1
68,1475	1
75,1623	1
75,1599	1
65,1466	1
71,1511	1
78,1669	1
70,1438	1
73,1541	1
78,1669	1
64,1414	1
71,1506	1
68,1519	1
69,1452	1
77,1650	1
72,1516	1
74,1562	1
68,1449	1
70,1512	1
74,1569	1
76,1631	1
78,1669	1
75,1637	1
67,1505	1
68,1463	1
75,1623	1
73,1587	1
64,1390	1
76,1628	1
72,1560	1
75,1587	1
76,1606	1
75,1603	1
74,1545	1
68,1460	1
75,1610	1
76,1630	1
71,1546	1
74,1594	1
78,1673	1
78,1669	1
78,1669	1
68,1567	1
69,1443	1
74,1598	1
75,1613	1
77,1624	1
68,1456	1
68,1468	1
72,1493	1
72,1538	1
75,1609	1
65,1473	1
78,1667	1
70,1477	1
76,1631	1
68,1474	1
67,1446	1
69,1470	1
66,1454	1
66,1451	1
76,1657	1
77,1645	1
69,1441	1
75,1623	1
72,1536	1
77,1668	1
77,1668	1
68,1477	1
64,1414	1
68,1488	1
78,1669	1
78,1669	1
73,1587	1
76,1620	1
63,1322	1
74,1561	1
69,1480	1
74,1542	1
78,1669	1
70,1529	1
75,1573	1
72,1555	1
78,1669	1
76,1618	1
76,1620	1
78,1669	1
77,1658	1
69,1517	1
76,1638	1
78,1669	1
70,1522	1
78,1669	1
77,1653	1
69,1489	1
67,1409	1
76,1611	1
70,1507	1
76,1653	1
71,1512	1
72,1585	1
74,1600	1
78,1669	1
67,1484	1
73,1581	1
64,1301	1
77,1649	1
70,1535	1
71,1496	1
78,1667	1
77,1606	1
77,1634	1
75,1582	1
76,1591	1
77,1635	1
70,1565	1
78,1669	1
67,1473	1
74,1595	1
70,1529	1
77,1673	1
75,1594	1
64,1389	1
68,1415	1
78,1669	1
69,1493	1
76,1616	1
76,1621	1
78,1665	1
75,1598	1
78,1669	1
74,1542	1
76,1606	1
75,1610	1
62,1312	1
63,1387	1
64,1403	1
72,1546	1
68,1537	1
60,1341	1
76,1641	1
66,1438	1
70,1435	1
78,1669	1
75,1580	1
77,1635	1
70,1488	1
78,1669	1
66,1412	1
70,1543	1
77,1654	1
78,1669	1
67,1361	1
78,1669	1
78,1668	1
72,1550	1
78,1665	1
68,1490	1
78,1673	1
68,1536	1
72,1564	1
59,1313	1
77,1634	1
69,1567	1
78,1669	1
67,1454	1
70,1522	1
75,1599	1
70,1490	1
78,1669	1
77,1650	1
78,1667	1
74,1603	1
67,1440	1
78,1669	1
69,1515	1
78,1669	1
70,1509	1
72,1526	1
75,1629	1
67,1460	1
65,1431	1
78,1669	1
73,1590	1
71,1550	1
76,1631	1
77,1649	1
64,1382	1
66,1475	1
78,1669	1
68,1455	1
70,1431	1
66,1438	1
76,1616	1
73,1582	1
63,1339	1
77,1672	1
75,1603	1
67,1505	1
78,1669	1
71,1552	1
67,1403	1
78,1669	1
75,1593	1
63,1430	1
67,1478	1
68,1472	1
68,1420	1
77,1635	1
70,1503	1
77,1668	1
74,1590	1
70,1490	1
72,1560	1
78,1667	1
77,1672	1
71,1536	1
67,1438	1
73,1531	1
73,1537	1
66,1458	1
76,1618	1
72,1535	1
72,1523	1
75,1579	1
63,1389	1
78,1669	1
78,1669	1
71,1512	1
78,1665	1
70,1512	1
76,1604	1
71,1484	1
72,1535	1
71,1547	1
68,1463	1
72,1579	1
69,1479	1
74,1506	1
68,1474	1
62,1341	1
68,1483	1
76,1631	1
68,1443	1
73,1595	1
62,1328	1
68,1454	1
73,1540	1
62,1312	1
