60,1550
61,1529
62,1543
62,1544
68,1673
65,1657
64,1684
60,1582
61,1602
67,1678
64,1667
55,1286
64,1575
65,1542
65,1623
61,1667
64,1553
66,1633
57,1380
55,1334
64,1679
62,1644
63,1623
64,1635
62,1616
58,1502
67,1671
61,1484
65,1722
63,1525
#### generation 0
66,1607
65,1620
68,1670
67,1660
68,1700
68,1673
68,1686
67,1671
65,1610
64,1607
65,1645
63,1572
67,1671
67,1671
68,1652
67,1678
65,1604
65,1596
66,1633
67,1629
67,1610
65,1542
61,1490
64,1571
65,1623
65,1629
60,1482
66,1667
65,1666
64,1628
63,1630
61,1510
62,1512
66,1630
64,1551
67,1673
64,1553
64,1575
64,1570
64,1575
63,1575
64,1577
64,1575
65,1675
65,1671
66,1743
64,1721
64,1543
65,1686
65,1651
64,1655
66,1754
64,1652
65,1740
63,1496
61,1578
63,1625
63,1623
60,1485
59,1454
64,1602
63,1554
65,1682
61,1460
62,1544
61,1586
62,1616
65,1680
61,1548
64,1693
61,1610
61,1484
61,1506
64,1625
59,1534
62,1703
61,1667
61,1667
60,1550
61,1564
59,1516
57,1380
56,1328
57,1413
#### generation 1
66,1570
67,1607
68,1656
67,1590
69,1654
65,1567
68,1652
68,1751
67,1645
71,1735
66,1658
68,1628
66,1572
69,1714
68,1645
67,1659
66,1622
68,1686
70,1711
68,1688
68,1670
69,1739
67,1610
66,1585
65,1537
67,1629
67,1660
68,1692
66,1625
66,1650
67,1648
64,1571
66,1654
66,1638
67,1671
68,1697
64,1604
67,1691
64,1613
64,1629
69,1693
68,1674
67,1671
67,1679
67,1673
66,1655
67,1673
66,1655
68,1723
65,1563
69,1720
67,1678
67,1678
66,1656
67,1618
67,1678
68,1682
66,1630
67,1649
68,1761
65,1591
67,1739
67,1740
66,1762
65,1639
64,1685
69,1600
65,1542
66,1646
63,1530
65,1610
65,1620
64,1600
#### generation 2
72,1745
72,1727
70,1764
66,1627
66,1643
71,1766
61,1438
69,1606
68,1588
70,1739
70,1737
64,1517
69,1693
69,1715
69,1735
70,1701
70,1740
65,1608
69,1739
68,1628
65,1574
65,1524
68,1652
68,1668
68,1670
65,1538
67,1640
68,1673
67,1622
65,1542
68,1686
68,1686
70,1689
68,1702
68,1697
69,1728
68,1712
68,1751
64,1619
68,1642
68,1643
#### generation 3
71,1754
72,1741
72,1727
67,1691
68,1626
69,1676
70,1696
69,1681
73,1830
70,1687
72,1745
70,1754
72,1774
71,1778
74,1837
71,1735
72,1793
73,1860
71,1731
70,1668
65,1662
69,1698
69,1635
70,1689
64,1563
71,1741
71,1759
70,1711
69,1671
65,1594
70,1733
64,1555
70,1753
69,1810
67,1693
71,1787
63,1457
67,1495
69,1654
65,1578
69,1688
66,1621
68,1677
65,1656
66,1664
69,1742
67,1708
69,1694
70,1618
68,1624
68,1626
70,1753
69,1669
68,1645
68,1652
#### generation 4
74,1841
70,1798
69,1718
75,1874
70,1667
68,1694
67,1653
72,1806
71,1801
66,1622
73,1860
72,1727
70,1745
68,1547
72,1729
73,1733
68,1604
71,1683
72,1716
72,1759
71,1760
71,1684
72,1759
67,1632
71,1768
72,1774
72,1812
65,1553
70,1688
71,1735
68,1644
65,1612
73,1808
70,1724
69,1673
71,1778
68,1666
70,1618
70,1673
73,1795
70,1689
71,1721
70,1690
70,1701
71,1745
71,1754
67,1634
62,1535
#### generation 5
65,1605
74,1892
71,1763
75,1880
75,1892
72,1842
73,1826
74,1850
70,1669
75,1854
74,1843
74,1841
70,1707
73,1795
74,1797
73,1795
72,1749
73,1795
72,1799
74,1870
69,1717
68,1658
73,1864
69,1695
68,1730
66,1598
70,1691
72,1727
72,1710
68,1620
70,1660
75,1876
72,1745
66,1593
71,1748
72,1774
72,1777
72,1770
72,1806
70,1795
69,1585
66,1575
66,1645
67,1681
69,1673
70,1726
#### generation 6
73,1792
76,1907
72,1788
76,1926
76,1902
76,1900
75,1885
73,1822
74,1850
75,1858
70,1688
71,1661
75,1893
76,1941
75,1892
69,1637
71,1719
73,1795
74,1797
72,1823
71,1731
74,1837
72,1776
63,1513
73,1871
67,1602
74,1828
73,1778
69,1671
74,1824
74,1832
74,1841
74,1820
73,1779
70,1782
74,1837
70,1670
74,1892
73,1823
75,1931
73,1733
67,1585
74,1805
73,1781
66,1529
73,1808
70,1677
67,1662
67,1599
69,1697
71,1771
72,1826
65,1604
72,1710
64,1549
71,1692
74,1826
72,1727
68,1696
#### generation 7
66,1557
74,1811
76,1895
76,1902
68,1705
76,1907
76,1934
66,1646
75,1857
75,1911
76,1941
75,1887
68,1624
71,1765
68,1716
70,1710
74,1826
75,1858
67,1678
76,1932
75,1847
75,1876
70,1730
72,1804
74,1936
75,1882
75,1885
75,1901
71,1777
74,1850
71,1776
72,1831
75,1892
75,1893
70,1682
75,1935
69,1760
74,1797
73,1772
74,1791
72,1811
74,1824
73,1770
74,1828
74,1832
71,1783
73,1800
71,1770
63,1564
69,1710
74,1820
68,1666
#### generation 8
76,1895
72,1802
71,1662
75,1881
66,1642
73,1842
76,1900
74,1859
71,1796
71,1698
69,1670
68,1663
70,1724
68,1636
72,1784
70,1769
70,1766
73,1850
71,1708
74,1870
75,1873
69,1719
71,1734
75,1864
76,1931
71,1763
76,1932
72,1776
68,1676
73,1892
73,1857
72,1795
73,1886
67,1641
71,1754
76,1943
75,1895
76,1941
74,1837
75,1854
72,1789
73,1844
73,1819
75,1874
75,1848
67,1641
75,1874
72,1784
74,1823
75,1883
74,1845
67,1646
75,1894
75,1897
77,1956
73,1784
74,1876
#### generation 9
77,1956
73,1824
74,1897
76,1895
71,1760
76,1867
68,1699
73,1835
73,1857
75,1893
73,1795
75,1967
66,1590
66,1654
68,1650
68,1646
71,1849
63,1447
75,1852
62,1432
67,1638
76,1932
72,1715
71,1752
72,1779
69,1720
71,1814
71,1847
66,1626
74,1878
69,1703
75,1941
70,1692
75,1885
69,1738
73,1862
77,1953
74,1853
73,1824
69,1656
70,1734
74,1813
72,1746
75,1864
74,1827
73,1869
74,1880
76,1905
74,1826
74,1828
75,1880
71,1761
70,1765
#### generation 10
67,1626
76,1915
77,1956
70,1747
74,1839
68,1685
69,1736
77,1956
73,1827
75,1931
72,1859
77,1958
77,1956
76,1869
74,1827
76,1905
67,1671
76,1871
74,1876
76,1895
67,1542
72,1778
76,1945
70,1761
73,1842
76,1906
72,1816
68,1701
76,1905
67,1695
72,1787
77,1980
68,1742
75,1873
76,1907
74,1916
75,1879
74,1874
70,1736
68,1675
76,1932
75,1909
77,1943
75,1883
71,1772
69,1801
73,1824
76,1941
71,1697
76,1941
76,1941
69,1656
73,1805
70,1693
74,1895
73,1814
75,1854
73,1848
72,1775
#### generation 11
69,1708
69,1704
71,1761
77,1953
69,1742
71,1788
75,2003
76,1952
68,1583
71,1712
70,1705
75,1885
77,1956
70,1705
75,1873
77,1956
77,1950
75,1914
77,1956
76,1914
75,1866
78,1986
69,1671
74,1828
71,1773
76,1921
77,1958
75,1952
76,1933
77,1976
70,1727
71,1824
72,1786
73,1817
67,1715
73,1829
72,1785
76,1914
69,1762
65,1574
69,1716
71,1761
73,1822
70,1712
70,1774
75,1895
76,1919
76,1907
70,1710
73,1835
70,1720
#### generation 12
78,1954
77,1991
77,1931
71,1697
77,1943
75,1903
72,1795
77,1946
71,1832
71,1759
67,1589
76,1919
71,1717
76,1921
68,1687
77,1956
77,1956
77,1956
77,1956
72,1826
72,1755
72,1775
74,1887
77,1956
71,1789
73,1851
77,1958
77,1945
73,1786
76,1918
71,1810
70,1743
71,1764
77,1978
75,1880
70,1679
77,1880
73,1792
76,1899
69,1691
76,1895
76,1906
77,1928
68,1648
76,1932
76,1959
72,1799
#### generation 13
78,1962
78,1954
74,1906
75,1910
78,1946
77,1919
70,1742
78,1986
72,1741
77,1933
72,1848
68,1591
74,1830
71,1795
75,1861
71,1800
72,1804
77,1946
73,1797
76,1915
74,1893
70,1722
77,1988
66,1580
75,1867
76,1920
75,1885
73,1856
77,1933
77,1956
67,1698
74,1864
76,1918
75,1880
77,1958
74,1858
71,1766
71,1799
75,1918
#### generation 14
77,1953
76,1848
73,1837
78,1946
74,1777
72,1789
72,1807
74,1885
78,1954
71,1736
69,1670
77,1929
78,1962
72,1811
78,1986
78,1990
74,1802
71,1687
70,1670
78,1958
78,1986
77,1962
78,1996
72,1769
77,1956
77,1930
68,1690
66,1566
73,1844
77,1947
77,1917
75,1887
76,1961
74,1832
77,1938
74,1846
74,1846
77,1962
70,1681
77,1956
75,1866
75,1869
77,1956
71,1802
74,1886
70,1746
77,1956
#### generation 15
76,1852
78,1944
73,1815
71,1699
78,1957
67,1505
78,1954
78,1954
78,1954
70,1705
72,1761
71,1787
67,1605
74,1850
77,1916
69,1649
78,1954
77,1930
76,1907
78,1954
74,1813
78,1958
72,1785
78,1960
73,1854
74,1871
68,1662
76,1894
78,1966
76,1899
77,1939
77,1997
78,1976
75,1872
71,1739
71,1824
67,1602
78,1982
78,1986
73,1856
71,1741
70,1674
78,1988
75,1873
70,1784
78,1986
72,1762
69,1676
74,1808
76,1928
74,1860
74,1843
69,1627
75,1833
78,1990
78,2000
70,1746
75,1862
76,1898
77,1943
74,1815
73,1830
77,1931
77,1929
74,1858
70,1707
70,1771
77,1943
77,1945
75,1870
75,1889
76,1943
#### generation 16
78,1944
71,1688
76,1856
69,1714
77,1895
69,1629
78,1950
75,1889
77,1953
78,1929
78,1966
72,1764
78,1946
78,1983
76,1916
78,1958
74,1824
78,1954
76,1904
65,1601
69,1723
71,1770
77,1936
78,1943
78,1956
76,1876
73,1785
77,1925
73,1802
72,1753
78,1987
68,1652
74,1818
73,1787
74,1834
70,1771
74,1822
77,1934
66,1567
70,1767
73,1775
75,1848
66,1642
74,1836
72,1748
74,1780
78,1958
75,1866
71,1777
70,1690
73,1808
78,1958
78,1952
71,1748
72,1729
78,1950
78,1961
77,1908
75,1973
75,1892
73,1783
73,1798
77,1944
70,1714
71,1725
72,1788
74,1902
76,1915
78,1986
76,1923
78,1981
70,1682
78,1983
73,1834
#### generation 17
75,1812
78,1929
77,1877
77,1883
68,1607
71,1770
76,1884
76,1855
76,1844
76,1940
69,1696
66,1586
78,1946
75,1855
76,1858
78,1946
78,1946
78,1950
72,1747
76,1908
75,1805
70,1764
74,1797
76,1893
74,1878
66,1633
75,1836
73,1799
71,1730
75,1876
78,1956
68,1627
78,1958
71,1702
78,1964
72,1788
70,1727
72,1779
78,1961
78,1962
78,1954
#### generation 18
71,1723
73,1754
70,1721
78,1925
74,1805
63,1493
71,1701
71,1782
72,1786
75,1858
73,1749
64,1472
72,1794
72,1818
71,1782
78,1944
78,1938
77,1874
77,1953
73,1807
75,1848
76,1873
78,1946
78,1946
68,1707
74,1830
77,1920
72,1722
76,1858
78,1924
76,1871
72,1750
72,1809
76,1821
73,1829
68,1624
71,1742
78,1954
78,1954
70,1797
78,1954
78,1924
77,1919
69,1692
78,1954
73,1826
71,1755
70,1697
78,1958
69,1684
#### generation 19
78,1924
69,1615
69,1620
75,1849
78,1924
78,1924
71,1717
78,1979
77,1895
72,1728
68,1646
77,1873
72,1779
68,1601
68,1630
79,1950
69,1647
78,1929
78,1930
71,1671
78,1932
77,1897
78,1938
74,1805
78,1924
78,1929
78,1921
73,1810
78,1936
78,1950
72,1722
67,1650
75,1832
78,1944
71,1716
72,1753
77,1919
71,1689
72,1786
77,1894
71,1654
69,1643
74,1873
71,1680
72,1791
78,1946
77,1902
70,1761
71,1734
71,1768
78,1951
74,1854
70,1721
78,1954
76,1909
78,1948
#### generation 20
77,1882
79,1950
79,1928
73,1766
71,1755
74,1804
78,1944
70,1679
72,1744
75,1828
78,1938
77,1887
78,1924
78,1924
73,1712
72,1795
74,1765
78,1931
78,1929
78,1922
72,1732
78,1924
78,1938
69,1659
74,1807
78,1944
77,1918
72,1764
78,1948
76,1847
78,1946
74,1793
74,1804
76,1852
72,1747
79,1977
#### generation 21
70,1745
77,1893
77,1906
77,1870
78,1922
73,1789
72,1806
74,1808
67,1614
79,1956
74,1827
68,1604
79,1977
75,1828
79,1977
75,1808
73,1820
76,1865
68,1659
78,1924
74,1831
73,1770
78,1926
78,1912
78,1951
79,1965
76,1826
72,1779
73,1727
65,1593
71,1757
74,1805
75,1813
78,1928
75,1866
75,1825
78,1932
75,1882
67,1640
75,1816
70,1710
69,1648
#### generation 22
79,1928
67,1666
76,1823
74,1816
79,1936
79,1929
72,1717
67,1635
76,1888
71,1759
74,1801
79,1950
75,1786
76,1835
74,1755
79,1948
76,1819
79,1950
79,1956
69,1631
71,1686
76,1846
71,1731
69,1628
76,1895
77,1968
72,1764
73,1741
71,1725
78,1947
76,1929
78,1909
77,1945
72,1782
71,1659
74,1827
78,1953
72,1692
77,1882
74,1766
74,1804
73,1792
74,1801
78,1926
78,1924
69,1589
75,1879
73,1751
67,1601
72,1706
76,1852
77,1927
78,1925
71,1711
68,1595
74,1775
72,1817
75,1796
72,1785
76,1869
#### generation 23
69,1636
77,1868
79,1928
73,1745
75,1796
72,1746
76,1853
78,1908
72,1733
79,1929
70,1670
72,1736
74,1804
74,1771
79,1936
79,1948
75,1831
72,1710
79,1950
76,1873
74,1842
76,1841
78,1942
75,1812
77,1893
75,1810
73,1789
78,1944
79,1945
69,1732
79,1956
75,1816
69,1609
74,1890
79,1956
78,1931
79,1956
79,1952
70,1703
71,1707
76,1925
79,1971
78,1931
73,1752
66,1521
66,1497
78,1925
77,1940
72,1734
74,1761
72,1754
73,1799
77,1908
77,1902
71,1682
78,1935
70,1716
76,1901
72,1828
76,1847
68,1671
68,1606
72,1736
77,1969
77,1875
72,1764
78,1924
74,1824
75,1871
71,1762
74,1807
70,1676
70,1694
77,1896
#### generation 24
72,1691
77,1865
78,1949
78,1904
77,1846
76,1872
79,1928
69,1649
79,1930
74,1777
78,1891
75,1780
74,1805
73,1759
79,1936
78,1927
79,1936
71,1658
77,1883
74,1766
70,1702
70,1671
76,1889
66,1574
71,1671
79,1948
75,1838
73,1821
79,1946
79,1948
67,1535
76,1881
73,1783
75,1846
70,1700
75,1854
71,1745
79,1950
79,1950
70,1709
73,1807
70,1684
75,1812
78,1942
76,1819
74,1821
73,1785
77,1952
78,1934
72,1761
75,1819
79,1950
75,1903
78,1898
79,1949
68,1567
73,1756
74,1806
77,1948
74,1803
72,1775
79,1956
76,1902
79,1956
75,1865
79,1956
70,1702
76,1831
75,1830
73,1815
66,1595
76,1890
68,1677
72,1683
77,1887
79,1965
78,1924
79,1965
76,1844
70,1720
78,1955
76,1873
70,1693
74,1817
74,1841
78,1927
75,1781
76,1900
70,1667
79,1977
79,1977
71,1689
69,1719
77,1925
74,1788
#### generation 25
79,1932
70,1690
68,1600
77,1863
78,1909
79,1928
70,1667
69,1556
65,1597
72,1768
77,1898
76,1855
79,1928
70,1695
74,1796
67,1575
73,1762
73,1757
78,1912
76,1902
74,1829
79,1928
79,1929
77,1917
64,1513
70,1690
73,1765
73,1734
72,1705
79,1947
73,1754
68,1548
79,1938
75,1827
78,1907
78,1907
77,1887
78,1912
79,1936
71,1725
78,1919
79,1936
79,1988
77,1864
76,1876
70,1700
74,1836
69,1636
70,1731
72,1808
79,1945
71,1738
75,1855
75,1809
74,1824
78,1942
75,1906
79,1949
74,1798
68,1625
78,1890
76,1897
79,1950
79,1983
73,1760
75,1864
75,1835
75,1821
71,1687
75,1834
#### generation 26
70,1703
78,1884
72,1800
77,1856
72,1763
68,1603
70,1671
74,1780
79,1932
74,1850
76,1870
79,1934
78,1884
78,1882
76,1822
77,1886
79,1929
71,1711
79,1929
77,1879
72,1795
79,1929
73,1776
74,1804
68,1650
79,1932
79,1930
73,1753
79,1932
77,1873
75,1898
79,1954
77,1857
76,1835
75,1808
79,1929
69,1696
75,1805
79,1936
68,1601
78,1884
71,1833
65,1517
79,1936
78,1952
67,1561
64,1463
75,1856
70,1712
73,1779
78,1908
71,1731
70,1648
79,1938
78,1935
72,1760
68,1698
73,1790
70,1702
79,1946
79,1947
76,1859
71,1727
66,1605
75,1850
69,1650
77,1868
73,1779
#### generation 27
79,1932
75,1807
78,1902
70,1633
74,1762
71,1749
71,1755
79,1928
73,1797
77,1891
77,1871
77,1887
72,1843
79,1959
79,1928
75,1822
79,1930
69,1659
79,1949
71,1711
73,1757
74,1818
68,1569
75,1814
73,1766
75,1815
73,1757
75,1831
79,1928
68,1617
73,1796
71,1650
74,1842
79,1929
77,1911
78,1899
78,1925
78,1932
79,1929
77,1880
71,1689
72,1793
73,1775
69,1647
73,1800
72,1685
76,1879
75,1818
78,1930
79,1929
75,1804
74,1835
66,1536
78,1919
79,1930
79,1942
72,1700
78,1938
75,1827
73,1757
76,1851
69,1643
77,1889
73,1738
70,1692
74,1796
74,1754
75,1853
79,1958
73,1729
73,1774
70,1681
74,1849
76,1869
79,1932
79,1959
73,1739
74,1869
79,1934
79,1942
76,1853
76,1824
79,1936
73,1810
74,1779
79,1938
72,1805
73,1870
#### generation 28
79,1928
75,1844
73,1713
73,1751
79,1928
73,1751
71,1753
69,1685
72,1728
71,1710
73,1801
78,1884
78,1896
75,1828
71,1686
78,1942
77,1898
67,1600
76,1856
76,1819
71,1681
70,1694
73,1741
73,1752
78,1942
79,1939
79,1925
71,1649
74,1728
77,1913
67,1579
77,1873
79,1928
75,1824
74,1793
77,1867
79,1928
79,1928
73,1765
75,1803
75,1831
72,1745
71,1719
72,1728
74,1783
78,1929
79,1929
69,1671
71,1714
73,1750
71,1676
78,1924
71,1720
78,1943
70,1677
72,1840
67,1559
79,1929
79,1929
73,1720
72,1733
74,1806
79,1929
72,1846
67,1546
74,1862
73,1742
68,1610
79,1929
73,1761
72,1720
71,1752
75,1839
76,1848
66,1576
78,1918
71,1748
72,1806
77,1907
74,1798
76,1860
79,1929
77,1899
63,1460
79,1930
70,1731
69,1709
71,1645
74,1788
77,1924
75,1807
76,1817
74,1828
71,1729
72,1727
#### generation 29
76,1937
75,1789
77,1863
75,1840
79,1928
79,1928
79,1928
78,1909
79,1948
76,1891
72,1759
74,1842
69,1682
70,1653
75,1862
75,1885
70,1677
79,1929
79,1929
74,1783
68,1660
63,1449
70,1658
78,1934
73,1808
71,1701
77,1860
75,1883
78,1918
69,1665
70,1687
#### generation 30
74,1816
67,1556
78,1882
79,1928
68,1620
73,1728
79,1928
74,1803
71,1699
79,1928
74,1821
69,1712
66,1563
67,1681
79,1923
74,1794
79,1928
72,1736
78,1950
79,1928
72,1710
80,1984
78,1935
72,1734
74,1784
77,1861
72,1780
79,1929
79,1935
75,1867
71,1775
#### generation 31
61,1485
70,1678
68,1663
80,1984
79,1956
71,1706
70,1676
79,1945
73,1753
78,1909
73,1758
75,1842
74,1801
74,1797
65,1547
78,1933
69,1705
72,1745
72,1776
76,1824
76,1862
79,1928
73,1757
72,1695
66,1597
72,1702
74,1790
75,1834
73,1779
74,1792
69,1675
69,1698
79,1931
79,1929
76,1844
#### generation 32
77,1892
79,1940
78,1928
80,1984
75,1856
72,1756
73,1750
74,1788
77,1906
77,1857
73,1764
76,1902
74,1729
78,1935
79,1940
72,1724
79,1928
74,1849
70,1646
79,1928
79,1928
75,1855
75,1850
78,1916
76,1823
79,1930
77,1900
77,1877
67,1552
79,1928
79,1928
73,1791
77,1857
77,1938
78,1933
67,1633
79,1929
#### generation 33
80,1984
65,1547
80,1984
69,1610
80,2017
75,1841
80,1984
70,1700
71,1763
74,1856
80,1984
71,1678
71,1759
74,1854
74,1791
69,1693
74,1795
75,1822
76,1820
72,1734
70,1633
78,1903
76,1869
79,1928
66,1586
74,1819
73,1790
69,1697
72,1755
77,1898
76,1819
69,1627
73,1729
74,1816
76,1868
79,1928
77,1885
78,1905
79,1928
79,1928
79,1932
74,1829
#### generation 34
72,1727
77,1911
72,1758
72,1683
80,1984
71,1760
79,1961
68,1561
73,1781
78,1916
77,1860
80,1984
79,1982
80,1984
80,1986
76,1857
72,1828
78,1906
72,1754
76,1838
69,1660
69,1634
80,2000
73,1757
79,2000
75,1819
75,1865
75,1821
75,1832
70,1697
78,1889
68,1573
73,1791
67,1618
75,1824
70,1647
79,1928
73,1736
68,1625
78,1905
76,1893
78,1937
79,1928
75,1812
69,1663
75,1773
79,1936
73,1773
79,1928
#### generation 35
76,1839
71,1710
79,1960
79,1975
78,1898
73,1744
73,1794
80,1984
74,1838
80,1984
80,1986
79,1961
72,1686
75,1822
73,1727
70,1742
73,1775
74,1782
73,1729
76,1899
80,1984
80,1984
71,1661
76,1919
76,1867
74,1796
78,1935
71,1732
69,1676
72,1768
80,1984
74,1874
77,1916
69,1698
78,1921
75,1820
70,1637
74,1791
70,1736
74,1798
80,2000
75,1849
74,1843
75,1828
73,1773
77,1861
70,1685
75,1808
74,1855
68,1601
68,1604
75,1828
75,1789
78,1927
79,1928
78,1916
69,1675
71,1707
76,1891
72,1754
71,1692
73,1844
#### generation 36
66,1623
78,1885
75,1867
71,1724
77,1916
77,1912
79,1936
72,1732
77,1912
79,1973
74,1853
71,1728
80,2008
76,1856
72,1720
74,1820
80,1984
75,1841
80,2010
71,1662
72,1777
66,1615
71,1794
77,1897
76,1922
80,1986
80,1984
71,1723
80,1984
69,1642
71,1708
80,1984
80,1986
77,1896
74,1838
78,1914
80,1984
78,1926
80,1982
72,1674
78,1916
81,1997
77,1874
70,1699
78,1904
71,1703
77,1911
78,1901
76,1854
68,1569
76,1851
74,1782
78,1943
78,1972
74,1838
77,1907
80,2000
80,2000
76,1869
79,1970
77,1884
79,1971
71,1675
75,1870
73,1807
74,1845
78,1921
78,1949
75,1874
76,1886
75,1832
77,1861
71,1672
77,1871
79,1928
73,1746
72,1719
78,1906
78,1919
#### generation 37
77,1923
73,1742
81,2005
80,1984
74,1769
80,1982
79,1940
80,1982
80,1984
77,1887
75,1831
78,1945
78,1945
80,1984
68,1641
74,1784
79,1963
80,1984
80,1982
64,1530
72,1779
72,1791
80,1990
69,1604
75,1800
74,1846
80,1988
74,1788
70,1666
71,1719
75,1837
76,1857
74,1808
78,1912
#### generation 38
71,1729
80,1964
71,1656
73,1768
80,1988
74,1780
72,1700
79,1954
81,2005
75,1833
73,1820
77,1896
73,1780
80,1998
68,1611
70,1725
73,1756
75,1868
80,1984
76,1880
71,1709
76,1859
72,1774
67,1580
71,1711
75,1857
80,2007
67,1583
79,1959
80,1982
71,1691
70,1703
71,1750
80,1984
72,1761
78,1919
80,1984
71,1654
#### generation 39
75,1816
75,1806
69,1607
70,1663
71,1698
72,1751
72,1759
69,1674
76,1864
76,1874
72,1789
81,2005
75,1808
78,1905
68,1584
77,1860
72,1787
78,1921
69,1649
68,1640
80,1982
77,1898
77,1891
77,1882
80,1989
75,1823
79,1961
74,1814
79,1942
69,1720
78,1904
80,1984
78,1922
80,1971
71,1726
78,1941
75,1852
73,1804
76,1830
76,1837
70,1718
79,1918
74,1799
#### generation 40
81,1997
76,1895
76,1807
79,1954
71,1675
61,1393
76,1909
77,1889
72,1731
75,1841
77,1891
81,2005
76,1853
76,1849
81,2005
70,1675
76,1836
80,1964
80,1971
79,1938
75,1842
69,1636
75,1826
78,1942
78,1954
73,1820
75,1845
76,1880
63,1559
80,2006
71,1731
78,1896
69,1644
73,1806
63,1453
66,1541
78,1915
68,1665
70,1685
67,1599
68,1666
71,1708
80,1984
#### generation 41
73,1833
70,1678
75,1847
76,1859
80,1971
70,1621
81,2005
71,1683
81,2005
72,1766
73,1765
70,1705
64,1472
76,1838
70,1712
79,1943
81,2005
77,1878
81,2005
72,1787
81,2005
71,1706
73,1749
81,2021
69,1671
75,1840
78,1914
72,1774
71,1662
67,1652
80,1982
78,1910
79,1955
75,1817
72,1799
76,1856
72,1768
74,1800
72,1717
76,1874
80,1982
71,1785
76,1857
73,1782
80,1984
70,1770
71,1738
#### generation 42
81,1997
77,1843
71,1703
71,1656
70,1749
81,1997
73,1732
79,1925
74,1796
81,2005
73,1772
69,1657
72,1737
81,2005
70,1699
74,1782
81,2005
74,1797
70,1682
79,1970
76,1867
80,1991
76,1869
81,2005
80,1969
81,2005
81,2005
81,2005
81,2005
75,1812
68,1621
72,1703
81,2005
76,1864
74,1781
71,1688
67,1544
79,1917
81,2005
68,1627
74,1792
71,1762
72,1768
75,1803
72,1750
73,1793
77,1935
68,1594
81,2003
73,1765
70,1671
81,2019
80,2000
73,1746
79,1940
77,1863
66,1591
75,1830
68,1599
74,1817
67,1602
77,1859
69,1636
73,1776
67,1576
77,1892
80,1982
78,1929
75,1837
70,1666
72,1761
#### generation 43
80,1975
74,1755
76,1870
80,1961
68,1595
71,1799
73,1801
80,1964
75,1778
69,1636
81,1997
71,1675
81,1997
81,1995
81,1997
71,1756
77,1884
79,1962
78,1903
78,1919
74,1754
81,2005
79,1940
74,1852
81,1999
66,1567
72,1707
72,1682
77,1899
70,1656
81,2005
72,1787
68,1589
77,1926
81,2005
68,1694
81,2011
79,1952
72,1715
64,1500
65,1522
72,1717
67,1562
71,1731
81,2021
80,1970
71,1672
69,1593
81,2005
69,1681
66,1555
73,1828
65,1555
70,1693
78,1944
79,1930
74,1827
72,1776
78,1905
78,1894
74,1807
69,1674
72,1714
70,1645
68,1501
69,1603
71,1700
75,1829
76,1892
77,1872
81,2005
73,1713
72,1744
76,1905
75,1808
77,1859
70,1744
67,1618
78,1926
73,1752
73,1763
81,2005
77,1887
79,1939
79,1940
71,1681
69,1585
81,2013
78,1907
74,1813
64,1538
78,1936
72,1719
70,1674
81,2003
79,1940
80,1971
71,1715
67,1610
73,1752
81,2003
73,1867
81,2005
80,1978
77,1888
71,1716
78,1902
68,1620
74,1800
80,1979
68,1617
76,1896
70,1644
77,1879
75,1850
76,1834
71,1712
78,1905
#### generation 44
77,1893
78,1899
78,1889
69,1679
79,1958
72,1757
74,1843
79,1940
76,1842
77,1888
75,1866
80,1987
81,1997
73,1788
80,1988
69,1598
70,1639
77,1899
80,1965
77,1854
75,1816
71,1689
79,1933
81,1997
81,2007
78,1934
72,1756
66,1594
68,1571
72,1720
76,1823
77,1926
75,1851
69,1710
75,1847
72,1735
74,1793
80,1964
69,1618
68,1598
81,2003
80,1975
78,1916
79,1929
80,1961
76,1839
80,1983
72,1677
79,1957
72,1709
69,1697
75,1860
81,2005
76,1826
75,1816
81,2005
81,2003
73,1713
72,1757
67,1616
#### generation 45
71,1735
77,1866
68,1611
78,1916
77,1889
69,1660
72,1745
81,1997
79,1945
75,1820
81,1993
73,1757
71,1661
76,1859
76,1886
75,1808
81,1997
80,1962
81,2007
80,1983
74,1719
74,1831
79,1913
71,1707
71,1678
78,1872
81,1997
75,1777
81,1997
81,1995
73,1731
80,1961
79,1920
79,1923
79,1944
73,1757
68,1598
78,1926
81,1999
66,1564
78,1893
80,1980
81,2003
81,2003
65,1474
78,1900
78,1894
77,1883
73,1763
77,1886
72,1774
71,1767
79,1954
81,2005
78,1889
81,2005
81,1999
76,1829
#### generation 46
70,1691
79,1942
71,1652
78,1921
81,1993
79,1912
75,1848
81,1995
70,1705
68,1663
81,1997
68,1599
73,1770
80,1978
73,1752
81,1997
81,1997
74,1827
71,1699
72,1750
75,1819
79,1948
75,1848
81,2003
78,1919
78,1869
73,1739
72,1705
79,1949
81,1997
76,1826
76,1859
77,1868
69,1691
74,1810
81,1997
77,1857
67,1571
81,1999
81,1999
81,1999
77,1899
78,1880
76,1826
81,1999
70,1770
72,1721
74,1776
80,1957
69,1653
73,1742
78,1959
66,1491
66,1597
69,1636
71,1689
73,1752
#### generation 47
75,1834
81,1993
81,1993
66,1545
81,1993
77,1856
81,1993
77,1906
81,1993
80,1966
65,1564
81,2013
71,1754
73,1701
80,1972
77,1848
75,1793
75,1810
69,1678
80,1955
79,1946
81,2017
78,1915
77,1889
81,1993
76,1800
78,1911
77,1885
81,1999
72,1777
81,1997
75,1831
70,1679
77,1869
69,1633
63,1488
81,1997
77,1871
76,1883
76,1874
79,1946
68,1598
79,1969
75,1776
76,1911
68,1698
78,1898
81,1999
81,1999
73,1725
#### generation 48
72,1745
73,1758
66,1516
74,1877
78,1911
72,1702
72,1689
76,1865
67,1594
75,1834
80,1975
75,1798
69,1665
74,1804
77,1906
78,1927
77,1896
63,1487
77,1883
73,1760
78,1894
81,1991
79,1931
80,1979
67,1601
81,1995
73,1748
78,1887
78,1901
67,1589
76,1900
78,1884
71,1739
81,1993
72,1772
69,1601
75,1747
81,1995
81,1995
68,1552
80,1961
78,1899
74,1740
77,1863
79,1960
79,1919
75,1873
81,1997
80,1967
72,1694
66,1580
71,1701
72,1766
69,1646
74,1808
67,1544
73,1757
76,1883
81,1997
75,1829
77,1869
73,1831
#### generation 49
81,2004
70,1665
77,1835
75,1830
80,1977
62,1434
62,1438
70,1686
69,1564
78,1901
72,1675
81,1993
79,1957
78,1932
75,1878
81,1993
77,1928
77,1893
80,1971
81,1991
81,1993
73,1772
71,1745
76,1879
71,1692
74,1788
67,1557
75,1795
80,1961
71,1668
67,1542
70,1705
74,1781
71,1745
81,1993
74,1787
68,1609
77,1869
71,1749
74,1753
81,1995
76,1834
73,1804
80,1955
73,1810
80,1976
76,1817
81,1995
78,1935
79,1927
76,1882
76,1862
81,1995
77,1845
71,1724
81,1997
75,1807
72,1700
81,1997
71,1696
67,1606
74,1799
75,1860
#### generation 50
81,1991
81,1991
78,1909
67,1624
65,1527
80,1975
81,1991
81,1991
78,1887
81,1992
76,1847
79,1956
80,1967
78,1900
76,1885
68,1601
81,1993
81,1993
78,1923
72,1728
68,1599
72,1734
76,1849
71,1686
81,1993
71,1686
81,1995
73,1741
67,1589
73,1740
78,1906
75,1759
79,1917
72,1746
81,1993
73,1761
76,1845
76,1810
77,1902
81,1995
70,1699
79,1921
75,1786
75,1793
73,1775
68,1608
70,1652
73,1746
77,1839
74,1823
79,1909
70,1694
70,1679
74,1793
81,1993
75,1825
70,1652
72,1732
80,1963
79,1952
77,1854
67,1596
73,1751
74,1757
81,2001
81,1995
68,1614
71,1703
79,1931
76,1848
80,1986
79,1918
79,1916
79,1919
74,1837
74,1843
77,1890
73,1715
81,1997
74,1784
68,1615
#### generation 51
77,1878
81,1991
74,1760
75,1819
80,1973
77,1873
72,1756
81,1992
72,1792
72,1790
69,1663
75,1835
77,1930
69,1645
76,1885
80,1966
76,1856
74,1769
73,1741
73,1784
74,1771
66,1656
80,1946
75,1913
72,1792
78,1915
81,1991
72,1754
70,1689
72,1721
70,1692
80,1968
79,1942
74,1812
68,1614
78,1917
81,1993
73,1785
77,1901
69,1708
80,1965
80,1963
81,2003
70,1636
78,1918
78,1926
81,1993
80,1945
79,1945
81,1993
75,1882
81,1991
75,1837
70,1702
74,1804
81,2005
80,1956
81,1993
79,1927
72,1732
73,1749
77,1848
78,1886
77,1877
79,1946
81,2007
74,1799
75,1922
76,1866
79,1941
74,1818
75,1782
70,1614
77,1941
78,1916
79,1935
#### generation 52
81,1991
81,1992
74,1789
80,1973
80,1963
81,1991
73,1735
73,1772
81,1991
81,1991
81,1991
81,1991
72,1732
74,1760
80,1968
76,1881
77,1851
80,1975
72,1740
73,1724
62,1483
81,1991
70,1655
76,1878
81,2009
81,1993
76,1838
81,1991
81,1991
77,1856
75,1848
81,1993
70,1755
63,1453
75,1838
78,1934
75,1827
73,1793
74,1802
59,1341
81,1991
59,1341
67,1628
70,1639
74,1787
81,1992
78,1889
80,1967
80,1954
76,1846
74,1817
74,1809
73,1791
72,1750
73,1777
68,1630
81,1993
78,1868
80,1944
79,1935
81,1993
66,1547
73,1761
72,1714
78,1899
76,1809
76,1842
73,1799
80,1980
#### generation 53
76,1888
81,1991
74,1756
76,1851
81,2003
81,1989
80,1945
81,1993
79,1975
81,1991
70,1681
81,1991
78,1929
79,1935
75,1805
66,1532
72,1730
73,1788
72,1691
68,1568
73,1839
65,1490
73,1758
81,1993
72,1719
81,1993
78,1900
69,1664
72,1730
65,1527
81,1991
79,1921
71,1746
71,1802
81,1991
81,1991
71,1669
81,1991
81,1991
79,1924
71,1772
72,1782
70,1672
63,1455
66,1571
80,1967
69,1709
76,1854
78,1904
72,1727
68,1610
71,1669
71,1693
72,1777
81,1999
79,1938
77,1834
80,1977
72,1739
79,1933
80,1986
76,1845
81,1991
73,1767
78,1910
78,1889
72,1782
78,1883
73,1778
65,1541
81,2004
75,1870
78,1956
80,2000
77,1924
79,1932
81,1993
76,1867
74,1773
#### generation 54
73,1787
80,1959
69,1598
74,1812
72,1696
73,1771
74,1775
70,1718
81,1991
65,1569
70,1643
77,1860
80,1963
73,1796
77,1861
81,1991
70,1700
81,1991
70,1644
81,1991
70,1657
70,1668
79,1916
77,1873
73,1786
74,1731
81,1992
80,1973
80,1963
73,1763
78,1942
72,1752
81,2022
75,1814
81,1991
76,1879
81,1991
68,1652
81,1991
77,1865
78,1902
65,1457
#### generation 55
72,1748
73,1746
80,1972
80,1965
81,1991
80,1978
72,1755
72,1701
80,1998
78,1934
79,1919
81,1991
74,1771
64,1467
81,1989
81,1999
81,1991
74,1775
81,1991
80,1967
74,1783
67,1577
78,1916
74,1812
81,1991
67,1591
72,1742
81,1993
81,1991
81,1991
#### generation 56
81,1989
75,1856
70,1626
79,1936
81,1997
69,1625
77,1909
70,1688
69,1634
68,1537
76,1838
77,1879
76,1846
77,1876
72,1689
81,1991
74,1766
79,1919
81,1989
71,1652
69,1654
74,1810
73,1790
76,1906
74,1806
77,1851
78,1906
74,1793
80,1984
74,1802
74,1793
79,1953
79,1939
80,1959
#### generation 57
78,1888
73,1731
80,1982
80,1969
73,1742
79,1970
81,1989
70,1704
77,1881
77,1871
78,1885
81,1991
80,1986
74,1845
70,1658
80,2006
80,1963
76,1881
72,1713
73,1752
74,1795
67,1626
72,1770
81,1991
71,1703
80,1978
67,1583
74,1745
67,1567
81,1991
79,1919
71,1685
77,1903
74,1767
79,1907
70,1747
80,1985
79,1922
#### generation 58
78,1900
70,1723
75,1785
72,1730
67,1605
79,1946
77,1870
81,1991
71,1755
76,1886
71,1731
80,1982
74,1783
76,1840
71,1650
71,1692
74,1756
71,1651
77,1902
75,1824
81,2003
79,1925
76,1835
72,1744
78,1918
80,1963
71,1728
78,1885
76,1836
80,1976
71,1716
78,1928
70,1671
80,1983
81,1991
81,1989
81,1991
73,1799
69,1640
72,1754
69,1549
76,1893
76,1834
76,1813
69,1625
69,1616
77,1849
81,1991
#### generation 59
77,1845
80,1984
81,1989
81,1989
72,1676
81,1989
77,1891
77,1852
80,1970
76,1822
79,1917
81,2046
76,1867
78,1875
71,1698
81,1989
68,1635
74,1798
73,1786
66,1561
81,1991
81,1989
74,1806
78,1899
79,1994
70,1656
81,1987
81,1991
81,1991
75,1795
60,1326
70,1663
67,1571
78,1895
78,1908
78,1916
75,1841
77,1908
78,1919
77,1907
81,1991
74,1810
68,1605
81,1991
76,1846
73,1768
68,1627
81,1991
81,1991
69,1615
#### generation 60
78,1905
75,1838
69,1643
76,1861
63,1541
78,1920
77,1876
81,1989
62,1443
76,1831
74,1758
81,1997
73,1710
78,1875
74,1749
77,1913
78,1900
74,1809
71,1695
80,1969
81,1989
78,1932
75,1806
81,1989
80,1971
73,1800
64,1457
75,1811
79,1957
77,1870
80,1988
81,1993
79,1921
81,1991
78,1911
79,1940
76,1828
77,1888
80,1973
81,1999
74,1760
80,1973
79,1948
#### generation 61
80,1973
71,1693
80,1981
74,1748
75,1806
75,1817
81,1989
79,1921
78,1920
76,1887
72,1732
71,1722
73,1770
81,1991
75,1794
81,1989
70,1664
81,1989
65,1534
73,1804
81,1989
71,1658
76,1829
71,1713
81,1989
80,1992
71,1673
80,2004
76,1837
81,1989
79,1951
81,1989
80,1962
81,1991
75,1823
81,1995
81,1991
74,1877
79,1925
81,1992
79,1936
72,1727
74,1855
73,1802
79,1931
70,1674
74,1786
70,1676
#### generation 62
74,1833
79,1905
79,2010
73,1747
81,1987
81,1989
78,1918
80,1975
74,1796
81,1997
81,2010
79,1938
71,1787
82,2056
80,2011
69,1641
70,1672
71,1656
77,1871
81,1989
75,1805
81,1991
76,1849
81,1988
80,1974
79,1922
75,1826
80,1965
61,1359
67,1559
78,1919
81,1989
80,1961
81,1989
81,1989
70,1629
81,1989
81,1989
80,1961
78,1899
79,1921
69,1661
73,1717
76,1845
72,1752
70,1709
75,1773
75,1773
76,1862
80,1959
75,1761
81,1989
80,1971
81,1989
81,1989
81,1989
76,1851
81,1989
77,1835
81,1989
74,1750
79,1923
72,1748
65,1541
77,1879
79,1923
73,1720
81,1991
#### generation 63
82,2054
75,1829
74,1758
78,1904
69,1657
74,1789
79,1954
68,1601
77,1910
75,1767
79,1924
70,1625
73,1755
81,1989
81,1989
70,1679
75,1840
73,1718
81,1989
70,1723
72,1749
81,1989
70,1647
81,1991
78,1905
81,1989
81,1989
81,1989
81,1989
73,1805
68,1614
#### generation 64
69,1682
77,1909
82,2054
73,1773
82,2058
72,1675
74,1819
78,1884
71,1720
81,1989
68,1591
76,1833
73,1767
70,1679
76,1816
81,1989
67,1645
81,1989
76,1836
77,1867
75,1765
69,1619
81,1989
75,1782
65,1554
72,1669
74,1776
73,1752
75,1815
77,1863
70,1714
79,1934
75,1834
#### generation 65
73,1770
80,1976
78,1903
77,1876
70,1642
82,2054
72,1716
67,1575
82,2057
80,1974
82,2058
81,2027
80,1998
78,1944
73,1804
71,1700
68,1601
70,1669
79,1943
69,1645
81,1989
74,1771
78,1895
80,1963
77,1874
75,1823
62,1436
80,1968
77,1890
70,1682
75,1764
79,1950
81,1989
72,1716
73,1728
76,1870
74,1847
73,1780
76,1833
77,1873
#### generation 66
73,1824
67,1592
77,1911
82,2054
78,1964
76,1868
71,1729
79,1931
71,1715
68,1614
81,2022
76,1850
72,1766
82,2056
80,1998
80,1999
74,1885
72,1739
71,1696
68,1665
74,1843
74,1795
76,1862
71,1716
81,1989
75,1793
81,1989
81,1989
66,1542
77,1902
81,1989
72,1707
71,1655
75,1819
69,1580
76,1846
67,1581
76,1880
69,1579
75,1786
81,1993
81,1989
66,1537
#### generation 67
74,1851
69,1645
82,2054
67,1604
75,1831
78,1893
76,1880
77,1891
81,2004
81,1987
64,1500
82,2054
75,1810
69,1750
81,2013
80,1984
82,2043
79,1962
70,1740
82,2058
80,2000
72,1755
78,1897
73,1717
72,1738
74,1782
74,1778
81,1989
79,1921
68,1627
79,1923
68,1654
77,1868
81,1989
81,1989
77,1841
67,1561
81,1989
71,1667
75,1851
73,1750
69,1652
76,1802
#### generation 68
77,1910
75,1870
75,1898
72,1770
79,1943
74,1805
72,1732
76,1904
82,2054
77,1945
69,1667
68,1613
72,1762
78,1915
71,1721
80,1984
69,1655
67,1623
75,1898
72,1770
69,1628
73,1805
76,1871
79,1981
80,2009
71,1736
80,1978
74,1854
72,1748
75,1840
81,1989
81,2013
72,1808
72,1738
72,1780
73,1841
72,1758
81,2026
79,1958
68,1681
75,1896
80,1994
79,1975
75,1855
79,1993
82,2056
72,1730
80,1984
82,2058
77,1880
76,1881
74,1765
71,1739
68,1563
71,1702
77,1869
81,1991
72,1720
81,1989
81,1989
75,1840
79,1925
69,1679
79,1945
81,1993
71,1697
69,1601
#### generation 69
76,1828
79,1976
81,1997
77,1869
80,1996
82,2054
76,1873
78,1908
77,1895
77,1921
68,1650
70,1666
82,2054
72,1726
80,1974
82,2054
70,1754
81,2034
82,2054
72,1708
77,1933
70,1703
82,2056
80,2023
78,1913
75,1896
72,1776
79,1991
65,1560
75,1861
80,1965
80,1993
82,2056
78,1928
72,1775
80,2002
74,1878
81,2042
82,2070
72,1757
79,1987
80,1980
80,2035
72,1775
82,2061
72,1777
64,1485
79,1968
82,2058
82,2044
72,1773
72,1767
76,1900
81,2031
71,1689
80,1997
81,2037
82,2058
74,1790
73,1807
71,1735
73,1787
82,2046
82,2062
78,1930
73,1779
75,1811
72,1797
81,1987
81,1990
71,1704
78,1888
81,1989
78,1907
80,1953
81,1989
71,1693
69,1701
81,1991
81,1989
#### generation 70
82,2043
79,1978
76,1899
82,2043
77,1885
77,1929
78,1933
75,1880
71,1772
74,1863
76,1865
79,1938
76,1802
73,1763
82,2054
71,1736
82,2052
81,2013
81,2042
78,1935
77,1867
82,2054
82,2058
78,1913
80,1982
72,1752
71,1735
78,1896
71,1722
69,1653
69,1659
69,1639
77,1890
82,2071
80,1980
72,1726
82,2054
79,1989
78,1911
69,1592
82,2054
77,1882
73,1748
80,1972
82,2054
71,1712
72,1712
82,2054
71,1726
81,2021
82,2048
75,1847
73,1742
73,1782
71,1801
71,1704
74,1804
82,2054
73,1812
82,2056
82,2056
82,2056
80,1984
79,1955
79,1961
81,2043
71,1772
82,2056
73,1722
71,1760
75,1834
82,2062
82,2056
79,1929
68,1676
75,1841
81,2037
82,2054
71,1736
82,2058
72,1748
75,1847
73,1790
77,1928
70,1667
67,1573
79,2004
68,1611
77,1948
70,1662
79,1970
77,1979
82,2058
82,2060
73,1781
77,1912
70,1727
78,1962
74,1790
72,1730
79,1973
76,1910
82,2062
78,1972
82,2058
75,1823
75,1784
69,1573
67,1653
75,1824
75,1862
81,2037
71,1725
70,1693
82,2070
79,1976
70,1707
82,2070
74,1789
#### generation 71
82,2043
76,1868
79,1952
81,2019
80,1970
80,1977
78,1934
82,2043
78,1908
78,1915
74,1769
79,2038
79,1959
68,1629
82,2044
82,2046
75,1833
77,1907
71,1702
75,1783
82,2056
78,1930
66,1596
82,2046
75,1884
82,2044
72,1808
75,1831
75,1878
77,1939
80,2019
82,2054
78,1938
76,1840
79,1944
82,2056
74,1834
72,1738
82,2054
76,1879
72,1794
69,1629
79,1935
81,2022
68,1603
82,2068
80,2011
81,2037
80,1964
81,2034
73,1817
80,1978
#### generation 72
72,1782
72,1705
73,1766
75,1870
76,1864
73,1842
79,1944
74,1808
73,1782
73,1752
82,2044
81,2004
71,1757
69,1648
81,2024
72,1794
80,1978
69,1647
74,1797
71,1708
80,1998
73,1783
67,1538
72,1755
79,1957
73,1727
82,2074
82,2056
75,1810
82,2046
82,2046
82,2046
82,2046
71,1710
82,2046
69,1706
71,1734
82,2052
78,1973
75,1835
78,1887
69,1550
81,2008
81,2028
74,1837
65,1559
82,2054
81,2026
72,1722
74,1792
80,1982
69,1673
80,1997
82,2054
79,1953
#### generation 73
81,2003
80,1983
73,1804
79,1957
82,2049
67,1659
82,2043
77,1881
72,1714
79,1949
76,1854
77,1908
82,2043
82,2043
68,1612
80,1967
71,1779
72,1786
78,1947
82,2075
82,2043
68,1643
69,1631
74,1789
72,1736
78,1901
75,1897
70,1669
78,1928
81,2008
79,1955
82,2044
81,1989
69,1663
82,2044
77,1891
82,2044
82,2042
75,1820
82,2044
75,1840
72,1717
75,1847
78,1913
74,1831
81,2016
82,2046
70,1700
82,2036
82,2046
72,1752
75,1857
82,2046
71,1733
70,1740
78,1922
82,2048
82,2050
74,1816
74,1825
73,1846
82,2046
78,1939
76,1888
75,1827
74,1847
80,1966
69,1640
82,2048
78,1966
80,2000
82,2052
82,2054
62,1503
82,2054
75,1792
77,1892
82,2054
78,1913
80,1978
69,1662
79,1959
#### generation 74
72,1758
75,1900
73,1829
71,1744
72,1781
72,1774
79,1924
82,2043
82,2043
73,1823
80,1944
68,1617
72,1723
79,1957
72,1754
79,1973
75,1847
80,1978
75,1870
78,1941
82,2044
82,2044
77,1895
76,1869
79,1943
82,2046
67,1605
75,1884
80,1975
66,1607
77,1859
71,1731
82,2046
#### generation 75
82,2036
78,1867
72,1711
81,2030
78,1952
79,1960
82,2056
72,1724
78,1915
82,2045
77,1910
78,1903
77,1926
67,1565
82,2043
73,1789
70,1752
74,1791
73,1864
70,1695
78,1896
75,1876
71,1750
81,2034
73,1828
72,1747
73,1846
75,1788
64,1523
76,1881
73,1798
77,1887
75,1895
82,2046
67,1597
77,1891
#### generation 76
71,1834
76,1848
78,1911
82,2036
80,2016
80,1998
82,2048
75,1805
72,1748
72,1705
69,1651
75,1826
72,1771
81,2024
74,1782
75,1830
80,1964
78,1969
81,2019
75,1838
77,1933
77,1911
81,1990
82,2043
82,2071
82,2050
69,1654
80,1991
74,1804
82,2044
70,1720
80,1976
78,1916
82,2044
72,1742
79,1943
73,1810
80,1984
81,2016
70,1713
#### generation 77
76,1839
64,1555
74,1779
77,1871
82,2036
71,1748
77,1887
73,1754
80,1960
77,1887
73,1825
82,2044
81,2031
67,1642
79,1980
82,2075
82,2043
79,1950
82,2043
81,1997
69,1765
67,1637
72,1736
69,1684
81,2042
82,2043
80,1988
82,2044
80,2024
78,1905
82,2044
74,1794
69,1723
80,2007
78,1929
77,1938
81,2011
70,1736
69,1672
#### generation 78
74,1788
75,1829
72,1767
76,1924
79,1959
82,2036
81,2035
81,2004
82,2040
82,2036
79,1944
80,1994
68,1621
77,1934
79,1961
71,1738
69,1664
67,1629
72,1835
70,1691
72,1823
73,1776
80,2004
82,2043
81,2015
82,2043
77,1898
80,2006
80,1971
74,1879
75,1921
80,1985
78,1891
75,1928
78,1964
70,1658
82,2045
77,1936
81,2044
72,1738
70,1721
81,2016
71,1750
69,1632
66,1567
79,1960
69,1664
71,1726
#### generation 79
77,1899
79,1939
73,1762
78,1908
80,1933
74,1821
79,1932
82,2036
75,1824
75,1827
78,1901
79,2005
80,1976
66,1638
75,1802
80,2009
81,2006
82,2036
72,1749
71,1730
72,1730
80,1958
82,2038
79,1990
77,1876
73,1800
72,1823
72,1781
79,1952
74,1821
70,1706
66,1628
81,1996
80,1972
73,1777
76,1814
75,1925
82,2041
65,1556
75,1894
71,1732
74,1769
79,1989
73,1775
73,1802
77,1933
81,2013
76,1932
82,2043
82,2043
82,2043
72,1688
82,2050
75,1857
81,2009
78,1938
#### generation 80
69,1656
81,2011
82,2036
81,2014
68,1663
78,1921
82,2030
82,2036
82,2036
82,2036
76,1913
81,2005
73,1795
77,1922
73,1809
81,1994
79,1943
72,1767
80,2016
78,1928
68,1640
78,1953
79,1916
78,1912
69,1645
82,2038
71,1744
80,1967
82,2050
73,1790
73,1785
82,2040
73,1799
76,1860
71,1708
79,1974
82,2045
76,1877
81,2027
82,2043
69,1636
79,1925
75,1789
82,2045
76,1881
82,2043
62,1428
79,1966
74,1792
82,2043
70,1683
66,1536
#### generation 81
79,1930
74,1805
74,1834
82,2036
82,2036
73,1793
71,1719
70,1737
78,1938
78,1919
75,1850
78,1924
79,1941
73,1780
80,1991
74,1788
72,1797
80,1960
82,2029
67,1557
73,1787
78,1922
82,2052
71,1749
78,1930
79,1969
78,1966
82,2036
75,1864
71,1838
75,1881
82,2032
82,2036
73,1860
82,2042
78,1901
69,1669
82,2046
82,2038
75,1855
82,2041
82,2042
77,1905
78,1899
80,1970
75,1878
79,1978
81,2025
78,1964
81,2019
80,1998
71,1711
79,1964
#### generation 82
77,1876
82,2032
81,1995
82,2028
79,1963
72,1743
72,1751
73,1778
67,1614
69,1657
79,1940
81,2004
72,1787
80,1991
81,2002
79,1952
82,2036
74,1861
64,1555
76,1843
81,2015
74,1861
77,1927
73,1777
78,1904
65,1509
67,1614
75,1796
77,1868
82,2036
80,1992
81,2016
75,1868
69,1627
74,1833
77,1877
74,1880
76,1826
69,1674
77,1949
82,2034
82,2036
73,1807
66,1527
80,1971
73,1803
82,2038
82,2040
82,2040
82,2040
73,1814
82,2041
82,2040
81,2008
68,1609
77,1909
80,1996
#### generation 83
72,1743
82,2028
71,1682
79,1928
75,1827
78,1948
77,1931
81,2019
76,1942
67,1610
75,1843
78,1962
66,1563
71,1698
70,1696
79,1969
80,1995
76,1927
82,2032
78,1902
79,1941
68,1598
69,1728
76,1854
80,1958
82,2034
66,1685
72,1765
82,2036
75,1857
75,1878
78,1891
73,1863
70,1740
80,1964
71,1752
79,1920
66,1580
76,1899
68,1631
81,1994
64,1509
73,1821
73,1864
75,1854
76,1883
71,1780
78,1971
80,1961
77,1869
77,1913
67,1598
75,1870
81,2037
76,1850
76,1882
70,1663
81,2006
#### generation 84
80,1976
69,1683
74,1891
66,1591
81,2015
81,1987
78,1913
80,2002
80,1978
82,2026
72,1763
72,1735
81,2003
74,1850
72,1732
77,1877
74,1804
72,1731
70,1679
76,1872
68,1610
78,1926
69,1685
79,1942
67,1618
69,1643
73,1820
82,2034
74,1829
67,1603
73,1818
82,2036
64,1603
76,1893
79,1960
79,1993
82,2038
74,1788
80,1985
72,1746
79,1954
80,1990
82,2036
79,1980
79,1973
74,1765
79,1941
76,1872
77,1886
#### generation 85
76,1875
71,1811
71,1723
79,1973
80,1967
75,1824
73,1740
82,2028
72,1748
82,2032
82,2029
82,2047
76,1895
82,2029
74,1816
70,1759
75,1885
77,1915
79,1952
78,1919
73,1811
80,1963
80,1973
74,1811
75,1909
73,1798
78,1878
74,1819
78,1926
79,1997
82,2040
82,2036
82,2036
78,1891
79,1934
79,1956
79,1967
70,1672
75,1813
79,1974
81,2035
79,1927
80,2001
74,1779
76,1872
78,1918
75,1845
79,1970
#### generation 86
82,2026
69,1650
73,1850
73,1769
81,2005
82,2026
81,2002
78,1894
76,1841
78,1916
76,1866
82,2050
82,2026
70,1755
72,1717
72,1794
70,1671
82,2028
74,1795
73,1776
82,2033
73,1745
77,1928
77,1887
72,1795
82,2030
73,1738
70,1652
74,1878
82,2032
82,2032
82,2040
76,1883
81,2031
76,1833
78,1934
82,2036
82,2052
77,1907
78,1951
81,2004
80,1972
80,1958
79,1928
79,1960
79,2004
76,1799
77,1925
71,1672
82,2036
75,1852
81,2018
77,1907
#### generation 87
72,1798
82,2026
78,1922
78,1970
82,2026
82,2026
82,2033
82,2026
75,1868
75,1840
78,1900
81,2000
72,1791
73,1835
68,1673
82,2028
75,1809
82,2028
82,2028
79,1946
70,1651
67,1553
79,1930
82,2028
70,1779
73,1778
81,1997
72,1756
79,1933
82,2029
74,1781
68,1636
80,1942
78,1903
81,1997
71,1716
82,2029
80,2004
79,1948
80,1999
75,1886
79,1916
69,1662
82,2032
82,2032
73,1775
75,1854
82,2028
82,2032
80,1989
73,1833
79,1948
66,1538
79,1962
72,1704
82,2036
81,2005
80,2013
65,1525
82,2030
82,2036
#### generation 88
77,1858
68,1680
79,2018
82,2026
75,1832
76,1929
71,1742
76,1854
82,2026
78,1926
70,1699
71,1762
80,1972
77,1917
74,1758
76,1844
80,1950
80,1956
69,1687
77,1950
75,1850
82,2026
80,1952
75,1874
76,1838
80,1955
74,1821
80,1971
80,2020
74,1808
75,1850
76,1934
73,1826
72,1824
73,1803
80,1978
77,1876
82,2028
82,2028
78,1955
74,1871
77,1935
76,1845
82,2028
82,2042
80,2007
82,2028
74,1878
79,1954
72,1780
67,1627
81,2004
74,1847
71,1790
72,1730
82,2030
82,2028
75,1883
82,2033
82,2029
80,1991
82,2029
81,1987
78,1918
82,2029
70,1728
72,1729
72,1847
78,1903
82,2030
74,1850
75,1845
81,2008
71,1740
76,1932
81,2007
82,2032
#### generation 89
75,1881
82,2026
82,2026
81,1992
82,2032
80,1978
68,1602
76,1930
80,2013
77,1881
72,1740
70,1683
72,1775
70,1691
81,1994
82,2026
82,2026
73,1848
82,2026
82,2026
80,1950
82,2030
73,1770
76,1876
82,2026
77,1883
78,1915
69,1643
82,2026
73,1788
79,1947
75,1824
82,2032
75,1867
74,1808
80,1960
72,1806
82,2026
82,2038
69,1745
79,1983
73,1813
82,2028
72,1770
80,1990
81,2001
72,1750
80,1993
77,1883
77,1926
81,1999
75,1881
82,2028
71,1755
74,1821
62,1523
82,2028
82,2028
68,1696
73,1777
82,2028
75,1911
77,1837
82,2027
82,2046
78,1956
#### generation 90
73,1826
76,1826
75,1886
69,1728
72,1764
71,1739
77,1873
73,1755
76,1858
69,1657
80,1965
76,1836
82,2042
77,1868
82,2026
70,1677
79,1908
76,1964
74,1785
69,1643
77,1905
79,1932
70,1675
79,1997
72,1766
72,1820
81,1992
82,2046
77,1891
80,2014
72,1771
76,1888
82,2026
81,2026
74,1787
82,2028
80,1946
82,2026
74,1791
81,2025
82,2046
75,1845
77,1906
82,2026
75,1871
69,1709
72,1845
71,1748
82,2026
78,1950
78,1905
77,1904
75,1875
81,1994
82,2026
74,1819
79,1929
81,2038
76,1825
68,1662
75,1796
77,1867
82,2026
72,1710
70,1737
82,2026
78,1930
77,1860
78,1888
82,2026
78,1901
82,2026
66,1558
75,1862
72,1780
75,1862
82,2026
72,1731
70,1787
82,2027
80,2024
70,1647
81,1976
73,1832
82,2043
78,1891
67,1670
71,1768
68,1703
75,1833
#### generation 91
82,2026
71,1753
82,2026
73,1882
75,1843
80,1978
69,1689
81,1984
76,1937
80,1960
69,1698
70,1667
70,1761
80,1960
82,2040
75,1800
76,1906
77,1953
71,1761
74,1762
72,1806
76,1859
78,1949
80,1974
82,2046
72,1813
73,1811
82,2026
71,1673
80,1977
#### generation 92
76,1858
73,1771
75,1881
67,1627
74,1787
72,1704
75,1860
71,1690
67,1573
80,1961
82,2026
73,1797
74,1839
72,1796
80,1997
73,1759
67,1553
82,2024
82,2030
82,2026
75,1833
77,1928
81,2000
72,1710
78,1937
77,1877
75,1862
82,2026
71,1757
73,1782
#### generation 93
77,1927
82,2026
82,2026
78,1891
71,1731
73,1844
80,2007
71,1757
78,1906
82,2026
82,2026
78,1914
67,1548
80,1984
77,1889
82,2026
80,1981
71,1714
80,1983
69,1682
74,1815
79,1999
71,1764
75,1809
78,1935
68,1648
74,1817
82,2026
74,1878
78,1917
#### generation 94
77,1884
69,1729
81,1992
76,1845
73,1829
79,1932
70,1646
74,1784
68,1709
82,2030
82,2026
72,1777
80,1989
82,2026
81,1992
75,1788
81,1974
78,1908
71,1730
77,1916
82,2026
82,2026
78,1924
71,1715
77,1958
72,1787
81,1972
82,2040
69,1656
82,2026
76,1858
78,1900
82,2026
66,1556
80,2012
82,2032
#### generation 95
74,1841
81,1998
77,1878
81,1983
72,1844
81,2014
77,1903
70,1732
78,1916
75,1799
77,1853
71,1727
81,1988
71,1691
74,1887
76,1900
70,1712
71,1782
76,1916
82,2046
80,1964
75,1870
82,2026
78,1934
78,1916
66,1574
75,1844
81,1996
73,1787
75,1824
67,1643
81,1992
74,1889
78,1887
73,1778
74,1896
#### generation 96
71,1739
76,1909
82,2026
78,1896
77,1973
72,1831
82,2026
81,2057
78,1987
73,1842
82,2034
82,2026
70,1670
78,1912
82,2026
71,1793
78,1951
74,1804
76,1861
74,1827
76,1875
81,2084
82,2026
80,1972
76,1888
65,1579
82,2030
82,2026
73,1848
80,1993
74,1848
#### generation 97
73,1766
75,1834
81,2000
79,1926
71,1756
70,1642
78,1903
70,1708
71,1762
82,2026
78,1981
73,1782
79,1982
82,2026
76,1899
71,1758
76,1897
79,1921
69,1692
82,2026
78,1927
70,1653
79,1951
79,1971
68,1627
71,1782
67,1610
70,1654
82,2030
74,1804
82,2036
77,1894
#### generation 98
78,1930
79,1989
76,1871
82,2028
69,1610
79,1946
78,1881
82,2038
78,1959
75,1917
75,1833
71,1749
77,1952
82,2026
77,1875
77,1936
81,1979
72,1798
79,1939
73,1799
73,1865
79,1908
81,1992
74,1803
70,1700
75,1786
80,2017
78,1900
72,1765
76,1861
81,1981
80,2005
#### generation 99
72,1821
71,1723
82,2024
80,1969
78,1920
77,1926
70,1724
82,2026
78,1870
82,2041
77,1950
78,1894
82,2026
75,1822
70,1708
67,1523
81,2057
79,1983
82,2026
75,1854
77,1922
74,1855
82,2026
82,2026
80,1960
79,1920
69,1680
77,1897
70,1737
73,1832
68,1611
77,1900
82,2026
#### generation 100
82,2028
82,2026
74,1837
75,1839
80,1976
75,1873
76,1873
79,1926
78,1902
82,2024
73,1870
64,1554
71,1747
78,1907
77,1897
65,1605
75,1873
73,1777
74,1844
70,1679
80,2023
75,1895
74,1821
73,1828
82,2024
82,2026
78,1937
74,1875
82,2024
78,1938
73,1824
82,2028
81,1974
71,1781
80,1952
77,1885
71,1768
73,1773
71,1723
78,1911
#### generation 101
81,2016
74,1829
75,1913
82,2024
74,1850
76,1882
82,2022
82,2022
77,1932
81,2012
81,1982
74,1795
76,1837
79,1932
77,1927
74,1794
74,1805
73,1748
82,2030
68,1657
79,1922
73,1818
82,2026
71,1764
82,2022
78,2016
82,2026
75,1797
63,1566
73,1749
82,2030
75,1837
68,1666
73,1828
77,1901
78,1923
82,2044
71,1749
80,2016
74,1845
71,1715
82,2026
78,1892
75,1845
82,2026
#### generation 102
80,2014
76,1804
67,1564
76,1853
69,1656
65,1513
73,1769
70,1752
82,2042
80,1956
82,2027
82,2042
78,1924
72,1743
64,1543
77,1964
82,2024
71,1711
78,1925
75,1919
71,1764
79,1944
81,2019
69,1653
82,2024
81,1972
74,1805
72,1783
75,1896
82,2024
76,1870
67,1573
81,2042
79,1956
80,1971
82,2026
81,1984
72,1764
80,1974
73,1805
76,1919
81,1994
68,1680
77,1916
82,2026
74,1801
82,2026
70,1661
#### generation 103
82,2022
76,1831
72,1785
76,1843
81,1994
69,1680
82,2022
72,1697
81,2006
71,1749
81,1992
77,1945
76,1856
76,1841
78,1913
71,1750
82,2036
78,1952
62,1492
82,2028
77,1891
82,2040
82,2026
73,1744
72,1774
71,1779
81,1992
75,1839
79,1930
73,1829
78,1881
71,1761
73,1807
78,1907
77,1920
76,1908
78,1977
77,1897
82,2026
82,2026
82,2026
81,1996
82,2026
82,2026
79,1919
#### generation 104
69,1611
80,1996
82,2022
79,1894
74,1880
79,1991
82,2022
69,1672
75,1816
68,1595
76,1914
82,2041
77,1916
72,1759
72,1737
82,2022
81,1980
82,2022
71,1755
82,2022
82,2022
82,2022
76,1862
78,1905
82,2022
76,1854
74,1844
75,1822
82,2022
82,2022
70,1746
77,1887
78,1942
76,1856
82,2024
81,2010
76,1910
79,1946
77,1880
82,2048
80,1962
78,1947
80,1966
80,2032
75,1802
79,1924
78,1933
81,2029
78,1918
71,1695
74,1833
73,1816
77,1919
82,2026
72,1768
72,1737
82,2036
77,1894
81,2004
73,1870
72,1714
77,1879
77,1886
73,1792
71,1727
82,2026
#### generation 105
73,1773
75,1884
78,1936
75,1860
72,1796
73,1760
70,1752
82,2022
80,1968
82,2022
82,2028
72,1774
80,1975
82,2022
75,1831
82,2034
65,1538
79,1977
78,1893
69,1691
71,1720
82,2024
82,2022
82,2022
81,1983
82,2022
68,1620
82,2028
78,1897
75,1844
82,2024
75,1862
82,2022
70,1702
81,1999
68,1593
68,1659
75,1894
69,1661
81,2019
70,1727
80,2007
82,2022
82,2022
82,2022
82,2022
71,1706
74,1861
82,2022
80,1997
79,1991
68,1695
82,2022
76,1844
76,1858
77,1837
75,1904
75,1840
67,1606
72,1777
75,1837
71,1809
79,1939
71,1780
82,2024
81,1995
79,1930
74,1837
75,1849
80,1960
81,2014
74,1778
70,1792
80,1968
76,1951
75,1846
71,1723
76,1842
71,1670
71,1721
82,2026
77,1889
82,2026
78,1908
81,1996
#### generation 106
71,1709
80,1957
68,1670
73,1806
82,2022
74,1814
78,1889
71,1762
74,1784
82,2042
75,1820
74,1802
82,2030
81,2021
77,1898
77,1911
82,2022
77,1860
70,1761
81,2036
77,1899
67,1607
76,1865
75,1843
67,1610
79,1974
79,1954
80,1986
81,2043
80,1968
70,1676
79,1955
77,1868
79,1894
71,1759
80,1944
82,2024
71,1760
79,1983
72,1744
79,1929
80,1977
81,2003
76,1856
76,1852
80,1966
75,1844
70,1758
80,1961
80,2004
82,2022
78,1956
80,1946
82,2032
72,1883
70,1659
82,2022
72,1747
82,2022
80,1970
82,2022
82,2022
76,1880
69,1729
68,1680
78,1943
80,1989
75,1890
82,2022
75,1804
82,2022
70,1761
72,1725
75,1802
73,1810
74,1840
82,2022
70,1640
74,1838
69,1723
79,1958
78,1961
70,1708
82,2024
81,2021
68,1657
82,2052
82,2022
82,2022
82,2024
67,1552
70,1675
74,1795
82,2027
79,1909
82,2022
71,1703
73,1762
82,2034
82,2022
78,1881
82,2027
77,1894
79,1931
82,2022
77,1852
74,1852
78,1847
74,1832
77,1924
74,1799
72,1708
#### generation 107
82,2022
81,2057
82,2022
71,1688
82,2022
76,1922
76,1884
73,1742
82,2022
82,2022
75,1877
74,1763
82,2022
82,2022
80,2001
70,1748
82,2022
79,1983
82,2024
78,1931
79,1896
71,1722
67,1670
72,1786
82,2022
74,1789
70,1697
72,1743
75,1862
76,1861
#### generation 108
81,1982
82,2022
70,1719
69,1660
76,1873
75,1853
78,1963
71,1674
80,1952
71,1721
66,1576
68,1611
77,1872
78,1888
79,1923
78,1951
72,1742
73,1778
79,1956
80,1943
77,1929
82,2022
82,2022
81,2001
76,1926
74,1789
81,2008
71,1792
82,2022
82,2022
#### generation 109
82,2022
71,1790
82,2020
79,1954
72,1847
74,1838
67,1579
78,1888
82,2022
82,2020
74,1789
80,1942
76,1885
74,1869
81,1976
74,1741
66,1617
76,1854
70,1697
82,2022
74,1785
75,1833
67,1583
82,2022
79,1966
72,1766
82,2022
66,1564
75,1844
81,2015
#### generation 110
80,1944
77,1932
82,2020
81,2015
77,1952
73,1713
82,2022
76,1889
82,2022
77,1835
78,1959
82,2022
72,1723
82,2022
81,2000
75,1806
77,1880
74,1732
67,1642
68,1625
79,1928
82,2022
75,1817
71,1738
75,1840
77,1893
72,1824
76,1851
75,1963
82,2022
82,2024
79,1999
77,1901
#### generation 111
79,1953
81,1992
71,1675
81,1992
82,2020
74,1812
81,2001
82,2020
79,1948
72,1779
77,1898
80,1956
77,1900
82,2022
81,1979
72,1721
80,1958
71,1722
75,1850
76,1838
80,1972
82,2022
71,1711
81,2023
81,2062
71,1715
79,1955
76,1836
79,1984
71,1670
72,1805
79,1945
69,1729
67,1554
75,1864
71,1720
71,1686
78,1897
82,2022
77,1865
78,1891
82,2022
82,2024
80,1991
#### generation 112
73,1750
76,1873
68,1579
78,1904
78,1960
82,2020
68,1630
70,1730
78,1906
73,1760
76,1842
74,1786
80,1992
74,1842
77,1854
81,2008
72,1720
68,1575
72,1756
82,2020
72,1828
70,1653
75,1860
82,2028
82,2022
73,1841
82,2022
76,1820
72,1806
72,1833
82,2022
72,1721
74,1769
75,1846
71,1672
77,1904
79,1925
78,1913
76,1851
72,1804
62,1442
73,1768
70,1663
73,1769
68,1684
78,1958
75,1794
#### generation 113
75,1846
82,2020
69,1625
70,1766
72,1745
81,1993
81,1976
79,1986
81,2006
67,1598
82,2040
73,1750
78,1893
82,2030
82,2023
82,2020
67,1642
81,2012
67,1591
82,2022
71,1802
75,1863
80,2013
70,1657
78,1894
82,2027
77,1929
73,1796
77,1919
62,1442
79,1958
80,2023
79,1947
75,1913
75,1817
82,2022
74,1804
74,1868
80,2011
70,1685
73,1710
#### generation 114
78,1935
73,1727
75,1835
82,2020
80,1983
79,1928
80,1963
73,1762
81,1988
82,2020
82,2020
82,2020
74,1816
72,1754
82,2020
82,2022
78,1927
82,2020
72,1766
82,2022
67,1648
75,1847
78,1913
74,1806
70,1643
78,1897
69,1622
82,2020
82,2036
78,1904
80,1944
82,2020
77,1932
67,1640
72,1757
79,1910
74,1768
67,1593
67,1650
80,1993
82,2024
78,1929
71,1801
81,1980
73,1748
74,1874
81,1992
76,1849
72,1820
76,1860
68,1607
82,2022
82,2022
81,2005
82,2022
81,2012
82,2022
81,1976
73,1787
#### generation 115
76,1834
73,1805
81,2010
75,1867
77,1944
70,1672
78,1913
72,1794
82,2022
82,2020
74,1786
79,1897
71,1727
80,1989
69,1651
82,2032
82,2020
80,1970
72,1790
81,1988
72,1661
78,1926
76,1873
74,1826
71,1740
80,1965
74,1835
75,1807
81,1992
77,1861
75,1799
74,1779
76,1887
78,1916
77,1886
80,1964
80,1978
82,2020
71,1665
73,1730
81,1993
74,1754
79,1972
71,1795
82,2020
77,1901
70,1717
74,1866
77,1881
72,1730
80,1987
77,1855
79,1978
74,1869
70,1751
71,1699
75,1839
77,1913
82,2020
70,1599
73,1816
82,2022
79,1951
71,1841
82,2022
75,1875
68,1639
76,1880
72,1760
68,1714
76,1875
72,1746
73,1746
#### generation 116
81,1992
75,1793
73,1766
82,2020
82,2020
80,1940
82,2020
72,1792
82,2020
76,1840
77,1915
78,1907
82,2020
75,1777
78,1913
81,1996
76,1921
80,1975
77,1856
73,1842
73,1768
74,1813
71,1795
79,1932
70,1674
72,1711
80,1985
82,2020
77,1832
72,1680
75,1833
82,2020
70,1706
76,1885
70,1685
78,1913
74,1835
76,1840
78,1927
81,2031
74,1766
70,1689
73,1774
74,1790
76,1809
72,1777
68,1677
73,1798
79,1929
73,1766
74,1832
77,1925
82,2020
73,1795
75,1885
82,2022
77,1907
80,1981
75,1843
82,2020
73,1780
79,1963
71,1739
77,1832
72,1820
78,1926
82,2020
68,1533
82,2023
70,1759
82,2020
72,1716
72,1766
70,1717
79,1888
82,2036
80,1990
82,2020
80,1991
80,1944
72,1709
72,1741
70,1708
76,1861
68,1660
73,1820
78,1932
80,1944
72,1698
80,1991
72,1688
80,1987
81,1992
71,1721
82,2020
82,2040
76,1856
70,1730
82,2025
82,2026
76,1921
82,2022
82,2022
79,1916
69,1722
73,1768
#### generation 117
73,1773
72,1709
80,1944
81,2000
74,1757
69,1624
74,1734
80,1959
72,1809
69,1667
74,1751
79,1931
82,2020
71,1732
77,1885
75,1837
78,1898
82,2020
82,2020
82,2022
81,1992
81,2020
82,2024
79,1968
82,2020
78,1911
80,1997
67,1541
82,2037
76,1834
#### generation 118
82,2020
75,1832
75,1804
70,1684
74,1760
82,2032
74,1848
82,2020
81,1979
81,2032
73,1808
82,2020
82,2035
82,2020
78,1868
80,1999
71,1741
74,1819
72,1790
78,1906
68,1691
79,1948
75,1911
82,2020
71,1727
75,1845
82,2022
78,1893
76,1824
70,1638
#### generation 119
