56,1297
60,1172
57,1330
61,1245
66,1447
59,1300
56,1190
56,1312
62,1279
57,1211
59,1314
63,1505
60,1257
62,1331
65,1330
62,1296
57,1339
58,1367
55,1214
59,1180
60,1340
55,1218
59,1258
59,1228
62,1340
61,1260
63,1333
57,1168
61,1401
60,1308
#### generation 0
60,1273
66,1447
66,1449
64,1287
66,1312
67,1376
65,1332
65,1330
61,1222
61,1426
61,1280
63,1337
61,1241
62,1279
62,1279
66,1397
61,1303
63,1328
62,1327
62,1331
62,1335
62,1370
62,1387
57,1223
60,1275
61,1236
61,1255
59,1337
60,1324
61,1184
54,1110
58,1174
61,1324
62,1403
60,1340
60,1338
59,1162
61,1147
58,1202
57,1252
58,1239
62,1315
53,1236
62,1256
56,1198
59,1411
59,1382
56,1145
66,1434
55,1265
55,1214
54,1188
#### generation 1
67,1374
67,1431
66,1312
69,1439
66,1302
60,1239
65,1361
66,1397
67,1421
65,1348
62,1426
66,1466
64,1452
66,1438
63,1360
64,1436
67,1480
66,1447
66,1447
66,1523
68,1525
63,1386
66,1338
67,1379
61,1253
65,1328
69,1445
65,1328
64,1317
64,1250
64,1369
62,1263
58,1219
62,1319
63,1363
61,1297
55,1270
62,1274
60,1228
59,1251
54,1084
60,1245
58,1249
62,1401
61,1296
60,1324
64,1345
61,1300
65,1408
65,1423
63,1425
61,1196
#### generation 2
69,1459
67,1349
70,1408
67,1385
64,1332
64,1327
60,1216
64,1404
61,1341
65,1328
66,1361
62,1283
66,1387
65,1307
67,1385
63,1331
61,1225
69,1463
66,1440
62,1346
57,1235
64,1299
69,1394
68,1446
63,1269
66,1424
55,1163
63,1485
61,1354
60,1326
67,1512
63,1343
60,1298
63,1346
61,1337
57,1229
66,1349
61,1324
69,1459
66,1350
65,1333
62,1304
#### generation 3
64,1234
70,1412
70,1408
65,1294
68,1366
69,1431
67,1387
67,1382
68,1409
69,1447
63,1285
69,1445
69,1465
66,1342
66,1357
68,1427
68,1415
70,1454
69,1452
67,1400
69,1432
62,1317
69,1463
68,1434
68,1441
67,1418
67,1393
63,1291
65,1460
66,1486
62,1350
67,1376
67,1334
67,1400
68,1352
65,1341
68,1463
64,1322
58,1171
67,1480
65,1435
63,1327
67,1345
60,1182
65,1393
66,1349
60,1213
63,1296
62,1286
64,1352
66,1405
66,1425
#### generation 4
70,1408
67,1329
68,1336
66,1321
70,1412
61,1169
70,1412
70,1408
66,1283
70,1406
64,1304
69,1443
70,1454
71,1480
71,1457
63,1259
69,1431
67,1352
68,1453
63,1326
68,1394
69,1439
66,1335
68,1414
69,1439
69,1472
68,1419
67,1409
68,1417
65,1301
67,1399
61,1224
69,1452
64,1301
68,1390
66,1391
68,1421
66,1338
63,1303
62,1299
62,1299
58,1195
69,1421
69,1459
68,1434
64,1272
65,1382
68,1413
67,1387
69,1441
68,1444
69,1463
69,1467
69,1467
67,1394
61,1240
65,1303
65,1299
68,1352
63,1265
66,1400
67,1391
64,1276
67,1360
65,1369
56,1155
65,1335
61,1245
65,1313
58,1231
64,1389
64,1277
61,1270
65,1358
#### generation 5
70,1449
71,1484
67,1367
71,1435
71,1457
69,1471
71,1505
71,1480
64,1372
68,1415
71,1480
67,1360
68,1353
70,1406
70,1404
66,1301
67,1299
61,1224
69,1416
67,1362
67,1335
70,1404
66,1334
67,1350
71,1429
66,1278
65,1300
67,1356
65,1293
64,1266
62,1239
63,1299
64,1342
71,1600
62,1317
68,1415
69,1458
61,1296
70,1443
62,1257
69,1477
70,1469
61,1196
65,1285
66,1340
67,1390
69,1459
59,1205
70,1469
62,1261
69,1461
66,1352
66,1378
65,1350
69,1459
#### generation 6
71,1429
71,1429
69,1370
71,1437
71,1457
70,1415
71,1444
71,1435
71,1447
61,1244
70,1450
70,1442
69,1409
72,1531
64,1306
71,1457
69,1460
70,1460
71,1476
66,1333
69,1429
64,1303
71,1480
71,1480
73,1537
70,1437
71,1480
71,1481
70,1462
70,1505
70,1468
71,1484
71,1505
70,1492
70,1496
72,1524
66,1354
72,1533
70,1470
71,1487
71,1600
68,1352
70,1404
69,1370
68,1393
65,1279
70,1410
70,1394
62,1222
68,1339
68,1360
63,1273
68,1325
61,1170
69,1480
70,1410
68,1369
70,1438
57,1148
63,1279
70,1412
67,1348
61,1220
60,1181
70,1449
65,1369
69,1439
61,1283
71,1505
69,1408
68,1401
68,1423
66,1350
69,1440
68,1397
66,1363
66,1326
69,1467
65,1327
63,1281
60,1276
#### generation 7
73,1537
70,1445
71,1498
73,1537
72,1508
73,1537
72,1507
66,1390
73,1554
72,1488
67,1413
72,1524
70,1500
63,1341
68,1472
67,1323
56,1145
56,1050
66,1440
68,1408
69,1390
71,1444
67,1392
71,1469
69,1458
70,1503
68,1427
68,1416
72,1522
58,1170
69,1478
71,1480
65,1340
58,1130
64,1357
70,1479
71,1529
67,1383
63,1338
69,1427
68,1453
#### generation 8
70,1445
70,1454
73,1543
72,1507
69,1430
73,1537
69,1426
73,1535
68,1450
66,1385
73,1537
72,1515
71,1479
72,1518
66,1390
73,1554
65,1354
72,1531
68,1422
68,1405
68,1495
61,1219
66,1389
72,1507
71,1461
71,1486
71,1504
72,1534
71,1473
71,1509
64,1318
72,1511
71,1488
69,1438
69,1464
64,1280
69,1377
70,1416
68,1322
71,1437
60,1239
70,1422
65,1351
71,1457
64,1331
68,1413
57,1158
64,1271
70,1452
69,1420
63,1253
#### generation 9
73,1535
61,1307
73,1537
73,1545
70,1433
72,1501
71,1544
74,1565
67,1432
73,1512
68,1441
73,1533
73,1531
73,1537
70,1460
66,1381
71,1477
70,1436
73,1537
70,1465
73,1537
73,1539
70,1464
73,1537
65,1326
73,1543
71,1477
68,1429
73,1543
67,1379
69,1460
71,1497
68,1409
71,1445
65,1351
71,1487
67,1425
72,1511
68,1392
64,1293
64,1286
70,1430
68,1428
71,1494
66,1286
60,1300
67,1395
72,1522
66,1363
63,1276
72,1505
72,1524
70,1467
59,1320
60,1235
68,1434
68,1461
68,1439
70,1441
63,1265
70,1487
71,1522
67,1390
72,1534
71,1431
71,1424
66,1294
59,1252
68,1396
#### generation 10
70,1468
66,1409
61,1312
70,1532
62,1336
66,1423
70,1446
68,1419
70,1454
70,1468
69,1433
73,1518
66,1368
63,1347
62,1314
66,1398
64,1296
65,1449
64,1277
71,1483
72,1541
67,1389
70,1442
63,1315
73,1539
73,1545
66,1344
71,1491
73,1539
72,1514
73,1537
60,1314
73,1537
70,1488
68,1357
73,1512
64,1318
60,1225
74,1595
72,1507
65,1349
67,1410
73,1539
71,1518
72,1516
70,1446
70,1475
64,1364
69,1399
62,1303
61,1309
69,1415
63,1291
73,1554
64,1368
69,1393
68,1428
61,1289
73,1552
67,1400
#### generation 11
74,1562
74,1557
65,1380
71,1469
72,1509
74,1571
74,1565
74,1597
70,1453
73,1545
72,1506
60,1333
71,1466
71,1484
73,1531
60,1242
73,1535
66,1426
62,1303
69,1485
68,1423
73,1531
65,1319
64,1278
72,1497
64,1366
70,1455
62,1274
68,1419
62,1347
67,1404
67,1389
66,1386
59,1228
65,1332
73,1541
66,1376
69,1452
68,1432
#### generation 12
74,1557
73,1533
74,1562
70,1456
74,1565
68,1411
71,1465
74,1565
74,1565
74,1563
71,1494
74,1565
63,1303
61,1326
67,1421
72,1511
73,1561
68,1447
74,1593
68,1470
73,1537
74,1595
74,1572
63,1364
67,1435
66,1370
71,1525
66,1353
74,1541
69,1429
70,1501
67,1432
64,1330
66,1432
64,1306
68,1469
65,1376
63,1323
66,1416
70,1484
66,1456
71,1518
66,1392
64,1302
70,1485
72,1511
#### generation 13
74,1543
63,1219
73,1523
64,1343
74,1557
74,1557
74,1563
59,1138
74,1557
72,1537
72,1492
74,1562
74,1562
73,1529
73,1512
73,1510
74,1564
74,1573
69,1480
67,1435
69,1450
62,1300
74,1571
72,1587
72,1501
70,1468
70,1485
69,1439
74,1571
72,1507
71,1489
69,1426
72,1534
71,1502
73,1551
71,1492
74,1565
70,1508
71,1504
67,1414
73,1534
69,1391
75,1609
74,1563
65,1361
63,1350
73,1571
74,1563
74,1565
74,1565
70,1442
74,1565
68,1472
72,1502
71,1561
73,1532
70,1474
68,1418
74,1554
69,1488
74,1572
65,1429
74,1585
74,1593
69,1435
71,1521
74,1595
66,1376
67,1409
72,1555
69,1503
63,1265
63,1293
73,1501
61,1269
65,1329
65,1409
65,1390
71,1492
68,1396
65,1344
70,1510
72,1489
#### generation 14
73,1552
68,1423
65,1403
74,1597
71,1493
71,1546
74,1565
65,1322
69,1459
62,1237
70,1504
74,1561
73,1537
67,1430
63,1288
61,1239
68,1380
74,1560
71,1453
74,1547
68,1428
60,1188
60,1182
74,1565
69,1432
69,1463
63,1256
69,1470
65,1358
68,1421
68,1392
73,1534
67,1368
63,1279
64,1337
#### generation 15
74,1562
75,1609
70,1509
71,1527
65,1325
69,1416
68,1429
61,1272
63,1279
66,1418
64,1311
63,1349
68,1401
66,1427
71,1474
71,1468
72,1532
74,1562
69,1429
66,1407
71,1486
69,1527
66,1399
71,1496
60,1271
65,1302
71,1483
68,1431
67,1417
65,1437
63,1308
70,1433
70,1528
66,1345
68,1389
#### generation 16
70,1428
71,1495
69,1467
72,1578
74,1544
75,1609
74,1574
68,1390
73,1515
69,1420
74,1591
67,1366
71,1480
74,1557
64,1306
69,1443
67,1386
67,1384
66,1367
72,1497
71,1472
68,1407
65,1292
72,1505
65,1288
63,1237
70,1448
72,1481
67,1424
70,1442
61,1283
66,1394
68,1404
65,1396
67,1460
69,1410
#### generation 17
75,1609
74,1582
74,1563
64,1284
75,1609
66,1424
74,1566
74,1558
68,1421
74,1581
69,1459
67,1397
74,1575
74,1553
65,1351
65,1344
73,1502
66,1387
67,1417
74,1557
68,1354
72,1514
65,1382
71,1463
62,1281
60,1252
71,1501
62,1282
63,1297
70,1487
66,1398
74,1563
73,1513
74,1564
70,1478
71,1482
67,1406
#### generation 18
69,1400
75,1609
75,1605
72,1491
73,1563
75,1609
75,1596
75,1611
72,1533
76,1618
69,1421
68,1431
73,1563
75,1609
74,1581
67,1392
68,1381
65,1328
75,1634
73,1518
63,1318
61,1203
66,1380
73,1522
60,1239
74,1579
66,1338
74,1547
74,1557
68,1429
74,1557
67,1387
66,1380
65,1418
66,1449
67,1384
66,1359
69,1489
64,1336
67,1328
68,1449
65,1372
63,1309
62,1264
#### generation 19
72,1509
65,1308
75,1578
76,1618
62,1236
75,1598
65,1351
71,1517
71,1510
74,1567
62,1296
66,1408
69,1442
68,1411
62,1327
74,1564
63,1294
75,1609
70,1455
68,1425
72,1512
75,1609
70,1487
74,1571
59,1192
70,1525
60,1268
71,1482
67,1368
70,1437
74,1587
72,1500
69,1420
71,1511
74,1547
61,1280
67,1447
71,1504
69,1396
73,1516
71,1504
73,1533
68,1398
66,1325
74,1567
72,1535
64,1300
74,1588
#### generation 20
74,1590
76,1618
76,1610
75,1584
69,1400
71,1479
75,1581
73,1535
76,1618
76,1626
76,1618
73,1523
74,1523
65,1336
65,1339
67,1381
71,1491
64,1347
70,1455
70,1441
65,1341
74,1583
75,1608
71,1460
63,1205
65,1338
66,1368
74,1577
73,1525
71,1475
72,1529
72,1520
65,1340
69,1501
74,1589
63,1295
66,1412
75,1611
75,1590
75,1611
75,1592
75,1607
73,1546
68,1372
68,1385
74,1543
60,1308
72,1499
58,1195
72,1475
70,1464
66,1372
66,1405
66,1396
63,1338
66,1373
#### generation 21
73,1536
72,1467
76,1618
76,1618
75,1582
75,1571
76,1616
75,1580
63,1236
73,1521
74,1573
76,1618
70,1438
75,1583
76,1618
74,1572
76,1618
74,1553
76,1618
76,1618
74,1565
70,1463
76,1610
71,1450
75,1575
73,1514
71,1494
76,1624
68,1411
74,1573
75,1592
69,1388
73,1508
72,1469
67,1320
75,1576
71,1505
59,1190
68,1409
63,1346
75,1607
65,1393
70,1488
62,1276
67,1435
70,1492
63,1319
74,1572
63,1244
70,1475
61,1250
65,1291
62,1272
73,1500
60,1231
#### generation 22
76,1610
69,1416
76,1610
75,1602
72,1548
72,1477
76,1610
75,1581
74,1550
64,1377
76,1612
75,1588
66,1287
76,1618
61,1263
74,1534
74,1545
73,1527
75,1588
73,1523
70,1464
74,1532
70,1466
75,1622
72,1523
70,1404
76,1620
76,1604
67,1329
64,1284
74,1562
67,1373
76,1618
76,1618
76,1618
76,1618
72,1458
63,1365
63,1337
76,1595
74,1541
74,1508
76,1610
76,1618
75,1584
69,1422
73,1523
68,1393
64,1355
76,1618
76,1618
67,1329
75,1590
76,1595
76,1624
76,1624
76,1624
76,1626
62,1239
71,1417
69,1416
70,1444
64,1327
64,1282
65,1297
62,1288
62,1336
66,1441
64,1290
57,1228
75,1601
#### generation 23
71,1477
70,1441
73,1520
76,1595
76,1585
67,1389
74,1546
75,1569
72,1526
75,1532
75,1562
60,1256
64,1298
66,1426
72,1523
71,1460
66,1332
71,1463
65,1359
63,1307
70,1490
66,1347
61,1251
74,1539
76,1622
70,1544
62,1301
68,1383
76,1618
75,1546
63,1244
70,1515
63,1323
62,1259
67,1367
62,1252
73,1503
70,1492
74,1549
66,1431
#### generation 24
75,1559
64,1257
74,1549
70,1420
76,1587
76,1591
75,1557
76,1644
73,1468
74,1520
69,1432
70,1424
72,1474
72,1492
62,1346
67,1385
71,1453
69,1491
63,1310
68,1465
74,1536
71,1502
71,1471
70,1493
69,1411
60,1239
76,1618
64,1340
72,1446
68,1379
66,1342
67,1400
61,1257
71,1506
72,1497
70,1431
68,1404
68,1393
69,1434
69,1463
65,1315
#### generation 25
64,1327
72,1501
76,1585
73,1514
61,1280
76,1591
76,1595
72,1467
75,1606
71,1456
69,1448
75,1589
69,1391
71,1469
72,1522
74,1552
76,1595
68,1398
75,1546
66,1332
76,1621
75,1548
74,1522
75,1588
76,1606
73,1528
64,1288
76,1610
66,1368
68,1354
59,1218
71,1422
69,1412
74,1548
75,1596
66,1356
67,1355
76,1608
71,1488
76,1618
68,1393
71,1463
75,1599
66,1364
67,1334
76,1618
70,1445
#### generation 26
70,1456
69,1416
65,1296
74,1541
67,1463
71,1443
72,1534
76,1585
75,1572
71,1489
71,1546
73,1511
74,1539
76,1580
76,1591
76,1601
71,1433
69,1395
65,1315
72,1524
70,1479
75,1564
76,1568
71,1490
76,1591
75,1583
72,1443
71,1494
76,1595
75,1589
62,1287
74,1520
70,1448
65,1302
71,1508
69,1420
71,1466
76,1604
68,1424
68,1362
71,1435
63,1284
68,1401
65,1366
70,1476
59,1154
70,1418
73,1492
66,1344
75,1578
61,1229
67,1419
73,1545
66,1402
65,1381
75,1570
70,1438
65,1377
#### generation 27
76,1580
76,1568
76,1568
76,1570
65,1274
70,1434
70,1395
73,1484
70,1458
74,1541
64,1262
76,1583
72,1528
76,1581
75,1567
69,1445
76,1585
66,1324
71,1461
65,1278
70,1428
76,1587
71,1465
62,1268
70,1451
76,1577
76,1591
74,1542
63,1315
72,1488
75,1541
67,1348
74,1553
68,1416
76,1579
68,1388
60,1277
76,1595
67,1386
71,1450
72,1496
68,1387
74,1579
75,1561
69,1403
62,1285
63,1287
62,1281
76,1610
67,1327
66,1340
70,1434
70,1410
63,1274
59,1239
68,1389
70,1426
63,1276
73,1528
63,1359
71,1479
70,1448
70,1398
#### generation 28
68,1422
74,1513
73,1483
74,1523
69,1394
70,1461
71,1517
76,1568
72,1453
76,1560
76,1568
72,1475
72,1472
75,1538
75,1530
76,1570
70,1441
76,1575
76,1577
72,1485
75,1560
74,1506
76,1580
65,1354
76,1580
69,1424
76,1580
71,1466
66,1369
70,1430
70,1436
65,1348
62,1311
62,1217
76,1581
74,1492
73,1516
72,1505
71,1454
75,1557
73,1531
76,1579
67,1315
72,1495
68,1372
69,1417
72,1445
62,1219
60,1139
67,1353
74,1553
74,1525
72,1484
62,1230
74,1528
65,1372
63,1309
69,1424
64,1390
74,1566
70,1392
77,1633
72,1511
72,1481
65,1328
68,1392
62,1290
75,1563
65,1325
76,1604
#### generation 29
71,1469
75,1595
77,1633
73,1483
75,1545
76,1601
76,1611
76,1564
63,1275
63,1290
70,1459
68,1403
72,1494
72,1461
59,1249
65,1379
72,1452
71,1464
69,1378
66,1329
68,1379
60,1285
76,1576
71,1423
67,1375
67,1381
60,1311
75,1561
76,1583
60,1243
64,1325
74,1548
63,1290
69,1414
69,1426
70,1436
#### generation 30
69,1420
76,1599
76,1613
65,1365
75,1567
77,1627
74,1526
77,1629
71,1426
63,1309
72,1500
68,1474
74,1521
62,1345
73,1496
70,1445
71,1525
67,1346
65,1288
70,1490
74,1508
62,1265
67,1396
70,1392
69,1491
71,1446
72,1451
64,1328
69,1474
72,1507
67,1332
57,1098
63,1268
66,1321
69,1450
72,1480
#### generation 31
74,1517
71,1458
77,1619
74,1557
71,1507
71,1458
75,1569
76,1611
75,1574
70,1436
72,1516
76,1591
71,1475
66,1342
72,1505
70,1470
62,1215
71,1439
76,1556
62,1337
69,1403
76,1568
66,1374
70,1419
65,1380
68,1349
71,1420
70,1424
64,1304
66,1320
69,1372
70,1435
69,1441
75,1565
65,1385
68,1354
76,1581
72,1466
66,1399
65,1395
75,1538
#### generation 32
71,1463
77,1619
77,1615
76,1613
62,1272
75,1551
68,1360
70,1440
71,1473
76,1607
70,1441
74,1562
71,1443
61,1236
64,1310
74,1484
67,1385
67,1375
72,1504
66,1435
70,1463
71,1447
73,1487
64,1273
69,1401
74,1559
73,1565
66,1369
67,1374
63,1327
63,1341
71,1435
63,1316
62,1306
65,1356
68,1415
64,1330
#### generation 33
77,1613
71,1459
76,1594
77,1615
72,1449
75,1545
77,1619
69,1392
71,1453
77,1619
76,1597
77,1619
70,1440
77,1619
77,1617
76,1589
78,1647
75,1576
76,1569
71,1492
73,1546
66,1352
71,1477
76,1591
77,1633
68,1398
76,1623
68,1387
61,1220
69,1460
69,1442
64,1445
67,1382
76,1590
64,1276
66,1399
71,1481
61,1250
74,1563
65,1312
73,1483
68,1445
69,1424
69,1401
70,1457
67,1388
71,1463
74,1569
67,1419
76,1581
#### generation 34
78,1647
77,1623
67,1365
71,1463
70,1487
70,1404
69,1410
69,1431
77,1590
75,1561
77,1615
76,1576
76,1597
66,1358
75,1566
61,1218
77,1595
63,1209
69,1500
66,1373
74,1542
77,1619
77,1629
63,1287
68,1424
69,1374
71,1485
77,1619
71,1421
66,1424
73,1526
75,1602
73,1504
69,1434
70,1426
70,1385
65,1339
64,1253
75,1547
77,1627
65,1355
71,1504
73,1482
77,1633
68,1414
76,1595
66,1345
75,1537
60,1216
62,1357
63,1266
75,1604
64,1288
65,1328
67,1402
66,1368
71,1492
58,1219
69,1440
65,1303
#### generation 35
65,1307
78,1645
77,1621
68,1393
77,1619
78,1649
71,1489
78,1647
76,1548
64,1250
75,1517
68,1325
71,1475
73,1505
65,1308
73,1492
67,1336
61,1227
76,1596
71,1489
70,1420
63,1252
72,1444
63,1343
69,1433
65,1377
64,1314
76,1583
71,1474
72,1448
66,1339
74,1572
74,1508
62,1277
76,1599
77,1619
77,1619
71,1452
66,1313
76,1598
72,1473
74,1539
70,1428
77,1619
72,1471
78,1643
70,1427
70,1390
74,1569
72,1515
75,1572
70,1409
66,1404
74,1537
63,1248
69,1438
75,1606
73,1505
66,1334
77,1631
70,1472
65,1305
77,1629
72,1518
65,1326
61,1267
74,1508
64,1373
73,1506
#### generation 36
78,1653
75,1613
76,1582
78,1643
74,1544
78,1645
78,1641
77,1598
77,1637
67,1365
62,1284
69,1390
72,1458
68,1396
66,1305
65,1280
78,1649
77,1648
67,1390
67,1361
73,1522
70,1455
75,1567
67,1327
71,1464
69,1427
73,1505
68,1346
58,1219
64,1289
77,1617
71,1437
68,1377
71,1469
73,1455
68,1414
63,1314
75,1565
65,1322
66,1302
68,1444
68,1434
#### generation 37
78,1641
77,1635
78,1641
76,1639
75,1573
76,1623
76,1579
78,1639
78,1639
75,1566
74,1529
77,1623
69,1414
78,1643
78,1645
78,1641
77,1620
73,1544
76,1592
78,1645
69,1383
72,1557
78,1647
77,1623
77,1613
78,1645
68,1400
76,1574
75,1574
75,1571
78,1647
78,1647
75,1549
78,1641
71,1470
73,1523
68,1410
75,1526
76,1584
76,1581
65,1305
59,1219
69,1396
60,1195
77,1598
68,1424
73,1481
65,1309
70,1443
67,1379
75,1574
75,1583
66,1347
76,1607
60,1276
73,1538
69,1410
70,1431
75,1572
77,1619
70,1482
#### generation 38
73,1498
72,1495
74,1627
72,1491
72,1476
78,1639
75,1565
78,1641
78,1641
78,1643
78,1647
78,1641
78,1641
74,1546
65,1291
78,1641
69,1441
78,1641
78,1641
78,1641
78,1639
78,1651
78,1649
77,1629
71,1475
67,1348
76,1603
76,1575
77,1624
77,1631
76,1608
76,1590
69,1384
77,1635
70,1459
78,1643
75,1579
77,1636
70,1449
78,1645
78,1645
66,1322
78,1643
71,1448
77,1617
76,1603
72,1521
72,1540
76,1615
76,1596
77,1615
77,1645
76,1598
76,1630
69,1433
62,1275
76,1584
76,1595
77,1610
76,1639
78,1647
75,1582
65,1297
73,1526
78,1647
65,1299
76,1588
67,1367
68,1356
75,1551
77,1629
77,1625
78,1647
77,1616
75,1571
77,1617
71,1464
78,1649
75,1557
75,1576
75,1564
75,1581
76,1614
71,1463
71,1443
76,1589
75,1580
65,1356
71,1485
69,1425
77,1601
71,1471
73,1487
77,1618
74,1552
64,1282
72,1443
60,1187
63,1293
73,1527
74,1527
#### generation 39
78,1631
78,1639
71,1450
71,1473
76,1556
76,1586
74,1552
77,1617
77,1635
70,1399
78,1651
78,1620
77,1615
78,1639
73,1500
75,1539
66,1351
76,1647
70,1431
66,1314
65,1351
73,1519
68,1462
74,1534
75,1544
74,1523
77,1631
78,1643
78,1647
70,1472
77,1618
78,1635
78,1687
72,1470
77,1616
77,1609
75,1564
67,1363
77,1627
76,1587
72,1468
78,1641
76,1564
78,1641
76,1589
74,1541
77,1624
75,1549
70,1470
70,1418
77,1641
65,1321
68,1356
76,1634
75,1559
63,1304
78,1645
78,1641
76,1597
66,1325
77,1615
78,1622
75,1556
74,1548
75,1565
75,1539
75,1611
69,1426
64,1282
71,1497
65,1398
74,1522
65,1510
68,1389
68,1420
78,1645
78,1640
74,1548
76,1594
69,1417
#### generation 40
67,1325
78,1616
75,1543
77,1615
75,1533
75,1549
78,1622
78,1622
75,1559
67,1359
77,1603
64,1305
69,1379
67,1374
61,1302
66,1387
70,1427
74,1538
76,1596
73,1505
69,1420
74,1552
68,1409
64,1300
78,1641
70,1402
70,1447
78,1641
76,1602
76,1579
77,1611
74,1544
72,1507
66,1325
78,1641
73,1497
66,1304
#### generation 41
75,1562
64,1281
78,1618
77,1612
71,1443
69,1399
68,1362
64,1267
78,1622
77,1607
66,1299
70,1376
69,1352
78,1631
77,1598
78,1622
75,1564
71,1428
78,1618
72,1483
78,1611
61,1219
76,1577
78,1622
70,1430
67,1368
70,1478
59,1245
71,1407
78,1625
56,1067
64,1312
78,1646
60,1247
62,1225
69,1411
77,1611
61,1277
65,1345
69,1439
65,1288
63,1247
70,1430
68,1403
68,1390
65,1396
63,1285
74,1563
67,1430
#### generation 42
78,1609
77,1587
78,1616
77,1610
78,1616
67,1337
61,1183
78,1610
70,1428
69,1394
78,1624
77,1602
74,1507
72,1467
78,1618
70,1454
78,1620
62,1288
75,1534
68,1358
74,1501
67,1353
78,1616
76,1562
73,1479
78,1622
73,1535
78,1613
75,1520
70,1432
78,1626
76,1562
70,1389
78,1632
72,1506
63,1302
76,1570
68,1439
72,1458
76,1569
64,1333
75,1509
64,1267
78,1627
64,1300
65,1370
74,1556
78,1609
75,1625
69,1451
71,1449
75,1546
78,1646
58,1267
70,1463
68,1405
73,1512
61,1262
68,1377
69,1461
73,1547
73,1513
68,1452
70,1415
#### generation 43
76,1582
78,1595
72,1491
78,1609
77,1581
78,1609
78,1601
64,1314
78,1626
74,1543
78,1621
76,1554
75,1506
74,1520
75,1508
75,1548
77,1606
71,1447
75,1532
78,1626
78,1603
78,1633
78,1613
78,1622
79,1676
78,1618
78,1616
72,1521
78,1614
74,1530
72,1498
78,1616
78,1616
72,1553
72,1492
73,1538
75,1532
77,1586
78,1608
78,1623
77,1574
78,1618
75,1522
77,1606
71,1391
73,1497
72,1475
65,1389
67,1376
73,1472
70,1499
72,1465
74,1506
68,1414
72,1488
78,1612
78,1622
77,1590
78,1622
74,1607
78,1622
73,1496
76,1580
78,1622
71,1461
69,1436
75,1524
72,1468
70,1442
64,1263
76,1594
71,1465
76,1567
68,1382
74,1518
72,1437
72,1486
74,1530
67,1373
62,1216
65,1353
63,1321
78,1639
#### generation 44
61,1277
79,1676
79,1676
76,1553
72,1484
78,1601
62,1257
62,1378
69,1395
74,1588
67,1392
74,1488
69,1444
68,1390
69,1482
72,1491
65,1359
71,1435
67,1332
68,1353
72,1452
67,1383
63,1272
69,1492
69,1412
62,1304
78,1637
69,1459
64,1376
69,1412
75,1545
67,1375
69,1475
#### generation 45
70,1432
77,1600
69,1379
68,1399
77,1622
68,1363
79,1699
71,1471
79,1676
78,1595
71,1429
73,1479
70,1407
72,1465
69,1480
67,1342
64,1346
75,1605
62,1209
63,1288
78,1634
67,1377
63,1324
71,1399
69,1395
68,1373
78,1616
69,1404
75,1553
78,1616
72,1529
69,1450
71,1414
65,1344
70,1446
70,1472
#### generation 46
77,1614
69,1496
78,1642
75,1560
65,1379
79,1660
77,1598
78,1626
77,1622
79,1674
77,1602
69,1399
79,1676
79,1687
79,1702
77,1633
69,1438
76,1551
77,1589
64,1325
72,1498
64,1264
66,1308
72,1451
73,1474
69,1417
72,1480
63,1324
75,1508
63,1303
67,1330
77,1616
76,1648
62,1246
61,1244
61,1261
76,1575
67,1349
66,1465
77,1582
71,1509
59,1148
#### generation 47
78,1609
71,1485
64,1287
79,1676
78,1650
77,1621
77,1623
78,1646
63,1241
79,1650
76,1579
75,1550
79,1676
76,1581
70,1433
79,1658
74,1539
80,1698
79,1654
69,1487
79,1676
74,1507
78,1666
64,1323
70,1480
79,1679
78,1643
78,1655
79,1699
80,1702
77,1645
78,1678
78,1648
74,1564
77,1628
74,1534
75,1574
79,1702
62,1239
66,1329
61,1227
65,1296
75,1508
72,1431
68,1407
75,1529
70,1389
76,1557
75,1533
68,1405
69,1448
60,1169
74,1544
74,1485
75,1537
71,1492
70,1480
61,1252
#### generation 48
74,1515
78,1638
72,1551
66,1334
80,1702
76,1600
75,1546
79,1672
63,1359
63,1262
67,1398
67,1370
66,1365
78,1611
67,1317
69,1416
72,1527
74,1596
75,1528
67,1327
65,1335
79,1676
68,1378
75,1559
72,1486
68,1392
67,1343
56,1153
69,1372
70,1405
79,1670
73,1479
69,1484
77,1605
74,1520
79,1662
75,1556
79,1676
73,1488
77,1615
73,1584
73,1609
76,1618
74,1540
72,1462
73,1470
70,1446
75,1572
79,1679
79,1681
77,1648
75,1569
65,1365
69,1421
72,1534
76,1547
64,1406
63,1273
72,1462
65,1375
60,1211
59,1250
78,1643
67,1307
#### generation 49
69,1393
75,1563
64,1333
80,1702
79,1661
79,1657
80,1700
76,1590
78,1652
73,1513
72,1475
72,1491
69,1444
63,1262
70,1394
70,1517
79,1654
71,1429
76,1564
75,1542
69,1412
78,1616
72,1521
79,1662
70,1383
80,1674
79,1682
76,1572
73,1536
70,1410
78,1634
77,1617
76,1591
72,1555
79,1678
78,1658
76,1571
79,1676
79,1680
67,1397
62,1241
79,1648
75,1551
74,1514
71,1522
77,1597
79,1674
74,1583
75,1542
76,1582
79,1670
67,1345
79,1676
67,1357
77,1610
74,1547
67,1428
70,1413
70,1441
73,1528
77,1620
74,1569
77,1592
71,1463
71,1488
77,1600
68,1353
70,1447
69,1417
74,1536
79,1696
66,1370
74,1553
75,1575
62,1287
77,1642
67,1312
#### generation 50
74,1512
69,1385
76,1594
76,1581
77,1614
79,1701
77,1630
77,1642
79,1664
78,1622
75,1602
80,1700
79,1658
79,1675
78,1645
80,1702
79,1682
79,1676
77,1581
60,1253
75,1547
71,1456
80,1702
76,1588
77,1626
79,1682
71,1438
78,1665
77,1628
65,1308
67,1439
62,1256
75,1525
68,1443
67,1425
63,1298
79,1661
65,1364
64,1239
76,1572
74,1551
67,1457
71,1498
70,1409
61,1274
60,1234
68,1460
71,1499
62,1242
68,1367
67,1381
65,1358
61,1219
#### generation 51
78,1638
80,1692
80,1700
68,1370
80,1698
78,1657
80,1700
78,1654
78,1654
73,1520
79,1670
79,1675
75,1568
80,1702
79,1666
80,1700
78,1669
80,1706
79,1670
77,1630
76,1617
80,1702
76,1593
80,1681
80,1702
71,1469
79,1675
79,1668
80,1702
78,1607
74,1534
69,1431
66,1432
71,1466
76,1580
63,1230
71,1528
67,1364
63,1229
69,1441
77,1625
65,1254
64,1267
60,1233
74,1525
68,1351
59,1240
65,1326
70,1397
61,1236
73,1486
74,1538
#### generation 52
77,1583
76,1573
79,1648
76,1574
79,1630
78,1605
68,1396
77,1598
76,1583
67,1373
77,1622
79,1668
80,1702
77,1627
80,1717
80,1679
80,1700
78,1645
74,1531
75,1496
80,1700
77,1603
79,1682
77,1628
71,1507
68,1375
78,1644
73,1524
74,1534
69,1480
78,1650
78,1635
78,1644
79,1678
78,1665
80,1700
70,1414
72,1470
68,1374
69,1520
71,1463
78,1649
72,1463
80,1702
80,1700
80,1704
74,1533
78,1645
80,1702
76,1639
80,1706
75,1534
80,1702
72,1532
78,1647
80,1702
80,1702
79,1664
68,1394
79,1684
76,1564
76,1575
72,1554
80,1681
76,1597
77,1616
75,1563
80,1702
78,1631
80,1715
73,1549
77,1594
80,1702
78,1649
61,1193
72,1544
76,1567
80,1702
76,1582
79,1676
77,1605
75,1540
74,1547
65,1341
80,1710
80,1706
80,1706
80,1706
67,1423
76,1553
64,1342
73,1485
61,1232
74,1486
69,1454
69,1366
73,1467
64,1299
#### generation 53
79,1659
76,1566
73,1484
77,1592
70,1462
74,1506
67,1317
79,1659
73,1493
80,1681
79,1657
80,1681
79,1651
79,1646
80,1681
80,1681
75,1577
80,1681
62,1290
61,1242
67,1360
68,1434
63,1209
63,1287
78,1622
67,1432
69,1486
65,1334
67,1449
71,1441
67,1409
67,1397
76,1619
74,1513
80,1702
77,1605
63,1375
80,1702
71,1477
68,1389
75,1547
68,1390
64,1291
77,1614
#### generation 54
73,1448
80,1674
75,1553
77,1582
65,1344
68,1419
80,1679
77,1613
79,1654
76,1570
76,1567
57,1132
77,1622
78,1617
79,1652
70,1429
73,1482
76,1619
71,1429
73,1486
77,1591
75,1526
80,1681
71,1504
78,1631
70,1462
76,1570
62,1306
74,1549
79,1641
69,1417
77,1587
64,1280
79,1642
77,1583
71,1510
80,1679
62,1217
72,1472
71,1499
77,1604
77,1572
76,1592
79,1664
68,1365
67,1363
67,1478
76,1578
65,1346
64,1320
65,1378
74,1538
77,1607
73,1543
70,1458
71,1458
69,1374
69,1416
70,1486
74,1560
80,1704
77,1615
72,1532
67,1403
79,1686
#### generation 55
79,1642
79,1666
69,1404
74,1616
78,1608
74,1546
78,1608
77,1582
74,1532
76,1562
74,1524
71,1448
70,1507
80,1679
80,1681
80,1696
71,1481
77,1578
77,1577
80,1675
79,1656
80,1681
78,1621
80,1681
80,1681
77,1630
80,1687
69,1425
68,1388
76,1534
78,1616
78,1620
77,1594
61,1220
80,1685
80,1681
77,1584
80,1679
80,1681
71,1422
79,1663
80,1681
80,1681
77,1613
78,1589
76,1612
77,1607
78,1615
77,1603
78,1625
72,1570
73,1452
69,1413
68,1376
63,1293
69,1423
74,1548
80,1679
65,1368
67,1435
80,1700
71,1487
66,1423
70,1511
72,1497
77,1628
61,1304
#### generation 56
74,1519
74,1562
79,1666
78,1635
78,1597
79,1637
75,1609
72,1493
76,1545
80,1679
70,1455
77,1628
78,1627
77,1571
79,1637
79,1651
79,1643
77,1583
72,1451
75,1534
74,1528
77,1603
79,1647
79,1659
73,1462
77,1595
69,1418
80,1679
76,1561
68,1381
73,1497
78,1609
70,1404
77,1610
69,1443
75,1521
78,1634
80,1694
73,1466
70,1360
78,1641
75,1515
80,1681
72,1505
75,1545
78,1631
76,1592
80,1681
80,1681
79,1659
69,1411
80,1681
80,1681
80,1681
64,1299
79,1645
78,1617
79,1662
79,1659
73,1490
79,1661
74,1553
79,1658
74,1549
80,1677
75,1551
76,1529
70,1420
75,1557
80,1689
79,1654
77,1607
78,1633
78,1617
67,1364
77,1603
78,1604
72,1482
80,1679
72,1481
74,1499
75,1525
69,1463
74,1538
79,1643
78,1630
79,1646
72,1529
70,1404
80,1685
77,1599
68,1361
78,1624
75,1532
74,1559
64,1363
#### generation 57
68,1364
78,1630
72,1522
75,1504
70,1427
74,1514
75,1546
78,1657
79,1633
79,1647
61,1273
77,1563
74,1525
71,1421
72,1482
69,1431
77,1580
66,1335
73,1495
68,1322
77,1569
75,1597
66,1381
76,1542
67,1374
80,1679
67,1341
68,1419
67,1406
80,1681
55,1169
63,1186
69,1403
67,1377
74,1511
76,1574
71,1450
60,1193
68,1324
65,1278
66,1365
75,1542
61,1260
#### generation 58
80,1674
79,1642
74,1532
70,1435
61,1257
77,1599
64,1358
75,1541
78,1620
79,1646
78,1619
78,1611
79,1657
69,1402
80,1675
78,1599
80,1679
76,1590
66,1336
65,1328
65,1244
79,1621
69,1355
72,1510
66,1290
67,1351
79,1641
74,1507
71,1418
69,1421
80,1681
66,1364
76,1574
71,1440
60,1210
64,1310
75,1525
62,1205
63,1296
78,1626
64,1308
68,1340
72,1496
72,1462
67,1347
72,1508
#### generation 59
79,1641
72,1446
75,1586
80,1674
80,1695
80,1695
72,1464
74,1499
79,1658
77,1589
71,1416
80,1675
78,1606
71,1476
68,1392
67,1371
64,1262
77,1571
70,1451
65,1340
67,1396
72,1453
66,1406
74,1529
69,1346
72,1474
65,1317
73,1503
72,1506
63,1288
68,1346
67,1430
57,1156
74,1573
72,1474
69,1385
70,1459
67,1349
73,1476
#### generation 60
73,1506
72,1472
80,1674
80,1674
77,1588
73,1494
79,1646
76,1560
77,1582
69,1410
77,1612
76,1537
79,1652
76,1562
75,1520
75,1527
80,1661
80,1670
73,1472
80,1675
80,1675
69,1408
78,1635
77,1570
68,1409
80,1677
71,1445
65,1312
75,1540
76,1583
68,1369
63,1298
78,1694
72,1473
75,1561
80,1679
68,1405
64,1285
79,1648
65,1303
65,1350
79,1649
67,1419
72,1494
67,1354
66,1328
73,1533
65,1331
#### generation 61
79,1625
74,1517
65,1370
80,1670
66,1361
73,1489
79,1646
70,1413
76,1541
72,1467
66,1347
71,1448
65,1379
66,1352
80,1675
71,1485
79,1666
64,1306
74,1545
65,1330
68,1375
60,1201
71,1419
64,1294
68,1417
80,1717
75,1578
69,1432
80,1679
65,1340
64,1329
61,1266
#### generation 62
63,1277
80,1670
77,1603
67,1350
70,1432
71,1410
78,1625
71,1415
72,1449
77,1573
79,1654
70,1416
72,1463
73,1505
64,1317
64,1344
71,1445
78,1616
71,1473
76,1567
73,1528
71,1416
65,1393
65,1368
70,1420
71,1497
64,1283
67,1475
68,1417
67,1403
68,1405
75,1563
60,1258
#### generation 63
80,1661
80,1659
78,1610
73,1505
69,1378
69,1425
76,1599
78,1627
73,1468
75,1553
64,1298
65,1337
74,1521
74,1510
65,1386
64,1271
78,1614
71,1480
76,1582
73,1501
69,1378
80,1675
72,1487
69,1386
66,1313
79,1682
65,1298
69,1392
74,1459
78,1641
71,1494
78,1616
77,1591
79,1643
77,1556
79,1653
66,1341
#### generation 64
68,1377
78,1597
80,1659
79,1631
69,1346
80,1671
80,1661
77,1602
78,1619
77,1583
80,1661
70,1365
76,1539
78,1618
69,1373
76,1538
80,1661
65,1286
74,1505
76,1573
76,1597
70,1438
74,1509
67,1377
69,1419
66,1362
68,1362
61,1226
58,1150
73,1506
72,1465
68,1361
79,1646
73,1500
66,1294
78,1631
80,1678
66,1352
68,1414
71,1489
66,1327
64,1286
63,1197
72,1532
76,1599
62,1296
64,1350
#### generation 65
79,1644
79,1623
77,1555
80,1659
76,1605
73,1451
80,1659
78,1589
80,1675
78,1615
74,1543
78,1615
77,1569
70,1474
74,1525
77,1595
80,1670
80,1670
67,1365
62,1217
74,1533
79,1629
73,1539
60,1237
80,1688
72,1481
67,1326
78,1618
77,1569
77,1585
68,1376
60,1280
74,1528
73,1511
69,1398
75,1521
66,1429
78,1617
69,1448
#### generation 66
80,1659
80,1659
77,1597
80,1661
80,1659
78,1597
79,1623
67,1341
80,1659
79,1636
80,1661
76,1560
78,1626
60,1183
76,1548
80,1659
66,1292
69,1385
78,1592
80,1661
74,1494
78,1629
65,1426
79,1639
68,1400
70,1378
78,1606
79,1654
72,1469
78,1599
80,1673
80,1661
72,1459
80,1661
77,1574
74,1546
73,1518
77,1566
73,1520
69,1414
74,1592
72,1516
71,1443
75,1559
71,1440
72,1428
76,1539
71,1444
63,1278
62,1278
63,1280
61,1264
73,1478
79,1655
70,1492
67,1369
63,1251
72,1461
61,1330
73,1489
75,1514
70,1450
#### generation 67
80,1659
71,1407
78,1631
70,1394
75,1521
80,1659
77,1614
74,1497
77,1553
71,1558
72,1430
78,1591
74,1517
80,1661
78,1650
79,1638
77,1563
62,1177
80,1659
79,1635
80,1675
77,1593
75,1580
65,1282
79,1627
79,1612
76,1590
80,1659
80,1659
74,1474
75,1487
77,1563
80,1657
78,1622
78,1617
80,1661
80,1659
78,1617
73,1524
75,1533
78,1625
72,1502
78,1644
79,1650
76,1601
80,1661
79,1661
76,1573
80,1665
80,1661
68,1370
79,1627
76,1538
74,1515
74,1497
77,1577
80,1672
78,1651
69,1388
72,1469
78,1613
72,1452
79,1647
79,1611
63,1249
78,1605
71,1483
72,1465
67,1317
78,1632
75,1533
78,1622
65,1435
64,1352
63,1305
70,1424
76,1552
66,1354
60,1219
#### generation 68
71,1418
68,1389
73,1458
78,1615
74,1549
61,1305
80,1659
75,1526
68,1380
72,1494
76,1597
74,1495
76,1568
61,1207
69,1426
69,1455
68,1372
77,1557
69,1437
78,1589
69,1382
73,1496
69,1447
74,1527
75,1526
74,1492
80,1661
69,1450
66,1447
67,1341
71,1471
69,1404
75,1587
76,1562
65,1262
80,1659
74,1504
80,1657
71,1407
66,1309
70,1452
72,1491
74,1487
63,1341
76,1535
73,1521
69,1404
74,1532
78,1600
70,1439
73,1558
68,1375
71,1422
73,1562
73,1503
#### generation 69
74,1519
80,1643
73,1522
74,1506
79,1661
80,1657
74,1493
80,1657
80,1657
72,1506
75,1516
68,1340
79,1679
65,1283
75,1579
80,1661
78,1644
80,1661
67,1355
78,1608
80,1661
72,1453
60,1244
69,1422
70,1454
66,1334
67,1446
76,1541
76,1574
75,1527
72,1502
66,1305
77,1612
76,1592
63,1229
73,1482
77,1568
73,1480
70,1364
73,1468
76,1573
66,1340
72,1486
64,1229
77,1580
75,1542
75,1517
74,1484
65,1328
74,1531
77,1541
65,1389
77,1640
63,1267
71,1452
72,1427
67,1379
#### generation 70
78,1606
80,1673
69,1430
77,1616
70,1451
71,1469
74,1512
75,1544
76,1564
62,1247
71,1436
66,1341
77,1610
67,1333
66,1299
70,1364
71,1520
75,1578
69,1407
57,1239
69,1367
73,1543
70,1403
73,1502
64,1334
79,1627
78,1599
80,1661
75,1547
69,1437
#### generation 71
80,1643
77,1574
79,1621
75,1506
73,1475
71,1474
71,1457
73,1464
75,1559
73,1499
78,1597
74,1513
62,1240
68,1342
66,1336
66,1378
77,1560
75,1586
65,1305
68,1333
66,1328
76,1548
73,1532
79,1646
70,1513
80,1668
76,1573
79,1633
72,1557
72,1433
74,1486
73,1534
68,1422
69,1415
#### generation 72
80,1643
79,1623
76,1565
74,1493
75,1529
78,1615
77,1563
79,1622
78,1585
75,1512
79,1646
67,1380
67,1382
75,1488
76,1569
70,1406
75,1517
76,1552
67,1322
68,1384
71,1420
71,1443
75,1557
76,1539
62,1254
68,1382
72,1489
63,1358
78,1613
65,1329
73,1463
66,1375
73,1482
69,1418
80,1661
70,1466
69,1413
71,1394
#### generation 73
71,1474
78,1588
76,1520
76,1539
75,1541
78,1615
76,1531
71,1493
64,1339
72,1414
80,1643
75,1516
78,1624
70,1409
71,1421
80,1655
68,1425
69,1379
61,1329
63,1367
70,1503
79,1612
76,1558
65,1340
67,1386
78,1618
65,1327
69,1422
71,1477
72,1472
65,1313
67,1343
68,1416
71,1489
77,1579
70,1554
74,1598
77,1595
72,1469
63,1196
#### generation 74
75,1530
73,1476
77,1625
80,1643
76,1539
80,1657
77,1573
76,1550
76,1564
79,1627
76,1544
74,1542
70,1370
68,1349
64,1369
69,1361
69,1435
76,1537
65,1380
74,1534
79,1629
80,1674
67,1417
80,1661
75,1495
78,1605
80,1659
66,1334
75,1513
65,1324
61,1271
66,1324
69,1411
64,1209
#### generation 75
80,1641
67,1453
74,1528
76,1580
79,1626
70,1392
72,1498
71,1424
69,1394
79,1607
70,1407
71,1446
74,1582
73,1463
79,1606
78,1615
80,1643
73,1548
65,1272
66,1308
70,1436
74,1505
77,1549
69,1465
67,1355
70,1489
72,1500
64,1270
63,1298
69,1427
73,1467
74,1511
66,1391
63,1300
75,1549
74,1507
80,1659
61,1175
68,1314
77,1577
73,1469
78,1629
68,1399
78,1609
#### generation 76
79,1615
80,1647
73,1546
75,1612
76,1580
78,1606
75,1539
79,1589
69,1472
79,1622
79,1658
79,1660
79,1593
78,1609
73,1493
80,1643
73,1506
75,1586
74,1479
74,1534
65,1262
74,1499
74,1498
80,1643
78,1637
67,1410
69,1372
66,1366
60,1152
71,1438
71,1456
68,1394
78,1595
64,1330
69,1390
73,1461
66,1322
68,1375
70,1422
75,1509
67,1341
72,1523
62,1308
75,1538
63,1278
57,1187
71,1409
69,1414
#### generation 77
66,1296
80,1643
76,1562
80,1643
76,1577
71,1457
72,1476
78,1579
79,1622
75,1521
68,1361
74,1532
75,1496
79,1640
78,1602
73,1522
76,1543
78,1584
74,1503
80,1643
77,1590
78,1593
76,1555
71,1428
70,1392
74,1553
72,1498
80,1643
78,1637
77,1568
80,1643
76,1575
80,1643
80,1643
80,1645
80,1643
80,1643
79,1620
77,1585
78,1599
79,1622
73,1477
66,1276
75,1593
75,1550
65,1350
67,1382
63,1304
63,1324
74,1522
72,1479
68,1388
65,1265
77,1609
67,1334
66,1365
76,1569
69,1444
78,1614
65,1300
69,1401
65,1254
70,1439
#### generation 78
76,1582
78,1595
76,1534
76,1529
80,1645
78,1615
64,1336
80,1643
72,1505
71,1461
80,1653
76,1531
66,1314
74,1535
78,1604
79,1634
74,1483
78,1579
78,1660
78,1580
69,1473
78,1587
66,1284
80,1643
79,1656
80,1643
80,1643
80,1643
78,1601
72,1426
80,1641
80,1643
78,1637
72,1508
79,1621
68,1386
80,1651
78,1597
80,1643
73,1521
71,1391
79,1627
74,1530
79,1623
79,1609
80,1643
71,1465
76,1580
80,1653
62,1300
79,1651
80,1643
75,1571
77,1557
80,1643
77,1573
66,1345
67,1315
77,1582
77,1557
80,1645
78,1601
76,1531
80,1649
71,1491
73,1454
80,1643
79,1616
78,1622
77,1560
75,1551
78,1626
69,1390
75,1571
64,1351
66,1392
69,1425
72,1474
78,1615
70,1442
73,1529
68,1445
#### generation 79
77,1555
80,1641
76,1529
80,1660
67,1332
78,1595
74,1519
75,1489
65,1379
77,1592
79,1634
78,1625
76,1549
80,1645
74,1494
67,1367
76,1527
69,1452
64,1372
73,1508
66,1264
70,1448
61,1286
67,1403
72,1493
74,1521
77,1580
71,1447
73,1457
69,1382
66,1303
68,1370
78,1615
80,1655
56,1156
72,1451
#### generation 80
79,1612
80,1641
77,1627
80,1647
77,1543
80,1639
65,1313
80,1641
78,1603
79,1620
65,1286
72,1399
63,1222
65,1347
66,1289
71,1465
66,1371
67,1450
79,1609
74,1497
72,1440
69,1397
65,1333
80,1658
73,1513
63,1280
57,1207
66,1320
65,1327
72,1538
72,1565
78,1619
72,1492
73,1550
74,1494
71,1465
69,1378
65,1300
#### generation 81
80,1633
75,1491
63,1272
78,1603
78,1656
75,1585
73,1531
67,1421
74,1580
80,1647
75,1495
75,1565
70,1425
71,1491
69,1398
73,1488
77,1599
73,1517
64,1338
74,1493
71,1451
67,1346
62,1223
67,1433
78,1596
72,1549
69,1336
66,1357
74,1510
71,1487
76,1539
67,1433
74,1535
76,1573
67,1413
68,1378
64,1245
74,1584
68,1350
63,1272
59,1178
62,1259
#### generation 82
80,1633
78,1586
77,1588
71,1479
76,1602
72,1482
67,1366
67,1330
68,1432
67,1454
79,1620
76,1584
77,1625
75,1489
70,1421
68,1383
80,1651
68,1361
73,1483
69,1471
65,1347
66,1330
66,1407
68,1365
71,1440
74,1537
67,1385
65,1318
74,1545
73,1525
72,1474
75,1559
75,1485
#### generation 83
80,1633
74,1518
80,1633
80,1633
79,1613
66,1351
72,1492
65,1287
79,1609
75,1563
72,1418
74,1519
76,1593
63,1335
65,1325
72,1525
69,1428
67,1339
64,1292
75,1588
71,1420
74,1481
77,1545
78,1587
70,1401
72,1465
66,1314
76,1553
78,1578
75,1527
76,1623
80,1643
66,1344
69,1433
67,1328
67,1368
#### generation 84
76,1575
78,1609
67,1362
75,1509
75,1543
75,1552
71,1486
80,1633
77,1590
74,1497
78,1623
78,1581
78,1584
80,1633
74,1521
79,1640
67,1391
79,1624
79,1599
79,1629
80,1633
76,1557
74,1508
80,1639
76,1521
69,1463
65,1403
64,1313
57,1131
69,1368
70,1476
62,1298
71,1453
66,1296
73,1590
67,1374
80,1645
61,1247
67,1296
64,1338
70,1487
65,1332
76,1576
69,1439
78,1604
72,1482
78,1574
70,1444
#### generation 85
75,1515
75,1561
67,1417
71,1449
77,1549
77,1620
74,1585
69,1418
64,1260
78,1597
74,1468
74,1504
80,1639
76,1530
77,1603
80,1633
67,1398
78,1567
76,1530
73,1470
78,1623
71,1428
77,1599
80,1633
78,1634
71,1488
80,1633
71,1426
69,1420
80,1645
64,1289
77,1652
78,1602
65,1332
65,1414
79,1625
75,1527
76,1529
72,1550
63,1236
69,1375
79,1682
75,1557
71,1407
71,1407
70,1481
64,1317
73,1488
72,1463
77,1585
#### generation 86
68,1426
80,1633
80,1639
75,1510
77,1582
62,1242
80,1633
79,1613
71,1464
68,1406
79,1617
80,1633
71,1418
77,1574
78,1575
69,1416
80,1633
72,1446
80,1639
78,1585
72,1498
78,1604
78,1660
78,1629
80,1633
74,1509
78,1605
77,1578
77,1555
69,1413
80,1633
72,1476
80,1633
80,1633
80,1633
69,1430
78,1579
80,1633
74,1484
80,1633
76,1530
70,1424
78,1599
63,1321
72,1444
77,1609
74,1508
79,1627
80,1633
80,1650
79,1640
76,1536
62,1264
80,1633
73,1504
73,1482
72,1442
79,1604
77,1577
78,1594
72,1471
80,1678
70,1431
64,1265
77,1576
79,1614
68,1449
69,1400
80,1645
69,1446
70,1440
69,1430
69,1402
64,1319
66,1340
68,1418
79,1624
#### generation 87
80,1633
75,1505
70,1500
77,1623
75,1494
80,1633
80,1664
70,1394
80,1633
75,1553
78,1594
77,1547
72,1455
64,1312
80,1635
78,1573
72,1518
73,1496
76,1536
80,1633
67,1339
69,1356
80,1633
79,1621
76,1542
78,1579
79,1583
72,1444
76,1548
71,1468
77,1606
80,1633
80,1643
77,1579
77,1598
78,1600
78,1597
73,1455
77,1606
66,1337
69,1411
80,1645
76,1506
76,1573
70,1483
71,1526
70,1434
80,1633
73,1494
79,1640
69,1416
73,1467
80,1633
80,1639
77,1559
73,1504
80,1645
78,1587
75,1510
80,1633
80,1640
80,1633
75,1505
72,1431
75,1532
70,1365
79,1599
64,1332
75,1503
80,1633
80,1633
78,1612
76,1523
78,1583
75,1532
77,1563
77,1576
80,1637
79,1608
80,1635
76,1608
77,1579
80,1641
80,1633
76,1540
77,1596
75,1550
70,1487
80,1633
69,1409
79,1601
75,1515
80,1631
80,1633
75,1553
77,1570
70,1442
79,1597
76,1538
80,1633
67,1379
77,1582
75,1513
63,1362
79,1619
74,1577
74,1547
76,1560
71,1401
#### generation 88
73,1470
78,1600
71,1457
80,1637
79,1601
75,1514
78,1589
80,1645
67,1361
72,1533
72,1422
71,1487
64,1375
80,1631
78,1613
65,1327
74,1583
80,1633
69,1460
73,1464
71,1445
68,1374
68,1362
78,1598
71,1469
65,1288
76,1557
70,1398
74,1516
69,1422
70,1440
71,1400
80,1631
80,1633
68,1370
71,1495
#### generation 89
79,1601
80,1631
70,1398
76,1517
73,1491
73,1471
80,1631
64,1303
80,1631
76,1509
76,1584
72,1428
62,1265
72,1521
76,1536
64,1284
70,1455
67,1367
65,1356
73,1503
62,1271
70,1401
78,1605
63,1242
73,1484
68,1323
75,1584
62,1237
74,1596
77,1544
71,1461
73,1458
72,1483
71,1425
63,1312
70,1476
68,1382
65,1296
#### generation 90
75,1533
76,1565
80,1631
80,1631
79,1625
75,1499
77,1609
72,1459
79,1605
79,1610
77,1563
70,1447
79,1634
74,1516
80,1633
77,1558
79,1610
73,1519
80,1631
78,1571
77,1563
74,1508
79,1601
71,1468
79,1647
77,1557
67,1383
60,1215
70,1435
73,1459
67,1334
71,1453
61,1219
62,1291
64,1294
77,1582
75,1534
75,1564
69,1374
74,1527
64,1280
62,1222
76,1548
71,1415
76,1540
61,1259
71,1452
#### generation 91
76,1590
79,1625
77,1586
76,1586
76,1540
70,1460
78,1587
75,1524
65,1282
76,1580
74,1491
66,1311
78,1614
76,1538
68,1410
77,1575
76,1530
80,1631
74,1486
69,1349
75,1562
77,1610
75,1521
79,1638
75,1526
79,1625
76,1517
71,1454
76,1524
77,1569
68,1339
71,1396
77,1564
75,1563
74,1465
67,1409
70,1428
71,1524
72,1527
78,1587
72,1477
69,1365
57,1295
72,1469
80,1633
72,1475
70,1469
66,1327
#### generation 92
74,1502
79,1627
64,1290
74,1564
74,1469
76,1519
71,1440
68,1353
80,1637
71,1459
70,1365
79,1605
67,1352
80,1631
77,1615
74,1535
76,1564
68,1399
69,1345
74,1547
76,1530
73,1482
80,1639
64,1378
75,1525
77,1628
79,1625
78,1602
74,1500
78,1575
80,1631
80,1629
72,1444
77,1580
77,1575
70,1463
80,1631
72,1533
80,1631
80,1635
73,1462
77,1606
74,1528
78,1618
76,1544
79,1633
80,1631
64,1336
70,1455
63,1337
66,1317
68,1366
69,1484
68,1354
74,1607
65,1326
63,1326
74,1494
75,1483
76,1544
70,1477
61,1221
69,1382
77,1583
67,1386
67,1367
68,1351
#### generation 93
80,1629
80,1627
76,1573
79,1627
78,1608
62,1228
71,1454
67,1386
77,1559
73,1486
71,1407
72,1520
66,1358
75,1517
74,1488
79,1612
74,1473
65,1338
80,1633
70,1443
76,1516
73,1441
73,1482
72,1421
80,1631
76,1509
74,1476
74,1477
65,1296
71,1517
70,1396
61,1275
72,1491
74,1502
80,1631
80,1631
65,1312
71,1449
69,1363
68,1364
70,1390
77,1602
74,1534
70,1439
69,1439
67,1333
65,1265
60,1263
73,1483
74,1472
75,1545
66,1272
72,1456
#### generation 94
80,1637
80,1647
73,1477
75,1517
78,1623
77,1640
79,1613
63,1259
80,1637
79,1604
75,1515
64,1325
72,1445
66,1340
77,1562
67,1378
74,1502
64,1352
73,1475
76,1536
68,1382
79,1599
74,1547
75,1494
71,1433
74,1518
72,1432
67,1415
80,1631
78,1592
67,1439
67,1318
65,1366
69,1387
66,1347
65,1346
72,1435
76,1552
66,1362
66,1376
65,1261
#### generation 95
73,1480
80,1627
73,1475
64,1341
67,1402
66,1312
68,1384
80,1629
76,1526
80,1633
67,1390
67,1366
70,1452
80,1633
72,1449
65,1366
76,1565
76,1585
64,1276
73,1489
74,1537
69,1470
77,1591
79,1606
77,1568
79,1625
68,1362
70,1465
70,1457
70,1495
73,1518
69,1408
75,1570
62,1195
67,1381
75,1507
65,1295
68,1400
66,1318
#### generation 96
77,1557
71,1461
80,1627
71,1498
71,1430
74,1492
77,1588
66,1365
75,1589
69,1375
75,1519
75,1571
70,1462
71,1399
74,1479
71,1427
80,1631
67,1390
78,1587
73,1499
76,1619
69,1399
75,1497
68,1384
80,1631
67,1414
67,1335
80,1631
68,1388
69,1342
79,1608
70,1365
78,1573
74,1522
69,1454
65,1342
72,1473
70,1548
71,1416
63,1334
73,1481
70,1454
69,1430
#### generation 97
74,1541
75,1557
79,1645
80,1627
68,1399
80,1646
78,1630
76,1592
76,1547
77,1569
75,1544
80,1629
73,1429
80,1629
69,1428
59,1239
66,1393
76,1590
70,1360
80,1631
77,1568
78,1581
75,1519
77,1555
80,1633
80,1631
73,1499
80,1631
73,1451
66,1368
77,1623
80,1631
67,1375
73,1475
75,1526
72,1442
65,1325
71,1481
69,1381
77,1584
73,1526
63,1249
74,1513
68,1400
67,1414
61,1274
67,1369
70,1422
65,1341
#### generation 98
76,1522
71,1453
63,1230
76,1521
77,1573
74,1481
79,1602
80,1655
75,1547
80,1637
80,1627
79,1623
75,1562
67,1341
75,1550
74,1510
66,1365
74,1495
80,1629
67,1338
63,1323
74,1537
62,1302
70,1484
76,1586
76,1600
62,1252
67,1389
68,1474
71,1377
67,1366
72,1482
80,1631
70,1438
69,1401
77,1627
68,1443
71,1428
72,1490
68,1354
70,1398
#### generation 99
76,1539
80,1631
80,1627
76,1558
79,1607
78,1569
67,1375
78,1577
73,1488
73,1525
60,1194
80,1627
72,1467
80,1629
78,1595
77,1574
78,1581
69,1377
80,1629
75,1477
72,1452
80,1651
74,1500
64,1288
76,1522
76,1595
77,1551
72,1537
74,1495
67,1374
71,1483
78,1587
63,1392
66,1304
65,1296
65,1328
70,1431
67,1398
75,1516
66,1373
75,1607
77,1643
70,1431
75,1558
70,1431
70,1398
71,1501
77,1544
64,1304
#### generation 100
77,1576
77,1571
76,1579
80,1627
75,1553
76,1570
76,1523
76,1553
69,1458
75,1545
80,1627
74,1555
67,1376
80,1627
73,1520
78,1595
74,1500
80,1627
80,1627
73,1540
80,1627
79,1631
75,1553
64,1340
71,1431
69,1491
68,1390
63,1206
64,1306
65,1335
78,1596
58,1192
75,1576
78,1637
74,1498
73,1529
77,1548
76,1536
72,1499
69,1385
80,1629
68,1404
80,1629
76,1597
73,1522
78,1628
62,1319
70,1462
70,1471
61,1248
73,1475
62,1251
71,1401
66,1340
67,1377
73,1506
66,1359
71,1490
70,1395
#### generation 101
79,1604
77,1527
80,1647
74,1512
78,1648
75,1544
80,1627
74,1503
79,1597
63,1370
76,1551
80,1627
78,1599
78,1583
79,1595
78,1579
71,1394
80,1647
78,1614
78,1619
80,1627
78,1629
79,1607
80,1627
76,1538
76,1587
71,1492
79,1619
73,1482
80,1627
80,1627
71,1423
80,1629
79,1602
80,1627
66,1316
79,1639
73,1513
76,1511
74,1498
75,1509
76,1543
72,1432
80,1627
80,1627
75,1550
78,1576
78,1576
80,1637
80,1627
80,1627
73,1525
67,1386
73,1449
71,1431
63,1259
72,1538
74,1486
70,1410
70,1453
70,1428
76,1550
68,1384
67,1346
69,1415
74,1519
72,1470
71,1478
71,1477
70,1504
78,1583
73,1474
76,1524
76,1583
77,1572
66,1330
80,1629
68,1485
80,1625
75,1562
78,1649
64,1389
77,1574
69,1403
74,1519
69,1469
69,1466
#### generation 102
80,1625
74,1532
76,1570
75,1566
69,1429
65,1383
71,1435
74,1539
72,1512
77,1575
68,1365
71,1467
75,1565
74,1510
75,1518
73,1510
80,1627
71,1525
74,1520
74,1532
75,1571
79,1615
71,1391
69,1429
72,1452
72,1529
78,1638
77,1585
77,1563
73,1508
75,1495
80,1633
71,1458
79,1606
73,1468
77,1598
79,1623
65,1318
73,1516
69,1464
69,1425
65,1354
76,1599
66,1429
69,1425
71,1451
79,1604
77,1625
70,1450
74,1510
76,1567
80,1642
74,1525
79,1612
80,1639
68,1409
72,1473
77,1610
75,1535
70,1500
72,1439
74,1503
75,1538
62,1224
80,1639
65,1316
80,1627
66,1291
70,1447
75,1540
62,1170
74,1524
69,1385
#### generation 103
68,1329
75,1566
80,1625
78,1577
70,1413
79,1603
72,1475
67,1403
79,1637
69,1470
80,1627
71,1457
61,1274
71,1438
68,1357
73,1567
80,1627
75,1548
70,1447
71,1527
61,1214
66,1370
74,1497
63,1253
78,1592
64,1295
80,1649
71,1492
72,1541
74,1480
71,1487
74,1475
78,1612
68,1399
79,1607
65,1320
78,1581
77,1576
69,1453
71,1443
79,1621
70,1409
69,1378
68,1443
71,1491
79,1602
77,1560
76,1543
68,1400
75,1506
80,1647
66,1326
72,1476
66,1313
78,1605
70,1455
74,1500
71,1470
69,1377
61,1233
#### generation 104
76,1560
78,1655
78,1579
78,1579
80,1625
77,1571
64,1354
75,1564
68,1444
73,1527
80,1631
72,1438
74,1534
80,1627
77,1561
64,1305
69,1448
65,1412
67,1359
63,1262
61,1294
71,1473
75,1571
65,1321
67,1396
75,1564
70,1437
64,1245
68,1356
70,1394
61,1218
78,1566
71,1466
80,1650
76,1560
61,1189
62,1288
72,1424
65,1362
#### generation 105
79,1600
75,1530
76,1545
78,1601
78,1595
80,1644
80,1625
73,1459
77,1597
67,1369
76,1553
74,1477
77,1585
75,1534
77,1571
78,1577
69,1453
80,1625
79,1647
79,1626
77,1589
76,1522
80,1627
67,1347
70,1413
74,1521
64,1335
62,1317
76,1523
68,1413
66,1370
72,1523
63,1297
69,1409
65,1335
68,1394
70,1458
70,1445
74,1479
80,1637
76,1557
59,1091
65,1268
59,1216
73,1532
80,1627
77,1608
67,1345
64,1296
73,1519
#### generation 106
78,1591
78,1583
78,1579
77,1583
80,1638
79,1613
63,1228
80,1625
78,1596
80,1633
72,1525
77,1621
74,1470
72,1478
79,1621
74,1533
77,1533
79,1630
79,1621
80,1625
80,1625
80,1625
64,1295
70,1437
72,1484
74,1529
72,1497
63,1365
68,1361
69,1407
78,1700
74,1528
65,1313
64,1320
72,1451
68,1349
72,1459
63,1298
72,1526
68,1349
70,1499
79,1607
68,1453
73,1507
77,1573
61,1264
#### generation 107
74,1484
72,1418
80,1627
73,1449
73,1497
70,1415
76,1527
78,1580
79,1611
78,1589
74,1504
78,1646
78,1652
72,1440
74,1592
74,1490
75,1494
68,1352
69,1416
80,1625
67,1351
79,1605
80,1627
80,1633
78,1583
76,1620
71,1465
78,1577
77,1577
80,1640
80,1625
75,1518
80,1625
78,1610
79,1611
79,1609
77,1583
80,1625
79,1605
64,1263
74,1515
67,1374
66,1288
62,1245
62,1227
63,1290
66,1320
74,1499
80,1629
68,1438
76,1555
78,1574
69,1377
77,1566
67,1336
73,1460
69,1439
80,1627
73,1496
80,1627
72,1481
#### generation 108
80,1625
78,1597
80,1625
72,1452
80,1625
75,1502
80,1625
77,1579
74,1490
79,1627
80,1625
68,1419
71,1418
80,1625
80,1625
80,1625
80,1627
72,1484
80,1629
73,1479
76,1521
80,1653
70,1449
76,1501
80,1623
74,1495
73,1427
80,1625
78,1569
78,1613
80,1629
77,1555
76,1552
80,1659
75,1527
77,1588
71,1427
80,1625
77,1603
76,1524
65,1328
80,1636
69,1451
80,1650
74,1470
79,1605
71,1444
66,1327
79,1591
78,1565
80,1625
76,1541
69,1494
71,1482
63,1283
67,1356
77,1646
70,1388
69,1381
67,1327
74,1506
76,1553
65,1454
60,1285
66,1389
67,1344
77,1616
73,1487
#### generation 109
62,1245
76,1602
70,1440
68,1361
67,1361
80,1623
70,1433
79,1605
78,1596
78,1591
77,1559
72,1465
63,1203
71,1453
79,1616
76,1582
78,1575
75,1563
76,1534
76,1521
71,1424
76,1634
76,1532
79,1601
72,1452
62,1201
64,1239
71,1423
79,1605
70,1431
63,1248
75,1509
66,1414
74,1504
75,1516
78,1579
74,1489
78,1593
80,1623
71,1430
71,1438
66,1312
75,1490
67,1349
73,1513
80,1625
76,1531
73,1469
69,1380
79,1614
68,1403
77,1557
80,1653
72,1453
79,1604
68,1324
78,1617
63,1253
79,1675
67,1372
67,1385
77,1640
#### generation 110
80,1623
63,1241
78,1635
78,1577
63,1290
80,1623
74,1514
79,1609
75,1494
67,1336
63,1300
79,1610
75,1532
74,1500
78,1568
79,1623
78,1574
80,1625
71,1475
77,1571
79,1616
65,1297
79,1610
75,1509
78,1603
80,1636
77,1625
78,1620
65,1251
74,1479
77,1563
75,1508
72,1451
77,1567
63,1231
78,1592
75,1492
70,1448
67,1359
78,1582
80,1639
65,1270
70,1366
69,1359
80,1625
75,1547
79,1633
78,1646
67,1340
74,1486
77,1584
79,1591
66,1369
77,1578
76,1545
77,1567
74,1536
77,1549
80,1625
65,1361
76,1520
80,1625
78,1609
79,1589
74,1529
73,1490
72,1509
65,1310
73,1477
68,1425
66,1343
70,1431
68,1411
70,1432
#### generation 111
80,1623
68,1411
76,1604
74,1500
79,1607
80,1635
80,1623
77,1547
80,1623
74,1510
73,1511
74,1506
65,1331
79,1631
76,1573
66,1424
76,1567
66,1322
77,1556
78,1579
77,1557
75,1510
75,1510
73,1531
80,1627
78,1608
66,1290
62,1230
73,1457
66,1387
65,1321
74,1539
66,1316
66,1307
78,1591
70,1397
69,1468
73,1490
66,1297
59,1262
62,1198
71,1454
71,1495
72,1444
79,1597
#### generation 112
73,1453
74,1490
78,1585
77,1621
77,1589
77,1598
77,1582
78,1581
75,1578
80,1623
69,1364
75,1521
80,1623
78,1559
80,1623
76,1558
80,1633
77,1558
78,1598
72,1436
75,1523
77,1642
78,1619
80,1621
68,1327
68,1406
74,1521
66,1381
80,1627
75,1605
67,1364
78,1648
79,1613
77,1554
71,1427
76,1567
69,1463
71,1463
62,1304
64,1306
69,1490
75,1522
67,1336
67,1340
68,1444
71,1450
#### generation 113
72,1450
80,1621
73,1498
73,1457
72,1475
80,1623
75,1535
72,1480
62,1282
68,1374
79,1613
73,1492
76,1520
77,1558
80,1623
78,1554
80,1623
68,1404
73,1488
67,1397
74,1503
65,1307
65,1335
76,1549
69,1417
65,1318
71,1371
68,1402
78,1575
72,1545
67,1376
66,1302
67,1357
64,1253
66,1352
73,1544
78,1596
73,1498
64,1347
77,1619
68,1386
75,1505
60,1242
67,1340
80,1625
71,1441
62,1278
72,1466
65,1311
74,1457
#### generation 114
80,1621
80,1621
78,1591
70,1473
67,1360
78,1606
70,1384
78,1573
78,1578
78,1589
74,1533
64,1356
71,1428
73,1541
73,1514
71,1441
72,1451
75,1515
72,1450
65,1290
72,1514
65,1315
71,1515
71,1451
69,1421
67,1369
70,1431
79,1594
79,1603
74,1469
70,1475
71,1413
76,1538
64,1328
67,1425
71,1501
72,1472
66,1345
66,1302
76,1556
79,1616
68,1440
65,1317
80,1627
76,1610
62,1276
80,1636
76,1501
71,1466
#### generation 115
71,1505
72,1485
77,1584
80,1634
77,1546
70,1431
80,1621
62,1293
77,1532
72,1451
77,1558
74,1502
78,1603
79,1611
80,1623
78,1624
80,1621
80,1621
80,1625
67,1352
80,1623
80,1623
74,1535
68,1349
63,1332
79,1601
65,1325
76,1525
70,1428
80,1623
78,1566
77,1557
68,1324
68,1349
74,1509
67,1392
80,1623
73,1468
78,1585
72,1432
69,1404
79,1602
80,1623
75,1528
77,1601
70,1446
80,1623
70,1412
80,1621
80,1623
80,1623
76,1533
71,1430
69,1450
61,1245
71,1482
73,1475
80,1637
72,1506
62,1244
65,1375
76,1530
72,1447
66,1373
#### generation 116
78,1563
79,1614
76,1571
79,1607
67,1337
77,1615
80,1625
75,1490
74,1524
73,1449
77,1569
80,1621
76,1618
77,1561
76,1520
78,1570
64,1355
80,1621
80,1621
67,1326
79,1603
76,1516
76,1516
80,1621
69,1454
76,1565
75,1506
80,1621
80,1623
70,1450
78,1573
77,1539
76,1554
79,1605
77,1544
80,1627
77,1546
75,1587
76,1539
72,1475
68,1407
69,1557
67,1402
71,1460
80,1625
80,1653
68,1412
74,1527
77,1571
63,1321
80,1623
66,1358
63,1300
74,1471
77,1557
76,1557
80,1625
80,1638
74,1522
69,1352
78,1576
#### generation 117
80,1621
68,1370
80,1621
76,1562
77,1634
76,1535
72,1462
80,1634
78,1560
79,1581
80,1621
78,1566
75,1514
77,1546
66,1333
69,1360
80,1632
67,1335
75,1518
75,1516
77,1553
78,1591
80,1621
80,1621
79,1585
77,1562
64,1308
77,1591
78,1571
79,1589
78,1585
80,1621
78,1582
80,1621
80,1625
74,1519
80,1621
70,1450
62,1266
71,1457
80,1625
74,1519
79,1599
79,1599
68,1358
74,1524
80,1625
75,1526
71,1496
66,1290
66,1334
77,1545
69,1398
71,1421
#### generation 118
76,1526
75,1521
76,1532
80,1621
80,1623
80,1629
75,1505
80,1623
78,1582
80,1625
75,1527
80,1621
79,1601
78,1579
80,1621
77,1595
80,1621
75,1522
80,1632
72,1534
78,1617
79,1609
78,1600
79,1602
75,1514
79,1604
77,1541
67,1339
78,1571
80,1621
77,1533
77,1548
66,1301
76,1530
80,1621
80,1641
80,1621
80,1625
71,1438
69,1438
78,1631
79,1602
74,1555
75,1515
79,1601
80,1621
71,1439
80,1629
68,1371
78,1573
80,1621
79,1585
79,1604
79,1611
76,1547
80,1621
75,1523
80,1621
78,1573
75,1531
80,1621
71,1456
74,1450
74,1493
80,1621
75,1533
79,1615
78,1586
80,1621
71,1447
77,1615
74,1564
76,1554
76,1556
77,1547
75,1560
68,1369
79,1585
78,1654
79,1607
80,1621
73,1512
78,1615
80,1621
71,1455
72,1413
71,1500
72,1444
77,1533
74,1541
80,1621
80,1626
78,1582
71,1391
76,1545
77,1567
68,1429
78,1583
75,1522
63,1225
65,1328
74,1488
62,1294
66,1350
72,1468
63,1272
74,1520
67,1335
#### generation 119
