60,1242
62,1346
60,1276
58,1156
65,1407
57,1353
59,1311
58,1307
61,1332
59,1297
60,1348
66,1418
59,1292
64,1283
59,1315
59,1232
59,1330
61,1369
59,1294
68,1489
63,1421
58,1224
64,1331
62,1435
60,1364
59,1308
58,1366
56,1197
63,1418
58,1265
#### generation 0
66,1451
63,1357
65,1396
68,1489
66,1421
66,1447
61,1293
62,1357
64,1399
61,1347
63,1252
64,1262
62,1259
64,1301
63,1318
64,1414
61,1391
62,1369
60,1289
61,1404
60,1336
59,1292
57,1230
61,1369
61,1272
63,1407
59,1278
55,1239
61,1293
57,1189
60,1326
55,1226
57,1280
56,1237
59,1325
58,1296
61,1265
58,1222
61,1351
57,1185
62,1401
62,1407
56,1197
#### generation 1
68,1481
68,1489
65,1416
69,1546
66,1425
68,1508
68,1485
67,1474
67,1443
64,1371
66,1418
66,1418
63,1299
63,1337
66,1416
66,1394
67,1482
66,1447
65,1368
66,1463
65,1382
59,1311
62,1328
63,1259
62,1241
61,1233
64,1299
60,1259
64,1444
57,1297
59,1323
60,1147
62,1322
59,1228
63,1418
58,1292
61,1306
61,1305
62,1331
59,1319
61,1364
61,1333
63,1423
63,1308
63,1347
59,1257
#### generation 2
67,1475
68,1483
69,1566
67,1434
60,1242
68,1497
66,1418
68,1489
68,1489
68,1489
64,1433
68,1489
62,1281
63,1336
67,1443
69,1546
67,1443
68,1438
67,1460
67,1482
68,1503
66,1394
61,1275
66,1516
65,1418
61,1279
64,1420
65,1419
60,1284
65,1409
67,1473
64,1322
64,1325
68,1536
65,1433
67,1432
65,1382
65,1412
60,1333
66,1447
59,1143
64,1331
60,1201
59,1182
#### generation 3
69,1546
69,1546
66,1419
69,1546
69,1548
62,1388
67,1490
68,1503
65,1407
66,1414
58,1216
68,1438
66,1414
65,1343
65,1418
65,1350
68,1481
68,1483
62,1280
68,1489
68,1487
68,1485
69,1491
66,1420
66,1443
66,1419
66,1394
66,1385
68,1506
67,1471
66,1491
61,1325
68,1493
67,1479
68,1495
62,1351
64,1363
68,1489
61,1317
68,1503
67,1507
68,1496
64,1354
68,1509
63,1393
69,1583
67,1432
68,1450
61,1267
67,1443
63,1342
66,1338
63,1275
68,1469
67,1475
65,1335
66,1418
64,1371
#### generation 4
67,1453
68,1480
69,1494
66,1345
66,1488
69,1564
63,1322
68,1528
68,1516
69,1546
69,1546
69,1546
69,1554
68,1495
69,1546
66,1438
69,1546
64,1408
64,1332
64,1346
69,1572
69,1521
69,1536
63,1359
66,1428
68,1528
69,1540
66,1493
69,1566
68,1467
65,1403
70,1615
64,1316
68,1487
60,1293
56,1120
66,1436
69,1510
63,1392
63,1381
63,1326
68,1501
68,1487
70,1537
67,1424
68,1489
64,1362
60,1246
68,1489
67,1475
62,1286
65,1375
62,1293
#### generation 5
67,1427
70,1621
63,1411
64,1367
70,1615
69,1531
67,1449
68,1473
64,1340
62,1279
68,1456
62,1313
62,1316
60,1296
69,1505
64,1370
69,1457
70,1575
62,1332
66,1463
62,1381
69,1546
64,1416
69,1546
68,1428
68,1488
69,1526
71,1588
67,1483
64,1447
66,1465
69,1540
71,1585
69,1510
65,1401
66,1469
74,1669
68,1506
66,1414
63,1385
67,1425
63,1363
70,1537
65,1389
68,1494
69,1554
69,1564
65,1413
65,1418
65,1409
66,1443
63,1371
64,1385
64,1410
68,1450
69,1583
67,1388
64,1379
68,1389
62,1356
62,1326
#### generation 6
65,1350
69,1528
66,1399
74,1667
72,1578
63,1289
67,1462
68,1441
67,1432
68,1552
71,1636
62,1294
66,1378
69,1491
69,1494
66,1386
63,1319
67,1458
65,1360
60,1289
64,1415
64,1360
65,1398
69,1540
64,1393
60,1200
68,1526
66,1481
69,1532
66,1432
66,1409
67,1408
62,1358
#### generation 7
74,1667
67,1457
64,1385
72,1584
70,1575
74,1671
71,1538
66,1435
70,1547
68,1509
65,1425
67,1469
66,1450
62,1389
71,1615
66,1439
62,1335
68,1440
69,1491
66,1357
61,1258
69,1534
62,1240
69,1457
69,1510
68,1416
65,1444
62,1250
65,1417
70,1478
68,1462
64,1398
64,1343
64,1408
68,1548
#### generation 8
66,1428
74,1667
61,1334
73,1599
74,1661
72,1584
64,1341
68,1567
70,1530
74,1663
72,1586
71,1544
71,1568
72,1581
70,1536
72,1588
70,1527
66,1374
72,1604
71,1603
67,1478
67,1420
69,1510
71,1544
69,1493
69,1428
68,1491
64,1427
71,1632
71,1641
62,1238
66,1367
64,1309
68,1450
67,1396
69,1523
66,1410
68,1464
67,1463
61,1243
#### generation 9
67,1454
70,1579
73,1657
67,1496
75,1702
74,1645
74,1663
70,1526
71,1571
71,1587
63,1290
69,1524
74,1667
61,1233
74,1652
66,1425
69,1507
66,1411
74,1669
67,1513
59,1262
74,1675
73,1605
66,1442
58,1235
65,1461
70,1515
62,1286
72,1584
68,1513
66,1459
69,1446
69,1473
72,1604
66,1442
68,1396
68,1406
69,1475
71,1619
71,1598
64,1398
64,1432
68,1576
64,1364
66,1435
66,1456
62,1305
68,1439
69,1531
#### generation 10
61,1325
73,1645
67,1482
68,1481
72,1579
68,1492
72,1596
67,1536
72,1589
73,1630
61,1411
64,1407
69,1518
68,1468
67,1435
74,1667
64,1413
71,1592
63,1350
74,1665
66,1433
60,1259
74,1667
74,1665
65,1411
68,1508
74,1669
72,1622
74,1669
74,1677
74,1675
74,1675
73,1599
73,1599
70,1492
72,1633
67,1492
66,1399
71,1537
69,1523
69,1499
64,1334
67,1398
64,1364
62,1300
59,1222
66,1426
68,1459
67,1462
63,1373
#### generation 11
61,1401
75,1700
64,1377
65,1440
63,1342
74,1656
74,1663
69,1538
75,1670
69,1580
74,1657
68,1602
66,1424
71,1569
66,1420
64,1348
72,1608
74,1654
64,1397
62,1360
63,1356
74,1667
68,1460
69,1533
74,1669
64,1406
66,1434
66,1409
61,1344
69,1513
62,1365
68,1503
65,1421
73,1629
68,1548
69,1552
69,1539
74,1669
68,1496
74,1675
60,1273
67,1421
65,1442
64,1398
66,1467
66,1504
74,1677
65,1394
70,1502
65,1346
74,1649
69,1567
58,1298
73,1663
#### generation 12
73,1617
70,1577
70,1530
70,1474
74,1645
74,1660
68,1430
74,1684
70,1575
64,1414
75,1702
66,1415
67,1496
66,1465
68,1474
70,1595
57,1202
57,1247
65,1336
71,1605
70,1558
62,1354
66,1407
64,1434
59,1288
71,1554
56,1165
65,1343
68,1430
59,1219
74,1673
69,1549
64,1415
74,1672
72,1629
65,1397
62,1302
70,1531
#### generation 13
72,1576
63,1323
71,1601
75,1700
71,1567
71,1605
64,1475
69,1535
65,1362
75,1699
75,1720
68,1538
59,1336
74,1645
69,1538
61,1308
68,1472
70,1586
65,1495
72,1628
66,1440
74,1663
71,1538
66,1429
65,1391
63,1311
63,1314
74,1667
73,1601
68,1478
62,1331
70,1523
73,1627
63,1303
59,1284
66,1366
74,1689
64,1366
#### generation 14
75,1670
68,1565
65,1359
68,1430
75,1700
69,1494
71,1596
70,1597
75,1700
65,1386
65,1400
72,1612
75,1700
63,1334
73,1623
72,1604
65,1397
71,1552
57,1194
68,1477
70,1531
68,1453
67,1523
73,1604
73,1614
65,1432
59,1334
73,1620
69,1517
71,1558
63,1330
67,1408
58,1213
66,1392
64,1413
64,1366
74,1626
65,1423
61,1337
64,1412
63,1322
63,1385
#### generation 15
74,1626
71,1558
67,1417
72,1588
75,1688
75,1670
75,1670
72,1620
65,1439
74,1663
70,1550
71,1593
75,1698
71,1559
75,1700
66,1387
69,1522
65,1375
74,1664
69,1541
74,1691
75,1700
75,1718
69,1568
71,1590
75,1700
75,1700
75,1698
75,1693
74,1699
66,1466
73,1646
75,1702
65,1395
68,1445
75,1710
67,1400
66,1379
67,1485
67,1433
68,1506
66,1465
62,1313
61,1306
65,1497
72,1607
65,1386
72,1615
72,1606
59,1265
61,1290
69,1487
65,1390
62,1357
66,1417
#### generation 16
75,1674
74,1647
66,1424
75,1670
70,1539
71,1552
65,1389
64,1375
75,1670
65,1385
73,1630
69,1487
74,1637
75,1688
66,1375
60,1297
67,1441
66,1461
70,1606
66,1448
69,1543
70,1543
75,1698
65,1417
75,1699
66,1414
74,1648
74,1673
74,1633
75,1652
66,1459
66,1454
75,1674
70,1568
75,1700
63,1341
58,1245
74,1683
75,1711
69,1557
68,1403
68,1522
75,1698
65,1446
65,1391
75,1702
58,1219
68,1473
73,1641
75,1700
65,1405
74,1644
71,1625
74,1693
74,1677
67,1481
69,1521
59,1268
73,1607
68,1496
63,1307
75,1702
74,1677
72,1606
74,1666
67,1531
73,1619
75,1712
74,1646
67,1435
70,1593
74,1682
72,1654
69,1529
69,1511
60,1272
72,1593
64,1338
63,1350
64,1382
#### generation 17
72,1613
72,1590
73,1609
65,1400
74,1630
73,1612
62,1329
70,1482
75,1670
67,1430
73,1579
73,1590
74,1661
75,1653
71,1558
75,1670
72,1611
62,1288
62,1306
68,1467
69,1487
75,1698
66,1387
66,1431
63,1414
74,1694
64,1417
70,1527
67,1523
67,1459
74,1658
69,1584
60,1260
60,1333
71,1611
60,1290
72,1604
62,1386
63,1292
#### generation 18
71,1570
75,1652
63,1347
71,1595
68,1487
71,1526
64,1358
67,1438
70,1528
74,1602
75,1670
67,1474
64,1387
71,1573
63,1332
65,1330
64,1357
66,1406
70,1486
68,1465
72,1593
69,1502
69,1474
74,1624
69,1491
71,1533
64,1458
64,1406
64,1357
72,1559
72,1573
75,1698
62,1349
62,1327
62,1322
73,1632
62,1362
72,1615
68,1508
66,1466
73,1627
65,1414
65,1452
66,1417
75,1652
#### generation 19
66,1395
75,1652
75,1652
75,1662
74,1625
66,1453
65,1393
70,1501
75,1652
72,1624
74,1670
75,1652
75,1652
75,1654
64,1418
75,1657
72,1550
65,1398
62,1332
74,1630
74,1645
75,1670
72,1533
75,1670
74,1649
72,1602
71,1551
66,1450
66,1452
74,1621
64,1378
75,1670
69,1460
72,1588
67,1487
74,1645
72,1598
74,1667
66,1346
74,1671
75,1674
70,1515
69,1507
69,1499
66,1420
64,1323
74,1662
65,1439
66,1449
69,1479
73,1598
72,1602
67,1480
73,1609
64,1395
59,1212
#### generation 20
74,1625
68,1468
68,1438
73,1603
75,1654
67,1455
70,1483
75,1652
75,1652
70,1581
64,1363
73,1566
75,1652
75,1652
72,1639
75,1652
62,1384
75,1652
75,1655
64,1380
74,1663
75,1716
69,1500
72,1622
75,1652
71,1535
69,1484
75,1651
66,1406
75,1680
72,1576
75,1657
75,1657
75,1657
75,1657
75,1660
75,1670
70,1565
72,1578
67,1436
73,1551
68,1483
71,1520
66,1395
66,1371
75,1668
72,1577
64,1427
72,1558
62,1373
68,1502
66,1401
73,1589
62,1323
73,1583
63,1334
72,1517
75,1670
75,1691
69,1473
63,1328
75,1670
64,1358
71,1552
75,1674
64,1329
72,1576
64,1434
66,1417
74,1694
68,1521
67,1413
75,1688
73,1671
#### generation 21
70,1534
71,1484
75,1652
74,1590
74,1663
69,1529
75,1652
73,1605
74,1634
63,1373
75,1652
64,1398
63,1327
65,1375
75,1652
75,1656
74,1610
75,1652
75,1652
69,1485
71,1546
73,1624
72,1588
75,1706
75,1654
75,1652
75,1660
75,1652
67,1474
70,1553
72,1572
71,1552
75,1652
73,1596
72,1592
75,1660
65,1431
73,1565
71,1603
71,1577
74,1614
75,1653
64,1341
74,1625
65,1408
72,1609
74,1627
74,1594
75,1654
74,1598
68,1416
66,1464
73,1608
75,1657
72,1556
71,1559
74,1686
75,1657
75,1657
74,1615
74,1618
65,1451
74,1628
72,1581
69,1517
70,1506
73,1570
75,1657
72,1621
75,1651
63,1374
74,1602
66,1418
#### generation 22
75,1647
74,1602
74,1632
74,1626
71,1576
75,1651
75,1700
73,1583
68,1494
69,1539
68,1442
71,1612
64,1436
73,1547
72,1554
75,1652
73,1592
73,1690
75,1633
75,1652
58,1206
74,1622
63,1340
75,1652
65,1395
72,1606
75,1654
75,1652
68,1452
75,1680
75,1652
65,1450
69,1524
75,1652
72,1580
72,1552
67,1452
67,1421
64,1412
66,1403
75,1652
68,1577
73,1584
75,1714
75,1652
67,1425
62,1411
73,1588
75,1652
64,1366
73,1613
69,1535
67,1464
67,1426
65,1363
75,1652
74,1663
75,1652
70,1539
74,1701
68,1478
70,1500
63,1350
68,1459
75,1654
62,1299
74,1624
65,1443
73,1600
#### generation 23
75,1633
74,1593
72,1581
61,1335
66,1446
65,1363
73,1609
65,1387
65,1357
71,1581
74,1640
65,1450
75,1664
69,1524
75,1652
66,1409
74,1625
63,1324
69,1546
62,1277
65,1397
63,1348
56,1223
73,1658
66,1430
69,1494
67,1378
70,1558
75,1645
68,1529
67,1387
#### generation 24
67,1444
75,1633
72,1606
66,1407
75,1635
72,1550
62,1399
65,1329
66,1368
74,1607
66,1401
73,1592
62,1323
70,1621
71,1570
75,1652
72,1557
64,1396
61,1324
69,1539
64,1381
64,1442
75,1660
69,1486
68,1463
71,1589
69,1595
65,1487
61,1341
63,1377
71,1553
68,1464
65,1477
65,1366
#### generation 25
63,1311
64,1290
66,1412
70,1501
69,1455
67,1396
69,1482
74,1600
74,1595
74,1623
75,1683
75,1635
61,1268
74,1605
71,1537
74,1641
75,1651
66,1440
68,1441
70,1565
64,1389
66,1407
67,1462
63,1335
66,1442
70,1595
75,1652
64,1452
65,1443
75,1652
64,1415
71,1551
70,1504
64,1413
72,1548
73,1619
64,1381
66,1392
66,1437
#### generation 26
74,1648
68,1431
73,1574
75,1631
66,1383
69,1477
72,1635
75,1644
71,1489
69,1426
72,1592
74,1604
75,1621
64,1342
68,1480
62,1358
60,1363
69,1545
60,1288
75,1651
66,1474
66,1433
61,1279
64,1336
71,1533
64,1363
60,1287
60,1320
75,1652
68,1554
72,1589
69,1533
64,1343
67,1454
71,1618
70,1520
64,1364
70,1493
68,1520
#### generation 27
73,1594
64,1299
75,1680
75,1635
74,1637
60,1236
75,1633
74,1602
74,1591
71,1542
57,1281
75,1633
62,1270
66,1361
64,1378
68,1459
74,1625
69,1433
71,1510
72,1569
75,1651
73,1591
61,1320
75,1659
63,1350
67,1387
65,1379
62,1240
67,1461
69,1540
68,1503
65,1374
60,1257
64,1460
59,1211
73,1605
60,1270
68,1501
62,1405
#### generation 28
74,1584
64,1349
75,1631
63,1297
73,1611
75,1631
74,1591
74,1599
72,1566
75,1655
75,1637
75,1634
62,1321
67,1414
75,1628
70,1508
75,1670
74,1596
75,1635
66,1385
75,1635
62,1338
61,1354
66,1508
66,1371
72,1576
63,1318
75,1651
68,1425
62,1454
69,1507
73,1607
70,1500
74,1666
65,1457
63,1340
73,1596
73,1600
67,1469
75,1652
63,1393
74,1647
71,1580
#### generation 29
68,1484
71,1538
76,1705
75,1621
72,1582
75,1630
71,1494
71,1519
69,1480
69,1473
70,1490
72,1595
75,1627
65,1335
68,1434
67,1471
68,1392
75,1635
66,1458
75,1637
75,1627
62,1338
67,1423
66,1397
71,1549
72,1526
74,1604
71,1524
72,1594
74,1650
75,1637
65,1406
75,1641
75,1658
69,1573
70,1509
64,1397
74,1628
75,1644
65,1396
70,1472
69,1409
64,1399
61,1295
68,1476
65,1437
74,1615
63,1374
74,1632
68,1470
62,1299
#### generation 30
76,1705
76,1710
76,1701
75,1685
74,1603
66,1453
74,1610
65,1397
72,1510
76,1657
68,1414
60,1267
74,1598
68,1467
64,1343
70,1521
64,1329
73,1627
70,1443
62,1261
75,1633
60,1246
66,1443
63,1277
70,1488
62,1373
69,1504
71,1506
68,1417
74,1609
70,1503
67,1454
65,1401
#### generation 31
66,1336
76,1657
75,1659
73,1598
71,1531
71,1512
77,1721
75,1666
71,1514
75,1641
68,1552
68,1463
74,1631
73,1627
76,1710
67,1436
75,1626
68,1411
65,1320
67,1415
75,1587
64,1310
75,1634
67,1382
75,1633
68,1448
67,1439
69,1504
61,1262
72,1529
67,1410
61,1323
73,1572
60,1281
67,1405
53,1097
66,1392
69,1396
60,1291
63,1340
#### generation 32
77,1721
73,1582
69,1550
77,1673
65,1380
63,1333
66,1456
74,1580
63,1325
74,1655
76,1701
75,1661
71,1540
76,1739
73,1638
64,1411
73,1636
76,1710
68,1451
75,1670
62,1333
69,1474
71,1555
59,1266
73,1576
74,1592
75,1626
61,1282
68,1446
75,1631
68,1483
67,1398
70,1550
69,1458
65,1371
75,1644
71,1582
74,1624
75,1634
68,1415
63,1273
70,1522
#### generation 33
77,1673
73,1539
76,1642
67,1380
75,1596
73,1611
74,1665
77,1721
63,1394
76,1722
72,1539
73,1547
76,1659
76,1701
75,1655
75,1686
69,1476
66,1410
76,1706
76,1710
66,1381
75,1680
67,1431
68,1486
69,1536
66,1510
72,1504
69,1435
75,1620
68,1494
73,1589
66,1339
67,1404
70,1492
69,1598
64,1309
73,1540
73,1540
71,1540
67,1449
75,1633
58,1225
72,1545
#### generation 34
73,1530
68,1427
70,1497
72,1550
66,1411
77,1721
76,1686
70,1459
77,1742
77,1721
77,1721
65,1395
69,1505
72,1579
67,1418
73,1569
75,1626
74,1596
69,1443
73,1558
70,1480
63,1352
76,1695
75,1692
70,1539
67,1439
67,1439
75,1680
72,1587
70,1576
74,1611
70,1544
60,1328
68,1486
65,1437
76,1710
73,1569
69,1553
64,1358
76,1739
70,1494
74,1577
69,1535
75,1665
72,1519
70,1506
75,1611
59,1263
74,1585
#### generation 35
72,1569
77,1673
66,1325
77,1673
70,1487
66,1372
71,1565
64,1362
69,1527
71,1539
68,1429
74,1660
77,1721
74,1600
77,1721
67,1443
76,1677
76,1733
71,1531
77,1761
67,1429
77,1731
68,1512
63,1349
76,1643
76,1692
77,1742
66,1458
77,1748
69,1473
72,1500
66,1364
69,1464
72,1543
75,1622
72,1584
67,1514
67,1441
72,1570
73,1613
76,1736
76,1710
75,1682
62,1343
65,1404
76,1705
75,1680
64,1429
74,1665
67,1379
64,1359
66,1519
65,1366
72,1592
76,1710
77,1748
75,1622
72,1626
64,1387
76,1710
66,1454
69,1476
73,1573
70,1537
73,1653
65,1436
#### generation 36
77,1673
77,1730
77,1673
66,1343
75,1653
77,1673
71,1529
70,1447
70,1508
68,1462
68,1487
74,1599
73,1545
62,1329
76,1678
68,1496
72,1623
73,1586
74,1631
76,1683
75,1662
76,1664
77,1720
74,1624
68,1448
77,1723
73,1638
77,1721
76,1635
76,1682
75,1709
71,1583
76,1734
73,1622
76,1669
68,1453
68,1557
77,1721
67,1421
69,1441
76,1683
76,1696
75,1667
73,1615
76,1707
65,1432
77,1702
67,1434
75,1688
77,1748
77,1748
77,1748
70,1491
75,1696
67,1410
69,1535
65,1403
60,1252
70,1544
72,1556
62,1245
65,1488
65,1300
68,1415
69,1520
67,1501
67,1516
75,1669
#### generation 37
76,1652
76,1648
70,1507
72,1528
75,1607
64,1488
74,1635
70,1494
77,1675
65,1346
74,1577
77,1675
77,1673
73,1573
65,1432
76,1645
77,1673
77,1673
74,1586
72,1554
75,1647
71,1498
67,1396
73,1593
75,1610
70,1553
72,1553
76,1662
71,1558
76,1688
70,1537
65,1386
65,1388
70,1526
71,1577
70,1510
74,1636
59,1249
75,1648
66,1395
75,1675
76,1731
70,1516
76,1680
71,1515
68,1528
68,1500
66,1439
72,1647
67,1471
73,1622
68,1415
71,1594
72,1594
64,1383
77,1744
73,1650
76,1736
#### generation 38
77,1683
70,1497
63,1313
71,1503
68,1484
77,1673
70,1479
71,1531
69,1532
76,1634
76,1652
77,1673
68,1415
69,1472
68,1413
69,1564
77,1673
74,1555
72,1530
65,1477
77,1673
77,1673
66,1378
63,1302
77,1671
72,1550
71,1496
66,1408
77,1683
75,1594
77,1697
74,1607
68,1453
75,1595
77,1689
69,1495
72,1599
74,1655
69,1481
73,1603
70,1474
68,1514
72,1573
70,1514
70,1507
75,1688
66,1420
76,1665
70,1568
77,1742
65,1415
70,1540
#### generation 39
77,1671
77,1671
76,1631
69,1490
76,1652
75,1602
77,1673
69,1434
75,1618
75,1636
73,1603
71,1570
77,1665
65,1365
71,1510
65,1355
67,1365
73,1600
73,1600
74,1605
73,1605
69,1534
75,1575
75,1645
74,1594
75,1637
74,1567
77,1673
74,1613
77,1673
74,1574
77,1675
77,1675
72,1502
69,1467
77,1673
76,1637
77,1669
77,1673
75,1626
72,1554
62,1353
75,1605
77,1673
73,1585
71,1523
74,1645
71,1504
77,1673
77,1675
77,1683
76,1623
77,1671
76,1658
76,1647
77,1677
77,1675
77,1729
76,1674
74,1581
65,1394
74,1653
75,1663
68,1433
77,1746
73,1544
68,1552
72,1551
77,1721
65,1362
67,1497
61,1311
#### generation 40
64,1305
77,1671
69,1457
77,1665
75,1643
76,1622
68,1457
67,1442
76,1686
65,1417
73,1565
71,1556
69,1480
64,1321
63,1403
65,1329
68,1407
64,1380
68,1531
75,1650
70,1482
76,1670
66,1391
75,1614
73,1570
69,1479
65,1435
64,1337
60,1327
68,1478
70,1524
69,1484
69,1428
#### generation 41
76,1668
74,1586
76,1651
63,1346
66,1419
70,1473
69,1430
76,1648
64,1359
68,1501
61,1284
73,1551
73,1586
68,1442
68,1477
74,1602
65,1352
63,1326
70,1519
70,1519
77,1673
60,1312
73,1567
62,1350
67,1450
68,1489
64,1321
73,1562
67,1469
63,1340
70,1512
68,1432
65,1353
#### generation 42
77,1665
77,1663
75,1631
69,1473
67,1371
72,1531
62,1359
70,1498
72,1538
74,1579
69,1560
67,1450
68,1483
68,1437
76,1658
70,1464
68,1428
64,1407
70,1477
76,1665
66,1391
77,1669
74,1605
75,1676
71,1513
77,1673
71,1507
67,1393
65,1424
68,1388
65,1402
#### generation 43
76,1627
69,1449
68,1416
76,1631
77,1669
77,1663
76,1690
77,1665
76,1684
77,1667
77,1669
77,1713
68,1471
72,1592
74,1601
70,1503
67,1382
71,1500
75,1627
64,1403
65,1477
68,1460
69,1550
69,1487
70,1465
77,1675
72,1559
70,1476
72,1511
63,1300
61,1284
67,1365
68,1474
77,1679
76,1675
73,1595
67,1462
69,1424
63,1311
67,1543
69,1462
71,1534
68,1426
70,1555
#### generation 44
71,1557
76,1647
77,1663
77,1663
75,1613
77,1671
70,1481
77,1665
72,1532
75,1626
71,1537
74,1575
63,1339
75,1636
75,1675
65,1362
77,1667
71,1507
67,1435
72,1594
66,1369
76,1642
76,1661
73,1578
65,1371
71,1566
67,1438
77,1669
61,1331
70,1494
67,1423
70,1580
64,1386
68,1461
70,1514
74,1604
71,1549
69,1470
70,1494
66,1478
68,1453
69,1456
63,1508
66,1374
69,1496
68,1438
70,1505
#### generation 45
77,1663
68,1440
77,1663
75,1609
75,1614
75,1640
75,1637
77,1663
75,1596
76,1666
75,1594
73,1552
77,1669
76,1632
71,1502
77,1665
72,1536
76,1635
74,1577
65,1342
76,1673
67,1430
76,1637
69,1464
76,1635
69,1455
75,1615
75,1609
65,1361
70,1489
67,1377
66,1396
77,1734
68,1434
68,1432
72,1525
72,1490
65,1318
73,1568
68,1409
74,1569
72,1554
69,1477
76,1741
66,1380
68,1496
77,1673
66,1410
#### generation 46
75,1591
73,1591
75,1628
77,1663
68,1443
77,1663
77,1663
69,1458
76,1670
75,1622
77,1661
68,1456
76,1654
76,1623
77,1663
74,1602
71,1544
71,1530
61,1339
74,1621
72,1504
77,1663
70,1483
75,1620
67,1565
67,1374
68,1480
77,1665
75,1588
76,1643
69,1485
73,1601
74,1597
77,1665
75,1641
71,1470
74,1598
65,1474
76,1657
76,1640
65,1360
77,1681
76,1625
66,1434
73,1601
77,1690
72,1490
68,1374
77,1665
69,1441
72,1502
67,1447
75,1643
72,1495
65,1358
58,1274
65,1308
60,1292
68,1499
77,1669
77,1671
68,1460
74,1603
74,1635
67,1411
73,1594
71,1549
73,1583
75,1636
#### generation 47
77,1661
76,1640
76,1643
66,1365
77,1663
74,1579
77,1661
69,1474
69,1483
75,1586
77,1663
65,1407
77,1667
71,1537
69,1433
74,1616
66,1546
76,1649
75,1581
66,1481
73,1581
73,1598
77,1663
76,1652
69,1432
73,1542
76,1629
77,1663
70,1456
77,1671
73,1532
62,1323
66,1411
63,1382
69,1424
70,1456
73,1531
77,1665
77,1665
73,1544
68,1512
72,1529
77,1677
75,1616
72,1550
67,1403
63,1314
76,1641
72,1509
69,1457
68,1493
77,1673
62,1359
59,1288
70,1454
77,1669
75,1653
68,1447
72,1555
65,1319
72,1580
#### generation 48
66,1376
77,1661
62,1312
75,1653
66,1373
67,1479
77,1671
77,1661
76,1640
76,1639
72,1552
76,1673
70,1517
74,1665
71,1468
65,1473
73,1572
71,1487
74,1586
77,1673
68,1478
70,1466
75,1657
76,1657
64,1409
77,1665
66,1420
73,1558
69,1509
72,1523
71,1496
76,1629
69,1454
76,1625
70,1461
77,1663
65,1386
71,1591
67,1406
77,1653
68,1481
72,1552
76,1690
68,1398
66,1464
72,1518
71,1478
67,1379
77,1663
67,1445
77,1665
71,1502
71,1500
67,1373
74,1615
77,1728
#### generation 49
74,1544
71,1536
71,1519
75,1617
73,1551
66,1396
69,1495
71,1532
65,1443
72,1551
63,1314
64,1352
66,1364
74,1617
76,1623
67,1362
62,1295
63,1456
77,1675
65,1540
66,1408
59,1307
68,1463
69,1435
64,1343
64,1382
71,1518
77,1665
72,1463
70,1533
#### generation 50
68,1437
70,1498
65,1303
77,1653
76,1675
65,1332
61,1305
64,1439
69,1484
70,1457
77,1663
76,1619
65,1302
67,1365
71,1540
72,1526
66,1408
73,1521
73,1586
67,1395
65,1468
68,1359
74,1642
66,1353
67,1510
72,1506
71,1553
67,1500
73,1655
62,1347
70,1538
64,1417
69,1479
#### generation 51
77,1653
73,1519
76,1610
77,1653
77,1653
75,1593
77,1653
76,1636
65,1335
69,1476
71,1559
73,1544
78,1749
71,1526
74,1608
68,1387
74,1582
73,1608
71,1533
65,1321
67,1397
77,1663
66,1392
75,1655
59,1237
73,1543
77,1663
71,1504
68,1366
66,1381
77,1663
74,1562
73,1555
71,1558
68,1506
67,1406
67,1496
74,1642
62,1406
#### generation 52
62,1392
77,1712
64,1326
76,1617
74,1567
64,1454
74,1584
67,1379
68,1404
75,1631
77,1675
77,1715
76,1619
64,1339
71,1542
77,1663
66,1377
75,1665
74,1579
76,1688
70,1501
62,1329
73,1544
65,1372
75,1590
75,1625
61,1295
69,1484
69,1489
65,1437
64,1408
#### generation 53
77,1759
73,1542
68,1472
71,1483
68,1443
72,1511
65,1372
77,1663
74,1605
64,1301
64,1275
70,1506
74,1583
66,1382
68,1455
75,1598
74,1566
67,1380
63,1280
67,1459
62,1258
62,1367
67,1419
67,1413
66,1366
77,1663
77,1663
66,1386
64,1416
64,1404
#### generation 54
78,1749
69,1466
68,1460
77,1653
69,1505
67,1374
76,1657
66,1371
67,1467
74,1587
72,1538
67,1429
76,1663
67,1374
69,1501
73,1551
62,1353
68,1488
59,1287
77,1663
64,1369
68,1472
68,1473
75,1691
70,1472
69,1475
67,1403
77,1665
76,1639
68,1509
76,1669
69,1455
#### generation 55
78,1749
68,1443
64,1403
63,1247
67,1427
60,1297
71,1484
68,1453
71,1456
71,1531
64,1292
74,1574
65,1350
77,1675
68,1379
68,1428
74,1630
65,1347
63,1288
68,1445
77,1663
67,1485
76,1692
67,1380
68,1477
63,1371
67,1412
73,1576
75,1614
72,1631
#### generation 56
78,1755
69,1464
71,1566
63,1358
78,1747
77,1712
70,1516
71,1596
78,1749
74,1537
61,1295
71,1535
67,1453
70,1461
77,1653
66,1432
66,1422
67,1359
62,1343
67,1405
71,1473
70,1485
72,1463
66,1422
70,1564
72,1507
73,1547
74,1547
73,1579
67,1405
62,1302
75,1624
70,1508
62,1338
70,1499
63,1284
#### generation 57
78,1759
67,1483
65,1373
73,1635
73,1639
64,1382
68,1455
71,1566
78,1749
70,1467
75,1667
71,1560
76,1703
76,1670
77,1729
67,1380
73,1555
75,1609
70,1477
65,1426
68,1427
66,1426
69,1434
67,1405
65,1379
74,1623
61,1264
75,1622
68,1424
61,1235
75,1649
71,1508
65,1376
67,1358
69,1454
67,1390
66,1431
77,1663
73,1540
#### generation 58
61,1281
77,1742
75,1698
67,1441
68,1509
76,1718
73,1570
77,1705
65,1496
73,1588
70,1577
66,1403
65,1410
69,1485
71,1573
78,1749
78,1755
76,1706
76,1671
72,1563
78,1749
68,1453
77,1729
78,1759
69,1436
64,1334
74,1621
64,1350
61,1293
77,1653
74,1566
74,1614
64,1326
72,1582
74,1603
65,1327
66,1435
69,1458
67,1457
66,1404
70,1497
76,1640
76,1622
67,1387
65,1463
64,1346
#### generation 59
78,1747
77,1707
72,1634
72,1551
78,1791
78,1749
78,1749
77,1751
77,1724
64,1352
65,1362
74,1630
78,1749
78,1747
75,1659
78,1749
72,1609
70,1530
69,1466
69,1526
75,1659
78,1749
70,1565
71,1544
78,1751
75,1648
70,1525
78,1749
74,1647
68,1431
72,1563
66,1404
76,1654
78,1755
78,1755
78,1749
78,1761
72,1606
67,1425
68,1432
72,1622
72,1611
78,1763
67,1520
62,1334
72,1601
65,1361
65,1319
64,1375
70,1517
59,1243
77,1653
77,1653
68,1409
75,1608
74,1556
67,1418
73,1564
66,1379
61,1247
70,1501
60,1188
63,1278
72,1569
#### generation 60
78,1747
78,1747
78,1747
78,1743
63,1362
76,1672
78,1745
77,1730
60,1269
71,1567
72,1616
76,1688
76,1686
71,1570
64,1354
77,1749
70,1548
77,1716
78,1749
66,1375
70,1459
75,1643
77,1789
78,1749
76,1688
78,1749
66,1473
76,1723
73,1570
75,1623
78,1749
66,1437
77,1752
58,1211
78,1757
76,1656
71,1517
78,1749
76,1735
78,1749
78,1757
72,1628
72,1594
78,1749
78,1751
78,1747
78,1751
74,1565
73,1627
78,1755
75,1672
74,1679
74,1571
64,1395
74,1631
69,1522
72,1535
68,1387
73,1678
74,1655
71,1532
78,1759
77,1675
73,1607
70,1508
67,1504
68,1473
75,1663
60,1268
63,1350
77,1675
63,1374
78,1791
66,1442
62,1343
66,1388
#### generation 61
68,1505
78,1743
71,1558
70,1594
65,1367
78,1745
72,1553
76,1775
77,1726
78,1749
75,1644
78,1747
68,1478
64,1360
71,1545
61,1240
68,1493
68,1597
62,1274
71,1587
76,1669
70,1483
70,1551
69,1532
61,1345
71,1524
68,1462
67,1537
66,1394
64,1435
68,1493
62,1397
73,1606
61,1326
#### generation 62
77,1727
78,1743
66,1399
74,1669
78,1745
78,1758
78,1745
77,1724
68,1558
68,1480
66,1395
76,1675
61,1308
76,1708
63,1330
65,1399
65,1372
66,1492
67,1407
68,1498
74,1631
68,1510
75,1645
60,1321
78,1758
64,1388
78,1749
66,1402
70,1593
63,1389
66,1420
75,1635
65,1431
76,1690
68,1479
#### generation 63
74,1571
77,1711
75,1658
75,1708
74,1669
76,1739
61,1280
70,1549
72,1587
78,1743
65,1433
71,1634
63,1351
71,1608
68,1438
62,1280
69,1514
76,1705
78,1747
76,1707
73,1616
78,1745
78,1745
76,1683
74,1588
68,1471
67,1431
70,1510
74,1649
76,1716
76,1741
67,1448
64,1417
72,1562
68,1420
60,1307
65,1415
61,1301
73,1620
65,1434
63,1422
65,1376
68,1557
64,1333
75,1638
71,1572
61,1355
68,1423
70,1610
#### generation 64
77,1740
68,1457
78,1743
69,1582
66,1407
77,1766
78,1743
78,1743
65,1382
76,1687
66,1444
69,1538
72,1607
77,1710
75,1708
76,1680
78,1745
78,1745
75,1656
77,1729
74,1650
71,1549
76,1684
75,1654
72,1651
72,1561
72,1582
78,1745
78,1741
68,1476
70,1522
66,1424
77,1659
78,1747
63,1341
75,1659
69,1516
72,1572
74,1656
67,1415
68,1455
74,1637
65,1473
66,1453
67,1396
76,1702
75,1671
64,1376
78,1750
74,1673
71,1529
#### generation 65
72,1541
62,1349
70,1463
69,1487
73,1684
74,1637
74,1678
77,1751
78,1731
64,1424
78,1739
74,1708
71,1578
66,1364
76,1743
77,1703
66,1498
61,1337
61,1265
69,1538
62,1280
70,1506
72,1615
65,1401
67,1502
71,1537
66,1460
78,1745
73,1646
72,1540
74,1650
71,1539
63,1328
72,1562
71,1507
66,1447
59,1165
67,1459
64,1369
68,1400
63,1360
69,1479
64,1391
78,1757
67,1466
68,1532
61,1253
#### generation 66
75,1646
77,1699
67,1454
74,1637
63,1266
64,1399
68,1498
73,1610
66,1410
70,1571
72,1546
66,1432
71,1536
73,1635
78,1745
69,1392
70,1519
69,1554
70,1582
67,1491
66,1445
66,1407
78,1747
72,1660
73,1604
65,1386
73,1621
67,1387
63,1334
71,1561
#### generation 67
78,1740
68,1442
74,1687
78,1739
62,1371
77,1774
62,1256
69,1545
60,1203
66,1460
74,1658
66,1356
75,1677
60,1299
75,1684
73,1576
68,1440
71,1562
71,1596
69,1487
64,1378
72,1587
65,1440
65,1378
65,1440
64,1458
68,1486
62,1351
56,1224
62,1368
76,1744
72,1550
77,1786
#### generation 68
71,1527
72,1651
65,1368
78,1739
76,1675
70,1507
69,1573
68,1457
67,1475
67,1479
68,1480
66,1399
61,1322
68,1552
75,1704
65,1488
73,1627
68,1497
69,1442
61,1306
65,1383
71,1500
72,1556
74,1585
73,1581
71,1538
75,1636
63,1349
77,1691
69,1519
73,1619
59,1311
70,1547
#### generation 69
69,1538
69,1410
78,1731
68,1555
77,1699
67,1476
78,1739
70,1587
75,1704
78,1739
68,1496
64,1336
73,1616
72,1566
75,1633
74,1637
64,1360
78,1755
68,1445
69,1508
63,1367
63,1448
64,1347
70,1487
66,1434
74,1620
73,1673
73,1575
73,1597
64,1393
60,1242
71,1587
76,1776
76,1729
69,1524
68,1465
#### generation 70
78,1731
64,1334
66,1439
73,1624
71,1586
72,1561
69,1539
78,1739
73,1531
64,1404
65,1312
70,1621
76,1725
76,1700
68,1535
78,1748
67,1425
63,1367
67,1470
75,1611
67,1452
66,1495
71,1566
71,1644
67,1432
65,1406
78,1754
62,1293
66,1418
73,1639
61,1289
70,1471
67,1465
65,1439
75,1685
74,1636
64,1330
66,1369
#### generation 71
78,1733
77,1717
78,1713
66,1430
78,1745
78,1731
71,1615
70,1551
77,1690
66,1462
76,1672
76,1709
78,1741
76,1727
78,1791
76,1684
63,1319
76,1677
70,1469
78,1740
68,1486
70,1484
73,1653
66,1486
60,1256
67,1399
69,1559
60,1336
66,1472
67,1394
69,1455
64,1483
64,1368
73,1625
71,1608
66,1369
74,1615
65,1376
74,1636
69,1605
#### generation 72
65,1400
78,1713
76,1683
66,1482
70,1579
62,1355
64,1425
72,1592
69,1453
64,1374
76,1622
68,1469
65,1281
69,1519
62,1335
73,1691
68,1458
78,1747
61,1311
78,1752
70,1523
77,1695
64,1348
72,1508
75,1736
63,1381
65,1340
74,1653
67,1524
76,1674
65,1400
69,1508
70,1561
65,1406
67,1489
69,1497
#### generation 73
76,1712
71,1489
70,1531
67,1468
72,1579
78,1713
68,1456
74,1662
66,1449
70,1517
68,1487
75,1732
73,1625
73,1626
69,1456
68,1547
66,1467
71,1652
74,1670
73,1660
78,1742
74,1633
62,1327
74,1636
72,1632
69,1586
67,1500
61,1311
74,1649
67,1475
62,1362
68,1483
64,1367
66,1406
67,1517
67,1424
72,1558
#### generation 74
65,1448
78,1713
78,1713
74,1627
62,1331
78,1713
67,1505
71,1528
78,1729
72,1575
76,1655
69,1505
74,1674
75,1705
63,1265
75,1735
68,1512
71,1510
74,1615
60,1254
76,1698
72,1626
59,1231
67,1530
71,1611
77,1756
59,1265
71,1562
65,1409
74,1668
77,1715
77,1712
70,1532
62,1394
#### generation 75
78,1778
77,1683
78,1713
72,1546
78,1713
78,1711
74,1654
78,1714
67,1485
78,1717
77,1697
77,1705
78,1711
72,1568
78,1719
69,1559
70,1449
78,1711
74,1642
70,1566
76,1741
65,1361
68,1536
66,1377
58,1184
73,1553
66,1418
72,1612
64,1376
78,1739
71,1550
70,1533
73,1617
68,1569
66,1445
63,1365
67,1504
78,1742
67,1423
73,1584
71,1611
71,1588
63,1430
73,1630
69,1513
#### generation 76
77,1685
69,1524
74,1601
67,1482
78,1760
78,1713
65,1376
67,1473
70,1547
78,1715
71,1546
78,1729
78,1713
72,1610
63,1450
77,1749
73,1654
67,1419
78,1763
78,1717
64,1327
71,1624
73,1558
77,1686
67,1530
72,1624
76,1663
78,1713
78,1715
72,1554
73,1593
78,1713
63,1353
78,1717
75,1706
67,1445
77,1697
74,1598
78,1719
71,1626
77,1732
78,1719
74,1642
67,1494
67,1445
63,1356
77,1645
77,1764
75,1678
65,1418
62,1310
70,1619
78,1739
76,1672
76,1709
71,1564
77,1713
70,1563
58,1237
#### generation 77
76,1679
78,1709
69,1481
76,1720
78,1711
73,1619
72,1526
72,1571
78,1713
76,1710
77,1715
68,1484
77,1686
77,1686
68,1445
78,1761
68,1447
69,1502
77,1770
77,1742
67,1483
77,1683
68,1424
78,1713
68,1447
71,1564
73,1631
71,1624
65,1364
67,1507
65,1430
65,1376
64,1332
73,1606
68,1512
61,1331
75,1626
62,1384
65,1418
77,1699
76,1694
76,1664
63,1374
75,1685
78,1715
68,1442
77,1702
74,1662
77,1677
78,1717
75,1640
76,1655
78,1719
75,1640
70,1527
77,1750
68,1480
69,1423
72,1651
65,1343
71,1585
71,1543
78,1719
76,1757
69,1569
69,1575
73,1546
57,1277
65,1360
#### generation 78
77,1690
72,1561
60,1243
74,1631
77,1679
72,1574
72,1564
77,1629
73,1623
74,1640
71,1660
71,1487
78,1707
69,1525
66,1438
70,1505
76,1649
71,1546
65,1376
78,1713
66,1400
72,1588
74,1648
73,1589
67,1455
73,1626
78,1713
68,1468
69,1466
78,1713
71,1554
68,1448
77,1686
70,1548
72,1585
77,1698
78,1713
68,1517
78,1713
71,1489
78,1713
64,1414
67,1498
64,1409
71,1552
70,1646
70,1557
76,1700
74,1663
77,1707
65,1340
61,1260
61,1369
68,1391
63,1330
75,1656
63,1360
#### generation 79
72,1582
71,1588
72,1599
66,1432
77,1625
72,1606
78,1709
67,1401
71,1531
69,1454
71,1487
64,1349
66,1533
68,1479
59,1257
72,1652
67,1480
69,1472
70,1520
77,1683
77,1691
71,1613
69,1535
65,1432
71,1605
67,1477
64,1375
67,1420
73,1611
68,1434
72,1628
64,1396
71,1571
65,1452
68,1529
68,1475
#### generation 80
78,1707
78,1709
69,1452
67,1433
66,1399
69,1520
76,1699
67,1474
71,1578
68,1482
67,1404
60,1310
75,1638
78,1711
77,1755
68,1490
78,1713
61,1390
69,1544
65,1430
69,1465
78,1780
66,1489
63,1362
70,1449
68,1452
63,1389
74,1604
70,1556
78,1713
77,1697
67,1463
72,1619
61,1338
70,1496
72,1580
61,1337
66,1391
#### generation 81
62,1337
78,1707
75,1682
76,1684
68,1449
78,1707
67,1449
71,1572
78,1709
78,1709
71,1519
77,1677
77,1693
78,1709
65,1361
73,1573
70,1557
75,1622
62,1320
69,1475
68,1490
71,1616
66,1475
67,1386
67,1492
66,1439
75,1632
76,1676
65,1351
78,1711
71,1568
67,1446
72,1585
78,1713
70,1588
68,1482
74,1687
69,1495
65,1424
77,1731
#### generation 82
78,1703
72,1565
75,1638
69,1438
70,1458
71,1530
77,1747
71,1549
72,1533
75,1643
73,1585
69,1525
70,1514
74,1592
76,1714
78,1709
77,1686
78,1709
69,1467
73,1586
70,1546
74,1593
78,1709
78,1709
78,1729
77,1750
76,1697
63,1353
71,1564
71,1556
70,1478
75,1657
63,1296
74,1538
76,1591
68,1409
72,1626
78,1715
70,1509
74,1636
78,1711
64,1411
72,1589
77,1678
70,1516
70,1551
65,1377
65,1409
65,1403
64,1418
77,1676
65,1322
65,1411
71,1535
68,1548
#### generation 83
78,1703
71,1580
76,1611
76,1638
72,1625
67,1386
70,1533
78,1705
73,1630
71,1559
67,1384
72,1651
69,1512
66,1440
62,1302
68,1486
74,1626
66,1410
71,1559
67,1391
78,1705
77,1669
63,1362
68,1494
71,1568
78,1709
70,1561
67,1403
67,1431
67,1491
72,1646
77,1770
65,1403
71,1593
69,1448
64,1374
72,1602
67,1489
58,1247
70,1509
77,1688
#### generation 84
67,1408
69,1508
68,1492
77,1685
75,1686
78,1703
71,1548
70,1503
77,1732
76,1703
77,1727
77,1736
76,1681
78,1707
77,1702
69,1494
73,1612
71,1509
77,1706
72,1628
67,1501
75,1653
73,1615
78,1756
77,1701
64,1427
71,1520
79,1788
68,1490
64,1350
68,1442
67,1395
64,1343
78,1709
70,1504
64,1340
71,1551
71,1512
65,1408
63,1359
76,1670
63,1289
71,1485
71,1585
71,1505
63,1350
75,1621
67,1443
72,1543
71,1494
78,1713
64,1447
69,1490
#### generation 85
72,1589
75,1736
66,1457
67,1419
76,1684
68,1410
66,1380
75,1649
69,1430
71,1605
73,1618
66,1437
77,1684
72,1605
74,1630
64,1354
67,1450
76,1660
71,1541
67,1402
64,1397
76,1669
68,1492
60,1235
78,1709
70,1530
78,1721
69,1476
67,1391
70,1507
66,1359
75,1642
74,1650
#### generation 86
62,1385
72,1639
66,1394
72,1620
71,1578
70,1454
78,1705
61,1343
67,1509
72,1534
67,1451
74,1660
78,1707
69,1509
66,1462
69,1587
66,1463
72,1555
66,1422
70,1472
69,1484
67,1428
75,1655
69,1482
77,1694
73,1545
67,1460
65,1360
63,1378
69,1477
76,1664
69,1516
#### generation 87
72,1629
75,1719
70,1582
72,1503
62,1392
75,1660
74,1640
66,1406
62,1280
71,1586
62,1322
71,1567
67,1529
75,1621
76,1655
68,1532
76,1663
68,1435
68,1448
68,1454
71,1526
72,1545
68,1429
66,1452
78,1709
77,1685
69,1540
71,1523
59,1214
78,1711
62,1320
78,1717
#### generation 88
77,1769
71,1626
75,1583
66,1545
74,1580
65,1368
78,1713
68,1473
61,1265
67,1611
76,1695
77,1668
71,1568
77,1677
78,1762
70,1443
65,1343
63,1425
69,1456
70,1484
63,1346
76,1679
74,1667
68,1421
78,1709
68,1512
65,1401
67,1393
66,1371
74,1596
75,1689
#### generation 89
79,1785
75,1649
79,1788
66,1457
69,1438
75,1617
64,1410
71,1588
65,1342
67,1441
78,1707
62,1398
71,1531
69,1550
65,1477
70,1483
72,1564
77,1684
64,1377
75,1626
78,1709
65,1462
72,1649
62,1310
72,1586
78,1695
70,1471
67,1414
68,1461
65,1394
65,1302
68,1472
71,1593
#### generation 90
77,1746
79,1782
70,1500
79,1789
68,1431
65,1423
71,1593
69,1515
72,1545
76,1673
79,1834
72,1607
65,1423
76,1650
73,1590
67,1448
74,1622
69,1510
77,1715
73,1661
75,1676
70,1523
68,1439
65,1392
66,1435
77,1686
64,1435
68,1461
68,1437
62,1330
66,1476
60,1318
74,1612
66,1497
71,1538
67,1354
69,1442
68,1393
71,1547
64,1314
#### generation 91
73,1650
76,1706
78,1800
77,1749
63,1330
77,1741
79,1785
79,1788
67,1478
69,1545
73,1631
68,1428
73,1616
66,1457
70,1464
70,1528
65,1382
79,1777
66,1367
61,1258
65,1414
68,1501
78,1707
75,1615
63,1332
66,1400
73,1539
70,1552
77,1685
63,1296
66,1523
68,1432
74,1597
65,1323
65,1367
78,1711
59,1293
63,1361
#### generation 92
72,1598
75,1711
72,1526
77,1792
79,1782
68,1541
71,1531
78,1759
76,1738
70,1576
74,1658
72,1599
73,1639
79,1788
78,1738
79,1842
79,1788
71,1626
78,1811
76,1714
69,1428
73,1634
71,1574
76,1747
79,1834
79,1834
71,1588
76,1697
74,1643
68,1518
64,1407
72,1564
74,1711
69,1527
76,1667
64,1338
73,1582
68,1485
65,1320
77,1686
67,1481
74,1624
69,1542
69,1533
72,1563
73,1647
72,1532
#### generation 93
74,1622
72,1640
79,1812
78,1739
79,1771
73,1642
68,1511
61,1338
68,1507
78,1809
79,1821
71,1560
68,1461
69,1564
65,1451
72,1570
78,1747
74,1720
77,1729
60,1285
72,1546
77,1677
71,1595
78,1781
59,1230
74,1716
76,1750
79,1790
72,1631
79,1799
72,1531
79,1832
65,1353
62,1268
79,1834
77,1781
78,1802
66,1424
76,1766
79,1834
74,1648
73,1662
79,1790
66,1369
74,1736
79,1842
61,1242
66,1423
77,1688
68,1478
67,1456
63,1334
64,1401
71,1597
64,1352
78,1707
72,1554
66,1392
66,1421
64,1408
69,1561
#### generation 94
79,1813
79,1773
79,1771
79,1769
76,1678
79,1790
72,1596
77,1691
66,1376
79,1824
68,1480
76,1664
78,1770
74,1609
66,1462
77,1755
79,1785
79,1768
74,1637
79,1788
74,1631
77,1712
75,1659
67,1457
79,1788
79,1788
63,1303
65,1423
76,1761
77,1762
79,1788
78,1741
77,1745
74,1629
79,1786
77,1735
79,1789
79,1787
79,1789
79,1790
74,1653
79,1792
69,1461
72,1623
61,1228
78,1833
76,1662
70,1481
79,1799
79,1799
79,1812
70,1488
65,1400
65,1416
79,1812
79,1756
79,1819
73,1637
65,1337
74,1668
73,1633
69,1545
70,1475
72,1667
64,1388
64,1373
79,1834
77,1775
78,1806
71,1633
73,1622
74,1606
79,1834
77,1771
79,1854
78,1786
75,1701
76,1768
66,1393
69,1479
76,1750
69,1530
70,1437
78,1703
73,1581
63,1316
#### generation 95
79,1766
65,1422
76,1681
78,1757
79,1768
72,1564
77,1689
79,1769
78,1683
79,1780
79,1813
62,1319
68,1520
69,1475
73,1669
79,1773
70,1569
79,1782
69,1564
64,1363
72,1592
72,1607
69,1520
67,1462
67,1393
69,1509
66,1501
69,1527
76,1708
66,1407
73,1681
64,1439
72,1610
78,1772
65,1355
73,1650
78,1752
60,1203
70,1513
#### generation 96
79,1760
66,1468
68,1512
73,1625
71,1595
79,1766
69,1523
74,1664
78,1807
65,1394
71,1548
75,1608
69,1552
78,1722
71,1543
63,1327
65,1428
72,1570
79,1769
74,1657
77,1707
61,1294
67,1462
79,1777
68,1442
70,1565
65,1348
68,1476
79,1786
79,1775
74,1694
75,1677
63,1415
71,1555
69,1541
73,1645
60,1286
78,1782
78,1773
72,1657
71,1619
63,1307
75,1687
#### generation 97
79,1789
69,1509
65,1381
79,1756
79,1756
79,1760
73,1633
63,1403
67,1510
76,1700
74,1611
66,1430
79,1766
72,1596
71,1537
77,1716
72,1598
77,1769
79,1769
75,1698
77,1772
74,1638
79,1767
67,1463
77,1711
66,1374
79,1781
65,1341
69,1502
72,1627
79,1795
70,1544
70,1546
74,1681
67,1497
71,1601
66,1408
67,1431
75,1713
79,1777
64,1375
71,1559
67,1501
72,1568
66,1437
67,1480
73,1629
73,1649
61,1291
66,1460
#### generation 98
69,1550
78,1805
68,1454
79,1756
73,1583
77,1709
70,1587
76,1710
64,1391
74,1596
77,1707
66,1502
64,1369
77,1695
68,1425
68,1512
72,1608
70,1512
77,1718
72,1630
76,1701
69,1525
66,1434
69,1599
64,1364
72,1632
79,1768
77,1712
73,1578
72,1532
78,1763
69,1559
70,1596
60,1332
64,1460
74,1639
69,1518
58,1284
79,1771
74,1674
66,1421
63,1341
79,1755
79,1783
79,1779
78,1698
76,1690
74,1672
79,1782
76,1688
66,1365
72,1625
#### generation 99
69,1474
64,1378
69,1509
64,1446
76,1740
68,1539
66,1454
72,1609
73,1559
78,1738
79,1756
78,1728
66,1461
72,1685
74,1679
68,1521
78,1752
64,1362
70,1546
66,1454
71,1463
67,1434
79,1764
79,1766
65,1393
76,1712
64,1425
67,1438
77,1709
68,1556
75,1658
74,1633
74,1684
74,1624
74,1651
79,1768
69,1590
72,1569
69,1520
72,1562
79,1812
66,1415
73,1660
67,1427
74,1607
74,1684
65,1403
66,1481
70,1569
67,1408
72,1604
64,1401
70,1510
68,1475
66,1482
79,1777
64,1327
70,1595
67,1515
65,1422
#### generation 100
62,1337
72,1685
64,1405
65,1409
74,1636
79,1812
69,1494
66,1420
75,1610
71,1498
71,1552
79,1756
79,1756
79,1756
77,1691
75,1726
79,1756
67,1428
70,1469
73,1654
68,1563
68,1517
72,1594
75,1744
79,1822
70,1537
67,1432
76,1670
70,1529
72,1614
68,1509
74,1668
67,1439
68,1495
67,1424
79,1768
79,1758
75,1697
73,1576
71,1542
79,1769
69,1542
72,1675
71,1575
71,1629
79,1807
68,1513
73,1639
78,1790
64,1409
73,1673
#### generation 101
79,1765
73,1623
77,1665
77,1709
62,1417
72,1551
76,1694
69,1523
71,1511
79,1756
73,1646
70,1593
71,1615
76,1686
65,1381
66,1401
78,1737
79,1756
75,1645
75,1709
72,1528
67,1454
79,1756
72,1634
76,1687
77,1709
76,1768
75,1681
68,1500
79,1760
78,1794
79,1758
79,1758
79,1760
79,1760
75,1671
71,1562
77,1682
69,1488
75,1692
70,1494
65,1467
68,1498
64,1446
70,1531
67,1493
63,1333
72,1573
67,1368
60,1330
66,1436
62,1260
#### generation 102
69,1470
75,1715
72,1579
64,1402
66,1512
79,1756
79,1812
75,1685
79,1756
71,1498
74,1625
79,1756
69,1509
75,1675
79,1756
67,1425
62,1398
69,1521
79,1756
79,1812
69,1579
76,1660
62,1417
68,1484
71,1553
79,1756
75,1610
80,1850
67,1509
79,1756
79,1761
72,1680
66,1424
78,1731
66,1366
72,1582
69,1476
79,1764
79,1756
69,1515
75,1674
74,1593
79,1791
79,1781
71,1612
79,1756
79,1760
67,1449
69,1526
69,1483
74,1599
79,1768
79,1756
78,1730
79,1758
69,1499
71,1569
70,1525
63,1438
63,1382
77,1711
72,1604
79,1760
77,1715
64,1328
58,1236
79,1768
66,1441
71,1482
71,1564
67,1451
64,1398
66,1455
67,1401
#### generation 103
74,1661
80,1850
72,1551
72,1626
69,1488
72,1590
63,1352
65,1444
68,1495
74,1690
60,1284
67,1532
65,1446
69,1543
77,1702
72,1626
62,1401
63,1351
60,1320
74,1603
74,1596
68,1442
79,1771
69,1531
76,1696
72,1551
67,1519
64,1269
75,1680
68,1509
66,1419
#### generation 104
80,1850
79,1829
78,1697
75,1628
79,1778
75,1715
80,1850
71,1619
77,1788
79,1756
69,1514
68,1460
59,1276
62,1309
62,1328
63,1403
66,1365
71,1517
71,1625
64,1416
73,1566
71,1568
65,1455
59,1271
70,1564
61,1270
69,1514
67,1472
66,1412
72,1575
76,1705
66,1389
73,1622
72,1560
62,1370
#### generation 105
77,1767
77,1787
66,1439
66,1477
80,1850
75,1661
79,1795
79,1829
69,1472
67,1483
67,1542
79,1820
80,1850
67,1417
75,1686
77,1749
73,1612
77,1695
79,1787
63,1486
68,1562
72,1516
63,1372
76,1689
72,1548
70,1590
71,1598
67,1511
70,1546
79,1764
74,1676
66,1467
67,1395
62,1263
73,1661
68,1492
64,1392
71,1549
74,1645
#### generation 106
71,1608
69,1535
77,1688
74,1717
76,1727
70,1621
76,1725
79,1827
78,1757
79,1786
68,1517
78,1754
71,1583
73,1597
69,1518
64,1507
64,1376
64,1382
80,1850
67,1411
77,1726
60,1387
68,1545
68,1453
65,1380
64,1355
71,1553
72,1631
76,1716
64,1457
70,1599
68,1433
75,1653
72,1661
62,1367
75,1661
76,1652
75,1722
63,1339
70,1535
71,1568
67,1460
57,1230
#### generation 107
78,1739
65,1420
79,1813
65,1422
72,1615
75,1710
72,1681
70,1535
78,1771
79,1836
71,1606
80,1862
80,1864
80,1850
80,1850
78,1793
66,1460
70,1576
67,1429
72,1665
68,1439
77,1714
68,1491
70,1650
64,1462
73,1663
77,1702
64,1404
77,1722
80,1848
63,1346
78,1739
60,1339
67,1442
68,1460
75,1701
66,1414
68,1465
71,1577
73,1540
79,1804
#### generation 108
80,1848
80,1848
67,1414
77,1803
80,1850
67,1437
80,1850
78,1842
73,1631
70,1543
75,1620
76,1773
79,1774
78,1792
69,1539
72,1611
75,1717
70,1514
80,1850
78,1773
68,1534
80,1812
73,1646
80,1850
79,1808
80,1850
67,1432
68,1509
80,1850
67,1469
62,1334
80,1862
78,1814
63,1321
67,1488
79,1851
78,1777
72,1577
65,1419
64,1376
71,1518
75,1765
63,1291
63,1360
67,1493
64,1397
73,1663
69,1514
68,1481
76,1755
66,1418
63,1380
70,1476
64,1397
66,1489
73,1643
#### generation 109
73,1622
80,1804
80,1848
72,1602
74,1709
75,1718
71,1566
77,1797
63,1313
79,1810
68,1523
78,1758
80,1851
71,1586
79,1827
80,1850
80,1850
80,1854
69,1526
80,1852
79,1829
79,1824
75,1695
68,1530
80,1850
75,1719
71,1617
66,1456
74,1745
68,1480
78,1808
79,1839
80,1850
76,1725
70,1543
70,1563
69,1523
74,1605
77,1701
72,1598
62,1430
74,1672
80,1848
69,1586
79,1840
69,1589
66,1411
80,1810
80,1850
80,1850
80,1850
78,1777
79,1813
74,1724
67,1471
80,1858
71,1593
80,1862
80,1864
67,1547
64,1492
73,1689
80,1862
77,1787
72,1660
79,1834
69,1552
77,1747
67,1505
69,1557
72,1592
78,1737
69,1511
73,1585
68,1539
#### generation 110
80,1804
64,1403
69,1514
76,1707
79,1783
75,1667
79,1795
76,1671
68,1440
65,1455
66,1422
78,1748
70,1568
75,1695
65,1419
72,1561
68,1484
69,1471
71,1554
77,1770
66,1465
64,1304
65,1321
69,1540
69,1600
71,1620
79,1825
71,1568
63,1370
76,1736
71,1637
64,1356
72,1584
67,1467
69,1516
63,1304
#### generation 111
79,1785
67,1408
78,1751
72,1654
66,1478
77,1760
72,1613
62,1404
70,1493
68,1418
65,1432
74,1639
68,1416
73,1655
74,1661
79,1751
63,1340
70,1589
74,1697
80,1848
75,1700
65,1409
66,1476
68,1510
62,1316
78,1785
65,1393
69,1523
67,1496
71,1571
63,1434
63,1376
64,1351
68,1471
67,1508
63,1378
73,1699
67,1442
72,1517
#### generation 112
76,1696
64,1413
68,1425
71,1523
77,1717
69,1565
77,1703
73,1587
80,1808
72,1572
71,1616
80,1810
79,1777
73,1673
68,1525
71,1551
62,1343
75,1729
73,1700
80,1850
79,1807
62,1377
64,1393
74,1601
68,1452
71,1629
63,1373
75,1626
67,1463
64,1357
69,1560
70,1577
68,1490
77,1666
66,1440
62,1443
67,1500
80,1808
70,1573
#### generation 113
80,1804
77,1774
74,1629
80,1806
79,1762
79,1747
80,1808
71,1502
66,1454
75,1662
76,1655
80,1808
67,1488
78,1748
80,1808
70,1570
63,1356
76,1703
75,1708
72,1587
74,1648
72,1615
63,1384
76,1700
80,1852
78,1818
65,1386
67,1553
65,1430
66,1437
74,1683
65,1480
66,1503
65,1360
66,1437
69,1501
73,1638
72,1630
80,1850
70,1577
73,1683
70,1578
66,1467
78,1777
69,1474
#### generation 114
67,1496
80,1815
73,1583
67,1437
74,1658
73,1612
70,1537
64,1413
76,1746
80,1808
75,1731
73,1598
79,1779
75,1710
78,1778
80,1808
73,1596
74,1616
80,1812
73,1570
80,1808
70,1563
78,1716
79,1726
75,1669
80,1840
80,1810
74,1638
80,1813
80,1810
70,1561
63,1394
71,1562
80,1812
80,1812
77,1787
63,1304
62,1328
65,1394
79,1821
63,1368
64,1494
65,1374
63,1379
74,1672
68,1441
63,1357
79,1840
65,1462
70,1628
70,1543
71,1566
64,1348
#### generation 115
80,1804
79,1793
77,1712
80,1804
80,1804
73,1596
79,1724
80,1816
65,1455
80,1804
77,1744
78,1760
65,1443
80,1802
78,1772
71,1529
77,1752
80,1808
67,1533
80,1808
64,1394
78,1761
71,1564
80,1808
73,1656
61,1281
67,1483
77,1758
79,1785
62,1350
77,1741
67,1411
70,1598
80,1808
69,1524
78,1737
74,1674
64,1440
77,1735
78,1778
70,1536
80,1810
69,1553
80,1810
77,1754
77,1748
65,1371
75,1670
68,1464
79,1773
80,1816
80,1812
80,1810
78,1772
74,1621
80,1810
79,1783
79,1780
79,1787
80,1812
69,1482
77,1729
68,1505
75,1651
80,1813
71,1542
69,1434
67,1453
70,1564
71,1587
70,1555
64,1379
78,1769
73,1642
75,1712
65,1384
#### generation 116
80,1802
78,1794
63,1398
77,1741
75,1665
76,1671
62,1278
74,1680
73,1565
76,1729
78,1758
62,1284
78,1760
80,1836
68,1436
78,1703
69,1551
64,1341
80,1802
72,1507
66,1479
77,1752
66,1440
80,1810
80,1812
79,1814
71,1577
73,1637
76,1680
65,1418
80,1809
74,1679
68,1449
64,1502
79,1792
67,1497
79,1773
65,1437
63,1363
80,1808
70,1490
64,1415
77,1709
80,1808
77,1752
70,1503
76,1733
69,1508
66,1472
69,1436
73,1655
61,1381
80,1810
68,1422
65,1352
#### generation 117
74,1608
70,1508
73,1542
72,1567
77,1755
66,1439
80,1808
80,1806
74,1627
67,1471
80,1802
69,1538
80,1804
77,1712
62,1304
78,1770
76,1726
70,1493
75,1668
80,1802
79,1791
75,1633
77,1715
77,1754
77,1745
77,1737
67,1493
80,1810
80,1804
80,1804
70,1516
79,1724
64,1407
68,1483
71,1624
66,1434
74,1681
62,1315
72,1590
69,1503
73,1595
70,1494
77,1711
68,1522
80,1848
67,1503
65,1425
80,1812
68,1504
68,1522
68,1463
#### generation 118
80,1802
73,1607
64,1419
64,1337
77,1741
74,1675
78,1701
77,1760
77,1751
80,1802
73,1635
74,1595
80,1802
69,1496
74,1634
78,1770
73,1580
76,1731
80,1804
78,1768
71,1504
79,1817
78,1778
74,1666
80,1808
74,1635
80,1804
79,1724
80,1804
66,1440
76,1723
80,1804
80,1857
67,1427
77,1748
73,1595
77,1715
75,1678
80,1806
79,1800
78,1738
76,1712
63,1383
75,1684
75,1666
80,1808
80,1852
78,1769
79,1758
68,1495
70,1547
66,1368
80,1808
#### generation 119
