65,1502
64,1444
66,1460
66,1507
59,1347
61,1331
67,1547
60,1264
69,1565
72,1624
64,1423
68,1562
67,1450
61,1370
65,1459
60,1426
60,1323
60,1312
63,1441
67,1430
65,1340
67,1439
70,1536
66,1440
65,1359
64,1428
62,1373
68,1559
71,1590
62,1413
#### generation 29
72,1624
71,1590
71,1590
71,1559
71,1571
70,1536
70,1563
69,1506
69,1505
66,1495
70,1569
68,1559
63,1508
66,1376
65,1407
69,1481
66,1407
65,1378
66,1420
67,1518
67,1547
66,1531
63,1382
68,1567
68,1486
64,1314
66,1380
70,1543
64,1431
65,1502
64,1396
64,1452
65,1340
69,1609
68,1520
67,1477
65,1417
61,1379
64,1388
61,1354
60,1323
62,1416
59,1357
#### generation 42
68,1454
68,1508
71,1526
70,1547
71,1531
71,1561
67,1453
70,1565
71,1571
71,1576
69,1579
71,1588
70,1559
71,1605
71,1590
69,1556
65,1432
67,1452
64,1340
70,1533
68,1487
58,1281
70,1569
70,1569
65,1371
69,1505
66,1417
69,1567
70,1566
68,1560
68,1493
67,1505
68,1485
68,1509
62,1399
68,1567
67,1434
67,1439
68,1484
65,1444
66,1506
67,1525
67,1536
#### generation 42
72,1567
72,1591
73,1635
73,1631
70,1566
65,1361
70,1583
72,1624
72,1540
69,1571
67,1495
70,1515
71,1531
68,1433
72,1572
71,1559
75,1774
65,1482
66,1481
73,1616
70,1548
72,1586
71,1546
71,1571
69,1529
70,1559
71,1573
68,1452
70,1522
68,1509
67,1459
66,1449
71,1612
71,1588
71,1584
68,1508
71,1590
69,1544
70,1545
71,1590
70,1575
71,1573
72,1646
71,1605
70,1531
70,1536
67,1473
71,1556
70,1549
70,1623
66,1379
69,1535
68,1531
70,1525
70,1543
69,1568
69,1481
69,1505
68,1537
#### generation 58
75,1713
73,1692
75,1772
73,1695
74,1745
73,1611
72,1617
70,1579
73,1631
70,1531
72,1597
72,1567
68,1484
71,1535
72,1591
71,1595
72,1625
72,1624
72,1646
68,1460
71,1554
71,1531
71,1551
71,1560
71,1559
71,1568
68,1562
68,1492
67,1450
72,1602
66,1513
71,1585
72,1614
71,1604
71,1591
73,1601
#### generation 35
69,1647
75,1684
75,1713
77,1770
75,1713
67,1585
63,1503
75,1774
75,1774
72,1603
73,1671
74,1745
70,1546
73,1601
72,1646
73,1624
72,1639
70,1575
68,1467
70,1618
74,1747
73,1647
72,1577
71,1522
71,1538
72,1578
72,1591
67,1445
72,1615
72,1616
72,1620
71,1601
72,1601
70,1585
72,1624
72,1657
70,1586
72,1613
71,1629
#### generation 38
73,1678
75,1766
75,1694
75,1684
73,1680
75,1713
74,1689
74,1680
76,1755
72,1645
75,1713
75,1713
71,1638
75,1774
75,1765
72,1732
70,1540
71,1658
76,1791
70,1593
72,1739
71,1628
68,1520
73,1599
73,1599
69,1495
73,1616
74,1652
72,1630
71,1573
70,1560
74,1689
72,1686
68,1521
72,1635
72,1540
68,1493
71,1478
72,1572
69,1487
72,1589
#### generation 40
77,1770
76,1748
76,1757
80,1896
66,1511
76,1755
75,1675
72,1638
72,1573
77,1827
76,1800
75,1780
75,1684
75,1684
73,1595
75,1684
75,1702
77,1786
68,1539
71,1625
75,1768
72,1660
72,1608
74,1709
72,1671
75,1763
75,1763
73,1698
74,1750
72,1650
71,1561
75,1745
74,1716
75,1774
73,1686
70,1622
75,1774
75,1767
67,1428
74,1680
74,1689
71,1608
74,1745
68,1545
72,1582
73,1597
73,1599
75,1630
72,1617
#### generation 48
76,1754
79,1874
78,1848
79,1820
76,1791
73,1673
78,1805
75,1744
77,1848
77,1827
72,1683
79,1864
77,1812
76,1757
74,1692
72,1669
76,1634
74,1684
75,1692
72,1603
74,1638
75,1700
75,1673
75,1694
76,1719
74,1708
75,1765
74,1695
73,1694
76,1748
75,1713
74,1710
76,1788
75,1763
69,1599
#### generation 34
77,1830
80,1896
75,1727
68,1570
80,1896
76,1730
76,1723
80,1912
76,1793
77,1807
72,1704
76,1814
74,1710
78,1805
74,1696
68,1590
77,1770
74,1727
77,1770
76,1746
78,1835
78,1837
77,1827
76,1790
71,1637
75,1617
73,1633
72,1682
72,1625
76,1754
75,1726
74,1724
76,1757
76,1757
75,1749
76,1787
76,1791
76,1802
74,1629
75,1673
75,1675
75,1684
#### generation 41
79,1894
70,1586
77,1814
80,1876
78,1833
80,1896
76,1770
80,1898
80,1896
78,1848
74,1741
80,1912
73,1689
78,1836
77,1767
80,1837
77,1790
77,1779
76,1764
74,1712
79,1874
79,1874
79,1854
75,1774
69,1530
77,1785
65,1477
78,1837
67,1536
72,1640
75,1743
76,1779
70,1600
77,1770
76,1737
71,1628
76,1779
67,1494
76,1800
73,1658
69,1602
74,1681
73,1719
77,1848
76,1634
74,1624
76,1763
80,1919
66,1477
79,1812
#### generation 49
80,1879
71,1599
80,1837
77,1743
80,1876
80,1870
80,1872
72,1684
80,1896
75,1781
80,1896
77,1842
76,1750
76,1798
78,1818
77,1840
80,1896
80,1898
79,1854
76,1812
80,1908
76,1808
77,1787
80,1912
78,1829
75,1780
78,1859
80,1896
79,1896
74,1716
71,1608
71,1613
76,1764
73,1692
79,1812
75,1715
75,1733
74,1723
70,1613
65,1479
72,1685
78,1828
77,1819
79,1878
77,1839
70,1630
78,1832
80,1889
76,1821
79,1872
75,1740
71,1659
79,1894
79,1894
66,1387
75,1739
77,1815
74,1792
69,1664
74,1722
78,1803
71,1624
78,1846
68,1561
76,1762
#### generation 64
74,1679
77,1748
79,1810
80,1837
80,1837
81,1882
79,1808
80,1789
74,1704
80,1868
79,1821
69,1597
79,1852
70,1647
79,1862
74,1725
76,1767
75,1738
80,1876
80,1876
80,1880
75,1792
76,1767
76,1747
79,1847
77,1785
80,1889
79,1880
72,1644
76,1762
80,1896
77,1840
78,1861
77,1840
79,1870
77,1802
80,1890
70,1624
76,1785
77,1832
79,1854
78,1854
81,1953
77,1799
77,1818
76,1764
80,1900
80,1894
75,1762
80,1896
77,1802
77,1822
80,1912
77,1797
80,1872
80,1896
74,1710
78,1826
80,1896
68,1470
80,1896
76,1739
72,1617
78,1892
71,1611
73,1661
77,1827
73,1702
78,1827
79,1893
75,1726
79,1886
78,1825
78,1819
71,1588
81,1964
78,1832
76,1726
70,1676
71,1616
78,1778
79,1800
75,1705
74,1706
73,1668
78,1819
#### generation 85
81,1886
76,1836
76,1709
77,1830
76,1786
70,1603
79,1816
80,1915
74,1686
75,1696
77,1776
71,1727
80,1872
80,1872
68,1546
80,1876
80,1876
77,1822
79,1845
80,1880
80,1885
72,1692
76,1809
71,1630
80,1886
80,1896
79,1862
80,1912
70,1558
80,1915
74,1742
74,1777
#### generation 31
78,1816
81,1903
80,1862
80,1877
79,1877
80,1951
81,1953
81,1964
73,1730
80,1907
80,1921
69,1556
80,1789
80,1851
77,1743
68,1537
77,1772
80,1874
72,1677
78,1812
78,1827
71,1665
79,1838
80,1876
78,1854
80,1876
67,1571
80,1876
72,1656
78,1863
72,1662
80,1870
66,1464
79,1886
77,1807
77,1836
79,1843
80,1894
#### generation 37
76,1699
80,1841
80,1887
81,1882
82,1926
77,1775
78,1804
73,1733
78,1815
81,1953
75,1799
81,1953
78,1848
81,1953
81,1966
78,1812
81,1964
81,1964
80,1878
81,1964
70,1569
80,1797
80,1789
78,1796
70,1552
80,1837
74,1759
80,1851
79,1855
80,1864
79,1831
79,1836
80,1872
80,1868
71,1704
79,1819
75,1776
75,1748
80,1876
80,1876
71,1668
71,1674
78,1852
74,1719
#### generation 43
82,1926
71,1630
80,1870
82,1926
82,1926
81,1882
78,1773
80,1860
80,1845
80,1851
79,1841
74,1669
80,1926
79,1890
75,1799
72,1730
75,1814
67,1576
77,1867
81,1953
70,1569
76,1730
77,1822
77,1868
73,1692
80,1957
77,1797
80,1913
77,1842
81,1966
80,1899
78,1773
79,1763
71,1593
78,1727
77,1744
77,1794
80,1841
80,1837
73,1697
75,1719
66,1499
80,1851
76,1741
80,1864
#### generation 44
82,1926
75,1777
81,1924
82,1926
80,1876
73,1701
72,1582
78,1801
82,1922
81,1863
77,1759
79,1855
80,1837
83,1981
77,1743
75,1721
81,1911
81,1855
70,1573
75,1731
72,1625
77,1787
81,1903
75,1739
82,1970
72,1683
78,1840
79,1886
78,1912
80,1896
81,1953
72,1732
75,1727
76,1777
75,1740
80,1923
81,1964
81,1964
80,1928
76,1785
78,1803
81,1964
81,1964
78,1769
76,1698
79,1852
75,1741
75,1687
80,1793
80,1785
80,1783
80,1856
80,1885
79,1839
78,1757
#### generation 54
82,1959
74,1724
70,1647
78,1778
76,1782
82,1926
82,1926
82,1926
79,1832
76,1706
69,1550
71,1580
77,1743
76,1807
82,1970
75,1748
77,1826
79,1800
77,1768
79,1849
81,1886
79,1828
73,1697
81,1911
81,1924
79,1884
68,1589
80,1906
81,1953
78,1848
79,1879
77,1855
79,1889
77,1782
77,1788
81,1964
#### generation 35
69,1586
82,1923
82,1922
82,1926
82,1922
79,1823
76,1777
81,1932
72,1621
80,1851
81,1876
82,1926
77,1777
75,1692
77,1762
82,1922
82,1928
82,1930
81,1923
73,1660
82,1926
81,1926
82,1970
78,1898
79,1874
82,1972
81,1855
71,1536
74,1692
81,1882
81,1882
77,1755
79,1834
78,1793
78,1799
78,1807
81,1901
73,1630
78,1788
81,1953
66,1536
80,1896
#### generation 41
83,1981
72,1663
82,1932
82,1922
76,1686
71,1661
75,1708
82,1923
82,1917
82,1950
81,1930
69,1579
71,1611
82,1922
76,1756
70,1512
73,1668
79,1851
82,1922
75,1724
80,1865
83,1985
74,1686
79,1839
77,1837
82,1938
75,1733
79,1843
74,1726
72,1594
81,1881
76,1796
82,1928
76,1804
70,1541
72,1695
74,1765
73,1699
77,1846
81,1938
76,1761
69,1573
77,1716
79,1782
81,1884
#### generation 44
79,1842
77,1827
76,1745
75,1710
76,1828
80,1847
72,1677
80,1853
76,1750
79,1846
79,1827
81,1891
70,1577
74,1709
77,1760
80,1860
74,1621
74,1734
81,1889
77,1783
72,1683
82,1928
80,1866
76,1733
81,1932
82,1930
77,1800
76,1777
82,1930
72,1672
82,1938
#### generation 30
83,1985
81,1932
75,1680
77,1822
79,1797
81,1923
82,1926
83,1985
67,1489
72,1634
77,1736
80,1880
77,1827
83,1983
82,1920
77,1751
80,1839
78,1791
80,1850
82,1925
73,1693
78,1758
79,1819
82,1926
79,1864
82,1928
82,1926
74,1684
68,1475
76,1767
79,1812
76,1796
74,1676
75,1722
77,1799
76,1752
75,1749
#### generation 36
76,1827
74,1701
78,1890
83,1981
79,1824
83,1983
81,1903
81,1950
80,1898
82,1962
77,1779
72,1716
83,1985
80,1874
83,1999
80,1879
79,1901
82,1948
73,1670
79,1812
77,1772
70,1575
77,1754
69,1563
73,1677
73,1653
74,1701
82,1922
79,1868
78,1802
80,1882
81,1862
76,1743
80,1800
73,1673
75,1692
82,1926
78,1790
79,1849
67,1521
78,1840
83,1993
82,1926
#### generation 42
82,1930
76,1816
79,1818
83,1981
74,1675
79,1840
81,1938
69,1570
83,1983
77,1811
83,1983
75,1720
78,1792
77,1664
81,1935
76,1774
78,1786
83,1985
73,1751
83,1985
82,1931
78,1833
83,1991
83,1985
75,1710
80,1898
73,1691
73,1613
66,1428
83,1999
80,1908
82,1970
69,1611
79,1846
75,1745
82,1920
68,1495
73,1695
80,1826
83,1977
82,1922
79,1812
66,1518
81,1882
82,1910
75,1722
79,1836
74,1685
75,1734
78,1845
76,1780
75,1751
#### generation 51
83,1977
77,1834
76,1813
83,1981
69,1572
74,1722
78,1829
77,1774
83,1981
83,1981
76,1822
77,1796
82,1950
83,1981
82,1948
83,1981
80,1914
74,1691
71,1641
78,1809
78,1813
81,1917
74,1765
80,1833
76,1846
71,1681
77,1818
83,1985
67,1548
77,1828
77,1756
74,1697
71,1608
80,1909
76,1806
82,1942
72,1664
79,1863
73,1718
80,1863
70,1601
83,1988
83,1985
65,1406
75,1755
69,1609
75,1754
83,1985
81,1884
83,1991
73,1677
70,1473
77,1747
79,1818
78,1819
75,1750
76,1805
74,1733
81,1882
69,1643
82,1914
75,1677
75,1726
75,1747
81,1889
81,1898
73,1677
80,1877
#### generation 67
83,1979
83,1977
73,1732
75,1741
77,1800
83,1975
82,1931
75,1783
76,1762
81,1912
76,1838
83,1983
83,1985
73,1651
77,1759
81,1901
81,1943
78,1811
83,1981
77,1751
75,1730
74,1762
77,1820
83,1981
77,1835
69,1613
71,1601
72,1577
77,1840
80,1871
83,1983
83,1979
81,1929
80,1900
83,1983
79,1855
83,1983
82,1954
77,1784
75,1730
79,1827
77,1827
68,1567
79,1860
79,1885
75,1778
73,1700
82,1950
78,1840
74,1670
72,1639
83,1985
83,1985
79,1841
77,1784
79,1858
78,1852
83,1985
83,1985
81,1884
78,1880
67,1531
83,1991
83,1993
83,1999
#### generation 64
77,1829
81,1910
78,1801
76,1788
78,1837
72,1683
73,1670
74,1721
70,1628
83,1979
79,1866
81,1876
71,1644
73,1718
76,1787
70,1580
77,1793
79,1822
69,1589
76,1780
76,1753
76,1719
81,1903
83,1981
81,1906
76,1763
71,1590
80,1898
73,1681
78,1814
83,1979
75,1753
83,1985
83,1985
71,1610
78,1856
79,1860
#### generation 36
80,1877
75,1738
77,1837
76,1751
80,1876
75,1725
83,1985
76,1799
82,1959
80,1853
75,1770
82,1966
76,1780
82,1955
82,1960
83,1979
83,1979
83,1979
74,1695
73,1658
80,1908
80,1883
75,1767
75,1729
77,1796
83,1981
78,1822
79,1897
74,1709
81,1897
83,1981
83,1977
79,1881
81,1911
83,1979
83,1981
76,1802
74,1718
72,1663
77,1849
75,1744
76,1740
81,1951
71,1652
83,1979
75,1725
80,1903
83,1985
#### generation 47
83,1975
82,1944
83,1975
83,1977
74,1706
77,1818
83,1977
79,1833
83,1973
75,1780
83,1983
80,1885
83,1969
82,1954
71,1581
81,1907
75,1793
68,1593
73,1689
83,1979
67,1510
83,1979
77,1832
73,1695
77,1806
82,1940
82,1948
82,1956
70,1597
79,1884
83,1979
83,1981
74,1708
82,1940
83,1971
78,1837
75,1747
83,1970
80,1849
75,1742
75,1742
82,1954
81,1932
82,1930
75,1750
75,1723
83,1977
76,1801
83,1981
80,1889
83,1981
80,1851
#### generation 51
83,1973
83,1971
75,1730
80,1898
83,1977
82,1948
73,1666
80,1851
80,1868
74,1789
75,1752
83,1975
81,1893
83,1977
75,1771
78,1830
83,1977
82,1942
82,1926
83,1977
83,1977
83,1977
83,1977
76,1715
68,1572
74,1723
80,1890
73,1678
83,1979
83,1979
83,1979
83,1981
72,1610
77,1834
73,1606
83,1991
79,1849
68,1556
83,1981
#### generation 38
81,1893
82,1908
83,1970
79,1827
76,1734
82,1940
83,1971
82,1955
79,1838
81,1895
81,1903
67,1492
78,1810
82,1939
76,1782
82,1952
79,1840
75,1756
75,1730
76,1774
78,1780
77,1754
79,1893
78,1845
83,1977
73,1620
74,1710
83,1977
75,1734
75,1771
83,1977
83,1979
73,1601
71,1643
79,1859
81,1931
#### generation 35
74,1726
83,1969
82,1943
84,2005
77,1780
78,1751
78,1791
83,1971
83,1971
67,1478
82,1933
75,1717
77,1763
82,1944
75,1727
72,1686
77,1774
77,1822
79,1808
76,1766
78,1823
83,1973
77,1850
81,1873
73,1701
83,1975
83,1977
74,1718
79,1895
83,1977
71,1692
83,1977
79,1887
72,1649
79,1859
70,1570
73,1717
83,1981
74,1659
74,1688
72,1623
74,1730
82,1929
82,1934
#### generation 43
75,1709
83,1978
81,1928
83,1964
70,1556
82,1940
80,1899
83,1970
83,1968
73,1612
73,1706
80,1884
74,1696
72,1647
83,1973
78,1870
79,1889
77,1779
74,1728
83,1975
82,1917
71,1601
80,1889
83,1977
78,1770
73,1685
82,1921
76,1774
83,1977
69,1619
83,1977
75,1683
81,1911
83,1971
#### generation 33
75,1741
79,1889
83,1915
81,1851
83,1969
83,1969
80,1852
81,1862
82,1925
75,1754
76,1814
77,1846
83,1963
81,1910
72,1713
77,1830
77,1744
83,1973
81,1913
75,1716
80,1868
82,1921
73,1669
70,1614
83,1975
68,1598
78,1782
79,1844
72,1629
75,1778
71,1641
#### generation 30
77,1732
78,1811
83,1933
82,1931
78,1834
83,1963
76,1766
83,1968
73,1684
81,1910
83,1969
73,1641
81,1901
78,1810
78,1808
82,1953
83,1971
73,1764
70,1608
67,1519
82,1971
78,1830
83,1973
80,1895
81,1904
75,1757
79,1840
76,1724
79,1827
83,1977
77,1782
82,1934
82,1930
#### generation 32
83,1976
81,1917
75,1741
79,1870
82,1898
83,1933
72,1593
73,1612
74,1733
77,1823
82,1972
81,1916
76,1715
77,1772
71,1614
72,1686
83,1970
82,1921
78,1816
76,1750
83,1973
74,1676
80,1886
83,1971
75,1765
79,1839
83,1973
81,1908
76,1795
73,1708
76,1746
83,1973
79,1889
#### generation 32
78,1855
78,1810
78,1788
71,1525
80,1855
72,1661
81,1899
82,1865
82,1914
80,1893
79,1754
81,1899
82,1923
79,1871
68,1566
77,1794
82,1913
78,1776
70,1582
82,1936
80,1869
77,1786
78,1806
77,1855
81,1915
65,1470
75,1732
81,1873
69,1582
81,1893
72,1710
81,1890
72,1680
79,1873
#### generation 33
82,1907
84,2005
76,1732
82,1915
72,1602
84,1968
76,1703
70,1533
68,1484
80,1858
72,1619
76,1770
76,1732
74,1701
83,1973
83,1969
75,1819
74,1644
80,1832
82,1945
80,1876
83,1971
81,1912
75,1692
83,1971
78,1797
81,1919
77,1792
82,1923
81,1904
74,1698
77,1818
73,1716
#### generation 32
84,1966
82,1909
84,1968
84,1970
84,1968
84,2005
84,2005
74,1690
83,1953
80,1827
72,1622
78,1755
71,1659
74,1723
80,1863
81,1909
78,1800
79,1844
80,1850
80,1904
83,1969
72,1628
78,1843
77,1773
79,1832
80,1886
81,1888
83,1969
74,1627
83,1971
83,1971
69,1632
77,1781
75,1692
#### generation 33
72,1626
76,1728
80,1816
84,1966
78,1788
83,1927
72,1631
77,1768
82,1900
82,1884
84,1962
66,1445
84,1968
81,1885
82,1879
82,1908
84,1970
83,1962
84,2005
84,2005
69,1508
79,1816
83,1966
70,1482
76,1794
84,1968
84,2005
82,1955
77,1734
78,1799
83,1933
83,1957
83,1967
74,1705
79,1754
78,1831
69,1560
83,1969
81,1943
76,1800
81,1913
82,1942
83,1961
76,1772
82,1942
75,1735
73,1689
83,1970
82,1905
#### generation 48
76,1754
82,1879
84,1934
78,1797
83,1923
82,1911
78,1787
77,1806
84,1966
83,1907
84,1968
80,1838
77,1761
82,1898
72,1579
82,1898
80,1868
78,1736
84,1978
83,1945
76,1736
84,1964
71,1638
84,1970
81,1916
84,1970
79,1782
76,1754
74,1706
83,1987
84,2005
84,2005
78,1810
72,1624
80,1887
77,1742
82,1913
75,1757
83,1970
77,1799
77,1790
82,1923
84,2005
84,2005
84,2011
73,1617
79,1864
78,1763
83,1964
80,1869
83,1915
77,1742
82,1945
82,1898
83,1933
83,1953
82,1920
78,1774
83,1960
83,1951
82,1938
82,1960
77,1717
#### generation 62
71,1599
82,1892
84,1962
82,1901
83,1912
82,1876
80,1817
75,1727
84,1966
77,1721
82,1896
84,1966
73,1703
76,1718
77,1762
82,1897
75,1702
79,1834
75,1686
76,1777
82,1908
78,1802
72,1616
82,1900
80,1817
84,1968
73,1676
81,1879
80,1851
84,1970
76,1784
75,1747
84,1970
83,1925
75,1734
84,1970
83,1937
84,1970
80,1842
78,1795
84,1970
80,1866
73,1649
84,2005
83,1960
73,1690
74,1680
84,2001
84,2005
77,1827
82,1947
84,2005
80,1839
79,1854
72,1601
73,1643
72,1579
75,1756
81,1870
83,1989
68,1515
82,1934
84,2005
83,1913
84,2001
79,1802
81,1872
84,2005
84,2005
79,1875
84,2013
76,1823
84,2003
83,1961
83,1966
74,1632
#### generation 75
82,1855
84,1932
73,1650
84,1962
84,1958
84,1968
84,1962
84,1964
84,1960
75,1741
67,1556
84,1964
83,1886
79,1820
71,1534
82,1924
84,1966
77,1751
84,1966
82,1898
77,1823
84,1966
79,1825
83,1925
81,1892
73,1668
84,1978
80,1901
84,1968
78,1747
83,1933
70,1556
77,1790
83,1939
83,1937
77,1770
73,1556
84,1970
80,1846
81,1897
84,1952
83,1933
78,1755
70,1634
84,1970
83,1917
80,1825
72,1654
80,1903
78,1830
83,1951
71,1596
80,1860
72,1616
81,1941
83,1958
79,1786
84,2001
#### generation 57
83,1932
84,1932
84,1932
84,1932
73,1689
83,1922
77,1769
72,1653
80,1833
80,1822
79,1810
73,1646
83,1912
84,1960
84,1962
84,1964
80,1843
80,1894
77,1750
80,1856
81,1881
80,1792
84,1960
84,1966
82,1887
72,1626
80,1861
84,1968
84,1978
78,1799
84,1970
84,1975
83,1902
83,1925
77,1805
84,1968
83,1991
#### generation 36
84,1930
80,1842
71,1558
76,1739
78,1760
82,1870
80,1821
81,1832
78,1778
76,1774
84,1934
78,1745
80,1782
84,1934
80,1836
79,1811
84,1958
84,1960
83,1913
78,1791
82,1898
84,1956
78,1786
70,1504
80,1834
84,1966
66,1452
73,1644
78,1779
84,1966
79,1830
84,1966
73,1674
81,1850
83,1943
78,1758
73,1624
83,1940
83,1960
73,1625
#### generation 39
84,1934
79,1797
84,1930
73,1673
82,1898
75,1701
69,1579
69,1546
84,1932
77,1746
71,1539
80,1857
83,1903
76,1681
84,1944
82,1863
80,1851
83,1909
82,1865
70,1558
84,1928
79,1810
71,1577
80,1800
76,1760
70,1566
76,1767
84,1962
77,1762
77,1773
84,1960
84,1962
84,1962
83,1928
79,1794
71,1649
82,1902
79,1752
82,1876
83,1912
76,1725
84,1964
81,1856
78,1830
84,1948
#### generation 44
77,1744
79,1802
74,1703
84,1952
84,1930
74,1625
76,1775
82,1867
78,1819
81,1861
82,1874
80,1807
84,1928
78,1764
84,1932
74,1651
70,1628
81,1848
79,1789
76,1704
82,1873
80,1829
81,1872
79,1810
84,1932
84,1934
82,1862
84,1908
77,1725
84,1930
79,1787
84,1944
74,1685
84,1970
83,1933
75,1733
84,1958
77,1777
84,1960
69,1586
83,1920
77,1742
83,1909
83,1909
71,1658
75,1690
79,1844
80,1849
73,1591
#### generation 48
75,1692
77,1739
84,1908
79,1812
84,1928
75,1724
84,1928
81,1783
80,1826
80,1825
81,1854
76,1660
70,1551
77,1757
83,1930
76,1733
68,1517
82,1904
79,1811
82,1858
81,1849
82,1863
78,1820
76,1764
72,1650
81,1862
75,1682
71,1511
84,1934
80,1839
81,1843
83,1893
81,1853
68,1492
77,1767
81,1815
84,1948
85,1995
83,1912
82,1869
73,1622
84,1964
75,1701
82,1875
80,1859
#### generation 44
85,1999
73,1673
84,1908
84,1928
80,1813
76,1739
82,1837
83,1883
83,1897
84,1930
74,1680
82,1859
84,1932
73,1669
71,1575
84,1936
80,1850
81,1831
72,1610
83,1927
75,1721
82,1853
84,1934
78,1831
84,1944
76,1727
72,1653
83,1940
81,1858
71,1612
#### generation 29
75,1681
85,1995
82,1919
71,1560
82,1874
82,1872
79,1797
78,1767
75,1695
83,1910
84,1928
81,1854
81,1829
84,1926
83,1919
82,1881
83,1894
84,1930
82,1879
73,1548
70,1577
79,1810
84,1932
75,1703
83,1899
73,1631
83,1881
84,1934
84,1934
82,1870
72,1580
84,1934
83,1899
#### generation 32
78,1787
83,1965
85,1995
78,1868
77,1785
80,1840
84,1943
83,1893
72,1584
72,1649
69,1553
84,1962
78,1786
78,1782
83,1910
84,1926
82,1851
77,1759
82,1872
76,1718
83,1898
84,1928
80,1867
76,1693
83,1887
78,1767
72,1598
73,1599
81,1842
74,1631
71,1592
74,1694
75,1660
84,1932
75,1729
69,1540
83,1925
73,1555
84,1934
#### generation 38
84,1987
80,1848
82,1928
84,1954
81,1898
85,1981
84,1946
71,1561
80,1865
85,1999
78,1787
85,1999
83,1921
84,1962
84,1956
76,1753
75,1697
76,1710
72,1650
78,1756
84,1928
82,1861
80,1823
84,1910
74,1706
80,1805
83,1899
71,1597
77,1747
83,1883
83,1907
79,1753
79,1793
82,1885
84,1932
73,1625
79,1819
84,1930
81,1855
82,1850
76,1708
#### generation 40
76,1749
80,1871
77,1693
85,1995
77,1698
84,1951
85,1995
84,1980
85,1993
70,1580
85,1985
80,1811
84,1948
82,1898
80,1810
85,1999
79,1769
85,1997
79,1846
80,1831
81,1865
84,1908
84,1908
75,1676
76,1733
77,1733
79,1791
72,1639
84,1928
81,1856
83,1923
75,1733
82,1893
72,1670
84,1920
84,1932
81,1886
75,1702
84,1932
77,1798
83,1961
84,1906
83,1896
71,1588
#### generation 43
69,1541
85,1965
78,1765
79,1811
83,1971
82,1899
81,1862
85,1985
83,1912
78,1783
80,1806
84,1956
74,1675
84,1972
75,1756
85,1993
80,1813
83,1931
84,1948
80,1810
81,1888
83,1901
79,1856
83,1923
70,1619
81,1900
77,1777
85,1987
82,1907
81,1888
78,1763
83,1896
77,1713
68,1530
81,1860
80,1829
82,1892
85,1999
83,1947
72,1615
84,1910
72,1629
81,1834
81,1908
84,1908
84,1910
76,1718
84,1926
80,1772
84,1936
76,1721
81,1802
81,1855
80,1816
78,1768
84,1928
#### generation 55
69,1528
72,1662
82,1876
79,1790
78,1767
75,1661
85,1981
85,1985
84,1953
85,1987
78,1808
77,1794
81,1836
82,1861
80,1846
69,1491
85,1987
85,1993
84,1982
85,1993
84,1952
77,1752
84,1967
68,1505
77,1713
85,1995
77,1806
82,1888
82,1878
68,1429
81,1901
84,1952
82,1907
84,1958
85,1995
83,1944
83,1924
85,1995
80,1868
76,1732
71,1565
82,1908
82,1901
85,1999
76,1778
73,1669
85,1997
85,1995
80,1835
74,1723
74,1644
84,1981
85,1999
79,1798
85,1999
85,1999
84,1908
81,1811
84,1908
80,1827
75,1688
74,1680
81,1856
83,1883
74,1692
83,1910
75,1674
84,1926
#### generation 67
83,1898
85,1965
85,1961
85,1965
84,1939
83,1917
83,1909
85,1977
79,1814
80,1833
85,1985
77,1792
70,1540
81,1874
70,1513
80,1792
85,1989
85,1991
71,1661
74,1708
69,1527
85,1989
84,1940
84,1969
84,1950
76,1745
74,1655
85,2007
85,1995
77,1720
78,1794
84,1936
83,1880
84,1962
85,1995
77,1742
75,1728
81,1904
#### generation 37
74,1655
81,1861
85,1993
84,1927
67,1496
76,1762
85,1961
81,1838
85,1959
76,1709
85,1981
80,1839
81,1858
81,1886
77,1791
73,1684
85,1987
80,1826
79,1780
85,1989
72,1634
82,1901
77,1762
79,1844
69,1511
72,1652
81,1857
76,1769
85,1995
71,1555
83,1931
82,1895
75,1701
77,1776
71,1671
#### generation 34
82,1935
79,1787
76,1745
84,1943
84,1962
83,1901
85,1961
80,1796
76,1763
85,1965
85,1965
83,1898
81,1892
70,1543
81,1846
85,1965
74,1668
72,1642
82,1936
83,1929
81,1851
72,1652
78,1820
85,1981
78,1748
80,1812
85,1985
79,1821
77,1722
85,1987
85,1987
85,1987
84,1982
85,1989
82,1893
79,1820
75,1695
78,1802
77,1760
85,2011
84,1981
69,1529
70,1580
85,1995
#### generation 43
69,1549
85,1957
76,1715
79,1847
76,1728
80,1797
84,1939
80,1786
75,1682
84,1940
84,1941
82,1898
81,1834
72,1614
84,1943
70,1587
78,1815
85,1965
76,1711
85,1991
80,1859
70,1558
85,1959
80,1813
77,1684
79,1809
84,1939
85,1967
85,1951
79,1772
83,1869
85,1965
85,1963
83,1985
85,1977
85,1979
84,1946
75,1681
74,1697
77,1708
84,1950
85,1979
69,1534
78,1793
83,1930
82,1867
77,1714
70,1545
83,1914
76,1733
78,1757
84,1954
79,1768
80,1865
#### generation 53
85,1951
78,1778
81,1827
74,1699
84,1938
75,1743
81,1826
85,1953
70,1538
85,1959
84,1925
79,1790
82,1903
83,1905
81,1854
72,1609
83,1894
71,1633
81,1869
83,1898
82,1846
85,1965
77,1784
84,1938
84,1926
85,1965
85,1976
80,1808
76,1726
85,1971
74,1651
82,1905
85,1965
84,1953
82,1871
81,1882
74,1735
78,1737
85,1975
83,1913
73,1671
73,1669
85,1979
82,1928
74,1715
76,1755
76,1728
85,1981
71,1615
#### generation 48
76,1733
84,1915
69,1533
75,1716
85,1953
85,1957
82,1894
77,1760
85,1955
85,1959
78,1756
76,1736
85,1949
84,1924
84,1923
81,1876
85,1961
84,1925
70,1606
80,1880
85,1963
85,1965
84,1938
72,1627
78,1813
71,1632
70,1619
72,1634
74,1666
82,1907
85,1965
69,1522
77,1672
85,1961
71,1604
77,1735
81,1827
74,1661
81,1867
73,1599
73,1611
79,1742
77,1767
83,1896
82,1910
77,1780
71,1580
84,1936
79,1772
85,1965
71,1639
79,1864
79,1857
78,1786
75,1700
84,1944
82,1902
78,1792
#### generation 57
85,1949
85,1949
85,1949
83,1860
74,1703
84,1918
85,1951
82,1865
72,1614
72,1665
82,1905
80,1843
85,1955
82,1892
80,1793
84,1930
76,1743
82,1868
76,1693
81,1864
83,1907
71,1585
85,1957
76,1781
81,1868
79,1789
85,1959
85,1959
85,1961
83,1897
79,1731
82,1869
73,1611
85,1965
79,1831
84,1953
82,1906
78,1782
84,1949
84,1932
69,1522
81,1852
69,1488
74,1709
76,1663
82,1890
84,1948
#### generation 46
71,1574
83,1882
78,1794
75,1699
79,1790
73,1663
73,1674
84,1935
83,1909
73,1580
70,1567
85,1963
82,1892
81,1853
84,1928
73,1624
72,1615
85,1951
83,1929
85,1951
82,1906
82,1858
80,1834
75,1675
81,1885
78,1785
85,1953
85,1949
82,1869
80,1798
73,1642
74,1657
78,1799
85,1955
85,1951
76,1681
85,1955
84,1945
85,1959
79,1762
85,1955
85,1957
80,1786
75,1697
78,1813
85,1959
85,1980
85,1959
85,1959
67,1494
85,1959
75,1727
73,1646
75,1672
69,1544
78,1781
81,1872
71,1596
79,1781
85,1963
85,1965
85,1965
#### generation 61
75,1726
71,1560
84,1941
80,1867
85,1947
79,1784
80,1863
85,1949
77,1726
80,1809
80,1819
84,1914
85,1949
83,1893
84,1918
71,1645
77,1770
74,1654
77,1715
85,1951
84,1927
79,1849
74,1664
81,1898
79,1830
84,1920
78,1688
76,1759
80,1836
80,1769
78,1768
85,1955
79,1827
67,1455
83,1897
79,1779
85,1955
73,1643
83,1923
77,1776
76,1765
75,1740
78,1810
84,1941
71,1586
76,1765
85,1959
71,1496
#### generation 47
77,1734
75,1674
78,1831
82,1894
84,1946
85,1949
85,1949
82,1880
74,1697
78,1755
81,1841
80,1818
78,1739
76,1691
78,1791
69,1528
70,1520
80,1804
85,1951
75,1684
74,1680
76,1733
84,1909
85,1949
74,1675
85,1951
81,1815
83,1883
80,1811
76,1715
85,1951
85,1955
78,1719
85,1951
72,1603
85,1953
85,1951
83,1891
85,1951
83,1899
78,1796
83,1897
81,1873
83,1898
80,1859
82,1855
83,1919
82,1892
83,1924
79,1772
80,1759
78,1825
84,1920
76,1703
85,1955
85,1955
80,1843
81,1854
78,1796
83,1929
79,1770
#### generation 60
78,1795
83,1920
85,1945
75,1634
85,1945
80,1815
82,1868
79,1784
82,1900
83,1905
85,1949
85,1949
73,1631
75,1698
83,1904
85,1957
79,1840
84,1937
75,1721
78,1785
82,1889
80,1819
74,1699
77,1779
75,1716
84,1916
79,1799
82,1875
73,1625
76,1740
83,1907
84,1919
85,1953
76,1688
84,1914
77,1728
82,1902
84,1924
75,1699
85,1951
75,1644
85,1955
85,1951
83,1884
81,1850
73,1650
78,1766
77,1757
69,1502
85,1959
84,1926
70,1602
85,1949
77,1740
75,1695
78,1776
85,1953
79,1848
72,1634
#### generation 58
75,1721
84,1956
79,1796
81,1830
85,1948
85,1945
75,1710
76,1699
71,1605
67,1490
75,1700
67,1490
83,1891
77,1762
78,1794
74,1658
84,1914
85,1949
82,1833
85,1949
81,1849
77,1714
75,1733
79,1836
85,1951
70,1575
80,1814
85,1951
85,1951
85,1963
80,1791
72,1609
85,1951
84,1920
85,1951
70,1520
#### generation 35
85,1949
85,1945
77,1714
83,1916
71,1561
84,1910
85,1945
80,1791
83,1920
83,1899
85,1955
80,1810
84,1933
81,1857
80,1864
76,1732
72,1609
85,1949
81,1868
73,1634
83,1908
85,1953
83,1883
82,1943
85,1949
75,1709
82,1861
78,1776
81,1810
82,1886
85,1951
83,1895
85,1951
85,1951
82,1927
75,1662
79,1851
70,1509
85,1951
#### generation 38
78,1758
82,1876
82,1854
75,1693
83,1900
82,1886
69,1448
70,1555
85,1945
85,1945
81,1856
85,1965
83,1895
85,1945
82,1897
82,1853
74,1624
85,1945
78,1809
85,1947
85,1945
75,1703
85,1958
79,1845
85,1949
83,1911
84,1936
82,1846
78,1820
85,1949
85,1949
76,1692
85,1947
85,1949
82,1873
85,1947
83,1913
80,1879
84,1925
68,1528
85,1949
85,1955
82,1898
75,1697
73,1645
85,1957
84,1926
#### generation 46
85,1963
83,1889
80,1771
74,1725
82,1886
82,1891
84,1952
83,1885
84,1954
71,1619
80,1887
83,1918
77,1769
75,1713
81,1854
82,1874
74,1671
78,1846
85,1949
85,1963
82,1886
82,1895
84,1920
82,1815
84,1935
82,1845
73,1694
78,1809
85,1961
75,1681
80,1841
75,1753
85,1948
74,1675
85,1949
84,1916
82,1871
78,1735
84,1920
84,1902
74,1663
72,1646
78,1823
70,1656
75,1700
83,1928
85,1949
81,1900
#### generation 47
78,1779
83,1901
81,1824
78,1730
85,1945
83,1885
84,1942
74,1699
71,1600
76,1704
80,1820
84,1947
82,1903
85,1969
84,1934
75,1672
83,1885
82,1863
73,1663
81,1863
78,1797
85,1945
77,1716
81,1825
81,1877
85,1945
74,1741
85,1945
85,1945
73,1634
80,1797
77,1735
73,1624
85,1947
85,1947
82,1855
79,1800
83,1889
83,1907
86,1998
80,1842
77,1775
78,1770
79,1834
75,1683
81,1841
85,1949
68,1507
77,1764
76,1771
76,1727
84,1919
79,1773
85,1951
83,1912
#### generation 54
80,1810
86,1998
79,1768
72,1678
83,1879
72,1691
82,1853
68,1528
85,1945
78,1811
84,1932
85,1945
83,1906
82,1891
83,1889
76,1800
85,1947
73,1642
85,1947
84,1937
72,1677
79,1827
77,1776
85,1947
75,1741
80,1797
73,1613
84,1916
73,1649
85,1963
85,1949
85,1949
#### generation 31
86,1998
86,1998
86,2002
86,2002
78,1820
80,1830
80,1802
82,1882
80,1871
85,1945
82,1899
84,1932
85,1945
85,1945
82,1882
78,1799
79,1828
83,1891
85,1945
82,1876
85,1945
81,1896
80,1796
85,1953
77,1776
80,1833
79,1852
85,1947
76,1728
85,1947
81,1826
72,1610
85,1948
#### generation 32
71,1611
80,1857
86,1996
76,1731
78,1786
78,1794
84,1920
80,1815
76,1787
79,1814
77,1700
84,1933
84,1913
74,1721
83,1882
82,1862
86,1991
72,1620
82,1883
74,1605
80,1871
75,1710
82,1856
73,1694
85,1939
85,1945
84,1926
80,1792
85,1943
83,1909
78,1769
85,1951
82,1862
80,1846
85,1971
83,1885
65,1494
85,1945
73,1731
82,1915
72,1617
73,1678
#### generation 41
79,1828
80,1802
72,1628
75,1726
77,1756
77,1752
81,1875
75,1735
86,1996
84,1927
79,1756
73,1670
85,1963
81,1869
86,1998
84,1927
75,1669
85,1952
69,1558
80,1857
84,1960
86,1998
86,2002
78,1812
78,1731
73,1682
81,1856
76,1754
82,1854
75,1771
85,1941
75,1684
85,1945
82,1895
81,1857
82,1863
73,1713
73,1687
80,1848
82,1864
85,1945
85,1957
85,1945
84,1934
85,1943
81,1868
#### generation 45
86,1991
78,1746
86,1989
86,1991
77,1752
83,1912
86,1996
86,1996
74,1666
75,1663
86,1996
76,1723
85,1965
85,1967
84,1978
84,1969
79,1837
70,1604
85,1954
81,1864
86,1996
78,1760
85,1972
86,1996
80,1841
81,1871
84,1943
86,1998
85,1985
72,1646
74,1673
86,1998
80,1820
76,1695
82,1909
77,1710
85,1993
82,1873
79,1726
83,1909
79,1819
72,1657
79,1811
80,1826
68,1523
79,1840
85,1947
85,1945
82,1846
85,1945
85,1945
84,1935
81,1876
78,1808
85,1945
83,1935
76,1689
69,1551
#### generation 57
82,1844
85,1960
78,1850
73,1633
68,1497
85,1993
86,1991
85,1940
80,1850
84,1914
70,1555
77,1779
86,1991
71,1625
85,1959
74,1702
85,1949
82,1892
78,1773
76,1722
70,1523
78,1831
86,2004
86,1996
86,1996
86,1996
77,1725
84,1961
81,1862
80,1851
86,1996
83,1918
85,1985
85,1980
75,1733
83,1928
79,1808
76,1720
71,1637
81,1836
68,1538
77,1775
79,1825
86,2005
69,1606
84,1927
72,1618
84,1942
86,1998
81,1853
84,1952
86,2002
73,1618
81,1799
69,1545
74,1714
80,1855
76,1767
81,1867
85,1941
82,1848
78,1755
85,1947
82,1874
73,1678
72,1630
#### generation 65
78,1748
82,1914
75,1714
81,1853
85,1954
82,1889
76,1741
75,1729
79,1801
85,1982
85,1953
86,1993
81,1902
86,2002
72,1631
78,1806
85,1983
86,1991
84,1944
86,1991
69,1568
75,1681
75,1653
68,1503
80,1801
86,1996
76,1744
71,1632
79,1774
86,1996
80,1859
84,1950
86,1996
81,1822
86,1992
85,1990
75,1675
84,1933
76,1718
79,1758
81,1868
84,1940
82,1868
71,1600
84,1942
76,1744
86,2002
74,1685
75,1689
86,2000
#### generation 49
71,1549
83,1907
77,1760
71,1564
74,1723
84,1935
84,1953
76,1730
71,1610
84,1944
83,1898
72,1560
82,1884
75,1678
86,1991
80,1813
86,2004
82,1888
72,1691
83,1962
67,1499
84,1929
84,1936
86,1991
86,1999
75,1722
76,1742
75,1702
84,1984
86,1996
73,1699
86,1996
80,1830
84,1927
86,1996
83,1916
85,1967
85,1969
82,1900
86,1994
85,1971
86,1996
84,1941
86,1998
86,2000
74,1704
74,1714
81,1850
#### generation 47
82,1890
85,1956
68,1484
86,1991
86,1991
68,1588
77,1765
85,1971
81,1833
83,1899
86,1993
76,1744
77,1742
83,1932
86,1991
80,1820
77,1828
67,1514
86,1991
86,2001
81,1872
86,1991
72,1615
83,1878
86,1991
72,1618
86,1991
79,1844
80,1828
84,1934
71,1623
77,1711
81,1863
80,1797
84,1904
84,1948
77,1778
67,1543
84,1956
85,1954
86,1998
83,1913
86,1996
86,2004
76,1715
83,1900
75,1694
80,1842
82,1875
#### generation 48
86,1989
84,1927
72,1631
72,1598
86,1991
85,1978
84,1910
85,1944
86,1991
82,1876
85,1962
85,1981
86,1991
86,1991
77,1763
86,1991
86,1991
71,1588
74,1670
86,1991
86,1991
79,1808
71,1521
84,1961
77,1760
86,1991
76,1731
71,1608
78,1770
75,1690
85,1955
86,1991
71,1622
79,1778
81,1851
76,1743
83,1928
83,1927
86,1991
82,1889
74,1700
84,1922
86,1993
80,1854
69,1588
77,1687
81,1865
82,1909
76,1797
80,1819
81,1865
80,1867
84,1927
81,1841
82,1884
#### generation 54
84,1917
72,1644
71,1578
77,1714
76,1751
77,1761
86,1993
86,1991
79,1746
82,1869
81,1833
85,1966
81,1868
74,1680
84,1914
85,1969
80,1814
71,1615
86,1995
71,1617
78,1771
76,1729
85,1967
86,1991
81,1847
86,1989
86,1989
85,1961
82,1896
83,1934
84,1927
82,1872
86,1995
78,1794
78,1733
86,2000
#### generation 35
72,1622
86,1991
83,1878
83,1911
86,1989
77,1781
86,1993
81,1845
71,1562
82,1886
81,1868
84,1928
72,1650
76,1739
72,1631
79,1797
86,1991
86,1999
78,1764
86,1995
80,1800
85,1977
80,1782
78,1811
81,1877
75,1706
81,1851
77,1793
86,1988
73,1712
86,1991
84,1935
86,1991
81,1831
78,1724
86,1991
79,1788
86,1991
78,1716
72,1610
#### generation 39
86,1988
76,1785
86,1988
84,1926
80,1819
72,1627
81,1835
70,1579
79,1778
85,1954
76,1758
78,1784
77,1747
81,1825
76,1665
86,1995
74,1661
78,1768
82,1893
74,1663
86,1989
75,1733
81,1821
81,1857
76,1699
82,1904
84,1945
83,1934
80,1840
81,1849
80,1855
74,1694
86,1991
79,1813
78,1784
78,1715
70,1578
85,1958
84,1917
75,1673
86,1991
#### generation 40
72,1645
81,1872
85,1979
81,1819
85,1961
70,1615
86,1986
73,1634
77,1720
82,1893
86,1998
76,1750
79,1737
80,1795
85,1970
83,1880
84,1926
86,1989
83,1892
86,1987
86,1991
74,1639
86,1989
71,1588
79,1765
76,1748
80,1866
76,1753
86,1991
86,1991
86,1991
77,1757
85,1978
84,1962
85,1964
77,1745
85,1964
77,1761
74,1697
86,1993
85,1964
77,1735
85,1942
78,1719
72,1631
83,1888
81,1831
86,2002
81,1796
#### generation 48
76,1750
86,1987
77,1779
75,1739
86,1996
75,1698
83,1864
69,1586
85,1955
77,1764
75,1765
86,1996
86,1989
80,1840
75,1700
85,1957
78,1772
77,1737
82,1898
86,1989
85,1956
68,1533
81,1831
76,1728
80,1843
85,1978
72,1623
76,1725
75,1655
86,1987
81,1845
74,1745
76,1699
74,1694
86,1991
85,1967
81,1844
83,1893
77,1796
67,1476
#### generation 39
79,1837
82,1882
81,1839
86,1987
68,1543
79,1857
72,1659
72,1596
84,1949
75,1720
71,1632
86,1989
86,1989
83,1919
84,1906
81,1823
79,1791
86,1989
82,1882
79,1826
80,1782
86,1989
83,1902
85,1962
86,1991
81,1869
84,1942
84,1929
84,1960
78,1760
86,2002
74,1618
86,1991
83,1901
76,1707
76,1711
72,1601
#### generation 36
84,1984
86,1986
85,1978
73,1605
86,1989
86,1999
85,1967
82,1917
80,1822
86,1987
84,1913
86,1989
85,1968
86,1987
79,1763
75,1685
86,1995
75,1674
86,1983
84,1953
85,1953
82,1906
72,1639
85,1971
78,1777
85,1957
77,1827
77,1770
81,1887
73,1640
86,1989
78,1780
79,1828
79,1839
86,1990
72,1622
86,1989
84,1929
80,1808
81,1840
79,1791
84,1944
80,1807
83,1891
73,1687
76,1716
79,1841
71,1614
77,1782
80,1849
82,1885
85,1964
76,1730
86,1991
#### generation 53
76,1748
83,1951
85,1985
80,1835
76,1718
86,1986
80,1809
77,1710
72,1611
72,1623
85,1995
86,1987
83,1910
82,1868
80,1797
79,1858
79,1785
81,1854
76,1695
81,1878
76,1740
75,1712
81,1827
86,1999
76,1743
68,1545
78,1774
85,1985
78,1759
85,1982
83,1915
75,1708
81,1834
77,1745
#### generation 33
86,1983
78,1802
85,1950
74,1634
83,1866
79,1831
85,1953
86,1986
81,1829
77,1784
81,1833
85,1953
77,1755
77,1699
79,1759
73,1669
82,1864
72,1620
78,1777
82,1857
86,1988
83,1892
84,1931
77,1759
84,1906
76,1699
86,1987
86,1989
86,1994
71,1556
86,1989
81,1822
81,1853
82,1840
81,1865
75,1708
75,1666
85,1975
#### generation 37
82,1914
78,1767
78,1763
86,1989
85,1980
80,1856
86,1987
86,1982
76,1752
79,1832
80,1814
73,1678
82,1860
74,1688
83,1889
82,1884
80,1821
86,1987
70,1612
73,1705
77,1784
86,1987
85,1952
84,1926
85,1953
80,1805
84,1938
87,2036
79,1799
84,1927
85,1993
83,1882
85,1971
86,1989
68,1483
86,1989
84,1929
86,1989
83,1916
84,1930
80,1856
#### generation 40
71,1535
85,2008
78,1816
75,1700
79,1762
86,1986
86,1986
73,1606
76,1707
76,1733
79,1793
85,1973
84,1927
76,1763
86,1987
82,1886
86,1987
82,1874
77,1781
86,1987
86,1994
83,1893
78,1743
81,1854
83,1898
81,1848
77,1769
85,1960
76,1754
86,1989
82,1859
#### generation 30
69,1539
86,1999
87,2030
83,1864
77,1801
86,1983
81,1885
76,1706
78,1750
86,1986
86,1986
85,1972
72,1629
72,1642
76,1701
81,1860
76,1725
77,1756
80,1804
78,1782
77,1767
86,1987
86,1987
86,1995
76,1714
82,1871
72,1587
86,1988
85,1946
86,1988
85,1960
75,1645
#### generation 31
80,1843
81,1880
81,1871
73,1676
85,1956
82,1872
86,1990
71,1633
86,1986
86,1986
77,1720
86,1986
77,1732
85,1964
79,1822
75,1735
73,1623
86,1987
85,1977
68,1532
86,1987
86,1995
86,1987
74,1717
80,1847
82,1869
71,1578
79,1809
82,1856
81,1813
#### generation 29
82,1883
82,1924
84,1953
82,1915
73,1696
86,1991
71,1601
83,1947
82,1830
86,1986
85,1944
79,1767
80,1819
85,1985
77,1777
84,1915
73,1605
81,1822
85,1973
82,1898
86,1987
84,1920
82,1897
79,1775
73,1692
84,1969
86,1987
82,1858
86,1988
84,1929
72,1619
#### generation 30
73,1655
82,1880
84,1924
78,1764
86,1983
86,1983
85,1947
80,1772
85,1949
76,1780
75,1688
79,1856
74,1668
70,1615
77,1751
71,1641
77,1728
73,1674
79,1806
86,1989
85,1953
83,1925
71,1628
64,1441
86,2002
73,1713
81,1871
78,1791
82,1902
78,1764
72,1615
#### generation 30
87,2030
87,2050
87,2036
78,1775
84,1961
86,1983
76,1676
77,1786
85,1969
79,1785
87,2022
83,1927
86,1986
80,1811
84,1949
86,1988
86,1986
86,1990
76,1733
85,1949
71,1607
86,1984
80,1784
78,1756
86,1987
82,1852
77,1794
78,1789
86,1987
82,1843
85,1986
86,1997
#### generation 31
87,2032
80,1818
84,1967
87,2026
86,1988
82,1877
75,1688
78,1816
84,1912
87,2032
78,1794
87,2038
86,2027
80,1793
85,2015
87,2036
71,1630
87,2036
79,1793
81,1886
82,1882
86,2007
82,1903
85,1963
83,1918
76,1681
84,1922
86,2001
86,1983
86,1985
82,1857
86,1986
85,1965
83,1935
79,1794
83,1918
84,1907
76,1674
73,1628
83,1909
80,1872
69,1573
85,1952
86,1986
86,1986
86,1987
71,1710
#### generation 46
85,1969
80,1870
78,1788
83,1908
86,2031
87,2028
85,1980
70,1455
74,1630
78,1829
71,1571
74,1609
72,1571
85,1982
84,1924
80,1808
79,1775
79,1822
87,2036
79,1817
84,1949
86,1990
84,1945
87,2034
72,1569
79,1802
83,1926
76,1718
82,1886
81,1901
84,1959
76,1686
83,1894
78,1737
75,1725
78,1723
78,1740
82,1880
81,1904
75,1713
83,1922
80,1804
86,1986
78,1675
83,1935
86,1986
80,1870
68,1542
#### generation 47
82,1893
87,2022
83,1917
85,1954
77,1719
81,1833
84,1961
75,1727
84,1957
75,1741
84,1956
80,1836
83,1919
76,1757
85,1971
79,1776
80,1807
87,2042
87,2032
81,1861
87,2032
80,1886
87,2030
78,1752
87,2036
87,2026
75,1694
82,1885
78,1784
84,1927
80,1875
72,1556
75,1666
75,1678
86,2029
85,1982
78,1773
86,2012
87,2036
86,1994
75,1734
78,1823
85,1985
81,1880
84,1913
86,1983
77,1723
78,1802
76,1701
86,1983
86,1983
81,1837
80,1859
79,1784
70,1574
86,1986
84,1944
85,1976
86,1994
#### generation 58
83,1910
83,1900
69,1522
73,1661
86,2021
86,2011
80,1839
86,1983
86,2015
86,2042
85,1982
79,1750
87,2024
85,1981
80,1846
87,2032
77,1729
86,1987
78,1761
73,1590
84,1971
80,1844
84,1949
80,1800
87,2032
87,2032
86,2023
86,1979
80,1856
70,1567
83,1927
83,1930
84,1941
87,2032
75,1677
83,1898
85,1988
86,2018
87,2036
79,1836
87,2040
83,1953
84,1968
75,1681
86,1989
87,2036
79,1802
76,1702
87,2034
83,1946
87,2036
80,1827
87,2036
85,1969
85,1970
84,1953
82,1891
85,1978
80,1840
84,1956
84,1949
73,1677
76,1713
68,1514
82,1870
86,1983
84,1935
77,1740
80,1833
#### generation 68
72,1678
76,1794
87,2028
77,1752
78,1770
83,1912
80,1841
72,1583
83,1925
76,1764
86,2003
81,1874
85,1976
86,2005
81,1802
84,1955
87,2030
85,1962
79,1748
86,2009
80,1845
81,1873
83,1941
87,2032
70,1570
86,2007
80,1765
87,2034
85,1957
83,1944
85,1982
86,2000
87,2049
82,1887
87,2050
84,1949
87,2036
81,1851
85,1967
#### generation 38
80,1834
72,1584
80,1826
85,1977
87,2026
76,1743
72,1599
74,1701
87,2024
69,1618
84,1930
86,2005
83,1930
82,1878
79,1763
73,1613
77,1790
80,1804
76,1673
84,1936
83,1903
84,1941
76,1728
87,2030
79,1782
87,2032
72,1655
79,1811
87,2032
84,1938
86,2000
76,1760
87,2040
85,1978
84,1965
85,2019
86,2013
84,1959
77,1752
87,2036
#### generation 39
82,1882
77,1755
79,1828
82,1887
86,2013
82,1887
85,1974
82,1916
76,1690
74,1633
84,1931
86,2000
71,1616
76,1772
87,2026
72,1659
79,1798
75,1756
79,1839
83,1917
86,2003
87,2030
87,2032
86,1995
84,1926
73,1635
86,2016
87,2030
79,1796
85,1983
85,1974
87,2037
83,1947
82,1916
81,1866
74,1689
87,2032
73,1661
77,1748
83,1937
82,1900
77,1688
74,1749
85,1961
#### generation 43
81,1886
85,1966
85,1989
77,1713
86,2005
87,2024
81,1853
87,2024
84,1954
75,1648
86,1997
86,2014
85,1978
85,1989
87,2020
80,1808
66,1518
79,1829
82,1886
76,1772
87,2030
87,2030
76,1714
82,1887
87,2036
81,1856
81,1855
77,1755
75,1745
81,1875
85,1995
73,1709
84,1923
85,1983
74,1697
77,1749
#### generation 35
85,1978
79,1845
87,2034
86,2003
84,1966
86,1991
82,1859
87,2014
86,2021
87,2033
82,1884
87,2024
87,2024
86,1989
84,1943
82,1860
84,1933
85,1983
84,1933
74,1698
86,1987
81,1868
77,1751
80,1828
81,1810
77,1744
78,1794
84,1933
87,2028
75,1675
80,1839
86,2004
84,1946
86,1996
87,2030
87,2030
86,2009
78,1777
80,1789
85,1980
87,2036
74,1734
72,1577
78,1785
84,1953
84,1918
#### generation 45
86,2016
87,2014
81,1851
74,1676
86,2038
84,1939
87,2022
81,1878
74,1702
84,1941
82,1890
82,1900
84,1938
77,1756
83,1917
82,1931
79,1823
77,1774
76,1746
77,1787
83,1920
85,1960
87,2026
78,1807
87,2038
86,2001
70,1530
71,1637
81,1835
79,1780
78,1793
73,1634
84,1937
87,2036
87,2030
87,2035
#### generation 35
87,2016
71,1586
86,1991
87,2020
86,1977
78,1747
76,1717
86,1987
87,2022
83,1917
86,1985
81,1851
72,1653
84,1955
87,2024
86,2014
79,1801
82,1889
71,1578
87,2026
82,1920
78,1797
72,1652
85,1962
81,1862
80,1837
86,1993
83,1945
82,1881
78,1751
82,1874
85,1953
74,1628
86,2016
87,2030
80,1813
84,1941
80,1855
73,1691
#### generation 38
74,1639
87,2014
81,1852
84,1941
72,1628
87,2014
87,2014
82,1883
85,1964
76,1713
79,1781
81,1861
83,1910
75,1733
84,1926
73,1674
82,1908
87,2022
87,2022
80,1828
86,1988
87,2024
87,2024
74,1654
80,1824
82,1858
87,2024
86,1985
83,1919
81,1857
80,1844
84,1968
87,2026
86,2003
79,1809
74,1687
71,1605
87,2024
84,1908
85,1985
72,1561
86,1989
87,2030
87,2028
#### generation 43
74,1720
87,2014
76,1746
78,1811
87,2016
87,2014
87,2014
75,1707
86,1971
87,2014
86,2028
86,2003
75,1745
80,1813
87,2022
76,1681
84,1970
72,1638
81,1861
81,1811
84,1953
69,1500
85,1988
73,1720
77,1745
72,1646
87,2022
86,2015
83,1921
87,2022
74,1712
76,1796
71,1564
78,1778
87,2039
77,1754
86,1999
74,1656
74,1661
87,2022
86,1996
78,1805
83,1940
81,1852
83,1956
76,1678
82,1855
#### generation 46
84,1988
87,2022
80,1838
77,1810
72,1690
87,2014
76,1664
84,1952
83,1941
77,1730
87,2020
73,1655
87,2014
76,1731
87,2016
81,1852
72,1597
81,1846
87,2036
82,1912
87,2014
85,1968
87,2014
87,2014
79,1771
81,1871
79,1793
87,2020
75,1734
87,2024
80,1866
83,1952
84,1963
87,2016
76,1741
87,2026
73,1619
80,1838
83,1959
69,1571
85,1978
76,1743
85,1980
80,1813
79,1821
80,1816
83,1902
78,1785
87,2040
72,1633
87,2024
87,2024
75,1711
87,2024
87,2024
#### generation 54
87,2014
84,1951
79,1754
74,1692
75,1703
86,1979
86,1992
78,1830
81,1850
71,1556
87,2014
78,1838
85,1970
85,1977
75,1699
76,1768
87,2014
78,1782
76,1751
79,1799
74,1668
77,1769
86,1985
87,2020
87,2044
84,1942
81,1868
85,1951
73,1661
87,2014
81,1893
83,1939
72,1628
86,1996
74,1714
72,1623
80,1809
81,1818
85,1978
87,2036
87,2016
85,1964
87,2042
75,1721
70,1601
74,1679
76,1723
78,1800
87,2016
87,2016
75,1708
81,1886
76,1771
77,1791
87,2016
86,2029
87,2016
83,1924
78,1762
87,2020
83,1904
85,1989
79,1740
81,1869
86,1986
86,1989
87,2026
80,1843
87,2022
#### generation 68
71,1550
69,1602
86,1989
86,2021
75,1754
85,1963
73,1722
82,1904
73,1605
79,1802
82,1896
69,1501
74,1741
84,1972
80,1820
80,1815
83,1920
83,1875
86,1999
86,2028
74,1668
78,1777
84,1930
80,1838
76,1740
87,2020
78,1809
87,2014
73,1640
74,1678
85,1982
84,1944
79,1800
86,1999
83,1927
74,1692
80,1852
85,1969
87,2032
76,1773
82,1912
72,1622
87,2014
75,1750
87,2022
87,2014
72,1636
86,2020
86,1993
77,1777
85,1970
80,1852
72,1652
80,1849
86,2007
83,1897
85,1948
87,2014
87,2016
85,1956
74,1670
83,1919
85,1960
87,2016
81,1803
85,1957
80,1858
70,1492
86,1988
87,2020
87,2020
83,1900
#### generation 71
73,1603
87,2014
72,1674
87,2022
81,1851
81,1834
74,1655
80,1871
87,2014
83,1941
85,1982
72,1545
86,1997
86,2002
79,1830
86,1995
83,1937
70,1550
87,2014
71,1559
75,1731
73,1652
77,1740
87,2014
75,1724
84,1960
83,1921
76,1717
83,1933
81,1889
87,2010
85,1972
87,2014
86,1989
84,1901
72,1587
74,1722
73,1684
70,1555
87,2032
84,1942
87,2036
75,1719
81,1886
81,1861
87,2014
82,1933
78,1824
83,1900
83,1911
82,1938
87,2012
75,1673
87,2016
76,1763
83,1909
85,1952
83,1936
70,1571
71,1639
73,1627
#### generation 60
87,2010
78,1754
74,1714
85,1953
83,1923
74,1731
87,2014
78,1812
87,2014
87,2014
85,1978
86,1993
87,2036
86,2002
81,1898
87,2014
83,1898
86,1983
86,1993
77,1731
87,2014
86,1989
77,1757
84,1949
71,1667
76,1687
80,1840
87,2014
81,1881
87,2014
#### generation 29
85,1950
76,1763
78,1763
78,1751
76,1720
79,1805
83,1902
78,1800
84,1930
83,1955
81,1923
86,2007
76,1712
76,1731
85,1947
87,2034
80,1873
83,1917
68,1497
87,2014
80,1851
82,1890
87,2014
72,1594
85,1950
77,1790
86,1976
74,1618
85,1968
82,1907
79,1743
85,1968
#### generation 31
87,2010
76,1755
84,1966
84,1953
85,1956
76,1680
87,2012
82,1889
70,1493
83,1956
83,1907
76,1754
79,1820
85,1954
83,1937
76,1773
75,1644
87,2014
76,1720
87,2014
76,1705
70,1605
86,1979
82,1865
76,1746
86,2008
71,1554
74,1630
86,1999
87,2038
75,1723
73,1628
71,1657
75,1733
#### generation 33
87,2010
83,1908
73,1691
74,1662
76,1656
66,1493
77,1779
87,2008
78,1786
86,1987
86,2001
76,1630
87,2020
87,2014
73,1694
72,1631
76,1680
78,1765
84,1991
85,1964
87,2014
76,1704
84,1904
74,1713
76,1760
69,1521
75,1696
87,2028
75,1700
87,2014
84,1928
78,1765
85,2026
85,1971
87,2014
#### generation 34
76,1775
78,1819
77,1749
87,2012
79,1811
85,2019
74,1684
76,1713
87,2010
73,1677
86,1999
82,1840
87,2014
86,2017
73,1629
87,2014
82,1912
86,2003
87,2022
83,1900
79,1789
79,1827
83,1923
87,2014
87,2014
86,1987
85,1962
87,2014
87,2014
86,1987
80,1852
87,2014
77,1762
79,1758
68,1609
#### generation 34
