56,1199
63,1383
63,1362
65,1326
60,1369
57,1163
64,1426
64,1343
65,1371
60,1296
59,1214
59,1270
57,1282
61,1279
57,1238
62,1283
60,1296
56,1151
59,1250
64,1403
65,1414
61,1378
66,1415
59,1253
63,1346
59,1270
55,1247
58,1197
65,1440
57,1203
#### generation 29
64,1384
65,1388
65,1387
66,1423
62,1310
65,1334
64,1360
65,1371
65,1371
65,1376
65,1421
59,1178
64,1376
66,1506
63,1399
62,1436
69,1463
67,1393
67,1411
64,1346
66,1390
64,1403
62,1363
63,1372
65,1437
66,1456
64,1426
63,1389
63,1449
63,1356
61,1340
62,1286
61,1354
62,1250
62,1283
57,1219
61,1242
60,1316
63,1379
59,1281
59,1291
60,1296
59,1349
55,1236
59,1208
61,1305
58,1279
59,1270
59,1270
56,1153
58,1234
59,1251
58,1263
60,1377
59,1244
57,1230
57,1314
#### generation 56
69,1466
69,1463
70,1470
58,1154
66,1390
66,1390
65,1356
66,1423
66,1423
65,1404
65,1421
65,1421
65,1458
66,1506
66,1372
65,1334
66,1343
66,1412
65,1371
66,1367
64,1341
61,1291
65,1422
65,1412
64,1384
61,1371
62,1418
64,1343
67,1406
65,1356
63,1244
66,1417
64,1469
62,1303
65,1440
60,1313
62,1381
#### generation 36
70,1464
66,1381
69,1453
68,1491
67,1425
67,1404
66,1385
69,1470
67,1422
59,1190
69,1463
68,1425
68,1496
68,1445
64,1317
67,1453
69,1466
68,1412
67,1406
67,1411
66,1351
65,1338
67,1422
65,1392
66,1395
67,1439
64,1430
61,1277
66,1415
66,1423
64,1409
67,1488
64,1422
66,1506
65,1477
64,1354
68,1452
61,1238
65,1373
66,1429
62,1345
65,1371
66,1449
#### generation 42
63,1337
69,1460
70,1466
63,1319
71,1576
70,1470
70,1546
69,1453
69,1487
69,1455
69,1453
67,1405
69,1463
69,1461
68,1458
66,1377
65,1339
69,1474
62,1291
69,1466
68,1465
65,1375
69,1462
69,1470
71,1543
69,1481
68,1418
67,1406
66,1384
68,1445
68,1445
65,1365
67,1430
68,1452
70,1492
64,1389
71,1555
67,1393
67,1404
67,1406
65,1438
67,1411
69,1423
69,1482
68,1426
66,1356
66,1418
66,1465
67,1488
66,1356
66,1351
71,1518
#### generation 51
66,1358
71,1518
67,1414
61,1228
64,1309
67,1394
71,1555
64,1374
68,1514
67,1467
69,1529
68,1383
70,1464
69,1439
67,1428
69,1464
70,1470
71,1518
65,1404
70,1552
70,1492
65,1336
70,1546
69,1423
69,1453
68,1419
68,1418
66,1395
68,1430
65,1358
69,1465
68,1440
64,1327
70,1535
67,1400
68,1391
69,1514
70,1456
68,1454
67,1419
68,1445
69,1474
69,1482
#### generation 42
72,1549
71,1524
67,1443
71,1518
71,1518
69,1523
71,1516
70,1481
71,1543
62,1298
66,1416
70,1530
71,1555
69,1474
69,1525
71,1555
71,1531
68,1441
65,1418
66,1454
71,1558
69,1527
71,1568
71,1576
69,1469
65,1316
71,1493
66,1334
68,1437
70,1466
67,1434
70,1502
62,1287
71,1511
70,1470
58,1244
70,1492
64,1348
66,1357
70,1535
70,1533
70,1547
68,1455
70,1558
69,1527
65,1383
61,1276
70,1537
68,1464
70,1533
69,1440
69,1439
70,1533
66,1380
69,1453
69,1453
65,1391
70,1484
69,1497
#### generation 58
65,1407
71,1540
72,1549
71,1486
63,1327
61,1279
70,1507
70,1476
68,1434
69,1461
70,1467
67,1436
66,1411
69,1442
71,1518
71,1518
69,1470
69,1454
71,1520
69,1465
68,1466
71,1531
71,1531
70,1540
71,1543
64,1372
64,1358
71,1555
69,1467
70,1505
72,1563
69,1519
71,1538
67,1465
71,1568
67,1421
71,1578
69,1511
69,1453
70,1464
68,1435
66,1388
68,1429
67,1419
68,1419
70,1470
68,1458
#### generation 46
69,1482
66,1370
72,1563
68,1486
68,1369
72,1517
65,1366
71,1529
71,1525
67,1439
71,1520
69,1449
64,1319
72,1538
64,1333
70,1499
71,1524
70,1522
70,1546
71,1508
71,1566
71,1562
70,1507
71,1543
71,1552
71,1553
71,1555
71,1522
65,1416
67,1457
71,1550
#### generation 30
71,1477
67,1367
72,1519
66,1485
65,1367
64,1338
72,1563
71,1542
70,1488
70,1526
70,1471
67,1387
67,1470
69,1464
71,1516
71,1518
65,1414
67,1392
70,1503
71,1516
70,1492
72,1537
71,1466
71,1520
67,1425
71,1524
69,1482
71,1525
66,1369
72,1603
67,1457
66,1398
67,1422
70,1540
#### generation 33
68,1430
68,1407
70,1503
70,1511
71,1492
72,1550
66,1350
61,1328
67,1429
67,1433
64,1294
71,1490
71,1530
62,1285
72,1549
67,1434
71,1528
72,1553
71,1534
72,1554
72,1565
70,1540
66,1425
71,1533
65,1382
67,1431
72,1554
72,1563
72,1603
68,1394
72,1517
71,1493
69,1456
67,1436
68,1458
70,1496
71,1528
71,1502
71,1518
71,1518
68,1417
71,1524
71,1518
69,1471
70,1505
70,1501
71,1520
67,1416
70,1482
#### generation 48
69,1426
72,1517
72,1539
68,1405
63,1398
72,1519
68,1477
68,1436
62,1323
64,1357
71,1515
70,1492
72,1529
72,1551
62,1348
64,1399
70,1519
65,1358
72,1547
71,1537
70,1528
62,1329
70,1491
61,1246
72,1581
72,1573
71,1521
70,1479
72,1554
73,1570
72,1550
71,1522
72,1554
68,1455
71,1580
72,1567
71,1555
72,1563
68,1455
71,1538
70,1484
72,1563
71,1556
72,1563
64,1422
68,1478
70,1557
72,1603
73,1615
72,1601
65,1305
65,1342
71,1486
71,1517
71,1492
71,1493
71,1489
64,1389
72,1562
69,1471
67,1450
#### generation 60
73,1565
66,1392
68,1487
64,1388
69,1430
65,1453
66,1411
72,1602
70,1512
61,1305
72,1521
66,1389
72,1517
72,1519
72,1519
72,1531
64,1308
70,1477
65,1386
65,1340
72,1547
72,1551
70,1497
69,1518
72,1550
72,1553
71,1520
66,1416
71,1513
73,1617
69,1493
72,1550
66,1399
71,1521
71,1536
67,1431
72,1563
72,1559
#### generation 37
72,1516
73,1565
74,1585
73,1579
72,1539
70,1517
73,1574
73,1565
68,1543
70,1504
73,1607
71,1496
72,1519
68,1426
66,1367
72,1519
68,1448
72,1519
71,1574
72,1521
72,1531
71,1526
72,1537
67,1391
71,1496
72,1547
71,1516
72,1549
71,1521
67,1479
72,1536
71,1518
70,1498
58,1265
69,1478
72,1557
69,1491
#### generation 36
73,1564
72,1541
71,1499
70,1538
73,1561
68,1525
70,1493
73,1561
69,1461
69,1459
72,1516
69,1427
69,1465
72,1562
70,1514
73,1615
71,1572
71,1572
72,1589
72,1564
65,1391
68,1496
72,1517
71,1448
73,1544
71,1522
70,1471
72,1519
71,1530
72,1505
72,1523
72,1523
72,1521
69,1426
65,1380
72,1531
72,1529
72,1574
70,1485
72,1519
#### generation 39
66,1350
74,1599
74,1601
73,1544
66,1374
71,1528
70,1466
69,1468
68,1443
73,1565
69,1515
68,1413
69,1464
71,1514
71,1521
70,1460
68,1436
73,1574
74,1633
68,1440
69,1459
73,1615
70,1540
73,1621
73,1601
69,1419
68,1449
72,1566
70,1463
71,1506
68,1429
72,1517
68,1412
72,1519
69,1470
61,1316
71,1498
66,1359
67,1434
72,1513
#### generation 39
69,1469
69,1465
69,1445
71,1501
74,1599
72,1560
71,1519
69,1471
74,1601
70,1552
68,1474
74,1633
70,1468
69,1504
69,1408
72,1514
68,1421
70,1476
72,1496
73,1561
71,1511
73,1565
73,1570
71,1528
69,1480
74,1595
74,1591
71,1534
69,1466
72,1545
73,1576
73,1605
73,1570
73,1574
72,1551
74,1615
73,1579
70,1477
73,1601
69,1460
64,1285
72,1567
71,1603
73,1585
69,1447
68,1472
69,1538
68,1456
68,1459
71,1534
72,1505
67,1409
70,1467
70,1480
72,1506
71,1452
#### generation 55
74,1591
67,1505
74,1595
74,1591
71,1499
73,1566
74,1593
70,1519
74,1604
65,1400
74,1599
74,1591
74,1599
70,1521
67,1424
71,1531
74,1601
73,1560
70,1496
69,1482
70,1523
74,1615
74,1633
74,1633
74,1633
73,1624
71,1548
74,1633
66,1388
72,1530
71,1465
63,1365
69,1460
73,1564
69,1439
73,1565
70,1493
73,1565
66,1441
73,1570
73,1548
66,1453
71,1514
65,1434
73,1568
70,1511
72,1526
66,1412
#### generation 47
67,1403
74,1587
73,1551
69,1453
74,1581
71,1524
74,1591
66,1436
75,1661
70,1502
65,1456
73,1601
73,1617
71,1499
73,1552
71,1462
66,1420
70,1501
73,1569
68,1410
67,1412
74,1595
73,1570
74,1589
73,1554
74,1595
70,1527
69,1516
74,1589
74,1599
71,1530
69,1465
72,1543
72,1563
68,1467
73,1598
70,1479
69,1501
74,1601
72,1535
67,1414
68,1485
74,1601
74,1601
74,1601
74,1601
73,1578
68,1465
70,1507
71,1521
71,1528
69,1466
67,1461
70,1483
69,1481
74,1615
72,1557
65,1410
74,1633
69,1498
66,1411
73,1619
66,1430
72,1571
71,1518
70,1491
74,1633
74,1633
67,1448
72,1556
74,1633
69,1446
70,1500
70,1497
69,1493
73,1613
74,1643
72,1605
62,1368
73,1557
67,1468
70,1456
68,1437
66,1437
#### generation 83
71,1572
69,1536
74,1581
73,1578
67,1412
75,1631
74,1589
74,1591
74,1591
71,1565
67,1441
74,1628
65,1377
72,1524
67,1395
72,1526
74,1595
74,1591
71,1547
73,1567
73,1573
74,1599
70,1464
74,1601
74,1601
67,1470
72,1578
74,1616
74,1601
67,1472
75,1639
#### generation 30
73,1592
63,1441
75,1631
74,1603
75,1639
71,1558
73,1599
72,1531
71,1519
73,1553
69,1522
72,1533
64,1391
69,1499
69,1429
69,1461
74,1591
74,1587
72,1542
68,1396
74,1593
61,1331
73,1537
74,1589
67,1460
74,1591
71,1514
74,1595
73,1543
70,1511
74,1614
73,1561
68,1451
73,1537
73,1575
#### generation 34
70,1484
69,1485
70,1511
74,1594
75,1631
68,1428
72,1531
73,1588
69,1502
70,1522
74,1604
69,1507
75,1639
73,1591
75,1661
73,1613
75,1670
73,1544
73,1556
70,1496
73,1565
73,1539
73,1580
64,1305
69,1441
63,1344
64,1356
71,1524
74,1616
67,1427
74,1616
74,1585
68,1428
69,1472
73,1530
68,1463
74,1591
73,1554
75,1629
73,1572
72,1607
74,1645
74,1599
#### generation 42
74,1618
68,1510
75,1631
70,1519
69,1467
73,1614
71,1490
69,1487
72,1489
72,1564
69,1430
75,1631
73,1584
74,1603
65,1412
72,1507
74,1620
72,1587
75,1653
73,1604
75,1661
71,1572
72,1627
74,1664
74,1581
71,1528
74,1585
71,1518
74,1587
74,1587
74,1589
70,1482
73,1564
69,1516
68,1416
73,1607
74,1593
67,1475
74,1591
74,1591
70,1458
73,1579
73,1621
62,1322
#### generation 43
65,1377
71,1497
70,1509
68,1419
72,1499
71,1493
66,1446
67,1442
71,1581
73,1590
72,1557
75,1631
69,1497
70,1512
72,1550
68,1499
68,1416
67,1415
75,1643
69,1478
71,1561
76,1711
73,1561
73,1566
75,1631
75,1639
75,1653
75,1671
71,1517
75,1676
73,1569
70,1473
73,1594
75,1661
75,1661
75,1661
72,1558
73,1576
73,1615
73,1604
70,1493
71,1515
69,1523
75,1681
71,1538
74,1655
72,1569
68,1481
70,1444
74,1581
71,1497
71,1470
71,1483
71,1543
69,1472
74,1587
71,1514
61,1369
73,1545
70,1500
71,1496
73,1541
71,1514
#### generation 62
76,1711
67,1425
73,1610
77,1750
75,1629
75,1629
70,1496
74,1602
75,1631
75,1631
67,1477
67,1433
66,1408
74,1608
72,1522
72,1522
62,1330
68,1420
75,1654
74,1606
66,1359
74,1596
69,1462
67,1439
74,1618
66,1346
69,1470
75,1641
64,1377
73,1636
74,1598
71,1522
72,1562
74,1632
74,1591
75,1668
71,1520
75,1637
69,1487
71,1577
75,1661
74,1639
73,1564
75,1661
68,1426
73,1601
69,1536
70,1488
72,1562
67,1436
72,1557
73,1622
67,1501
74,1628
74,1606
65,1427
68,1412
#### generation 56
63,1369
64,1427
68,1490
69,1464
73,1608
72,1526
71,1511
72,1570
75,1631
75,1631
70,1527
61,1321
75,1644
75,1631
74,1578
71,1572
70,1455
68,1421
69,1453
75,1639
75,1639
72,1571
71,1522
74,1624
69,1445
72,1568
75,1654
74,1623
73,1562
69,1564
72,1581
74,1606
#### generation 31
76,1709
74,1652
76,1711
75,1723
75,1629
71,1576
71,1536
73,1573
75,1631
73,1541
74,1615
71,1560
70,1516
73,1596
73,1533
75,1629
70,1456
73,1549
64,1367
74,1612
71,1564
75,1635
75,1637
68,1498
64,1366
67,1420
75,1641
74,1600
75,1644
73,1623
71,1542
#### generation 30
77,1750
66,1394
66,1385
76,1709
69,1482
76,1711
73,1631
67,1480
75,1639
75,1629
71,1524
75,1635
74,1608
65,1456
65,1383
74,1611
75,1640
75,1631
67,1431
75,1631
70,1506
69,1525
75,1631
69,1487
72,1553
69,1459
75,1635
74,1619
68,1499
66,1421
75,1639
75,1643
66,1437
#### generation 32
69,1509
73,1622
72,1607
72,1610
73,1627
76,1714
73,1642
69,1491
68,1444
75,1643
75,1682
73,1605
71,1589
71,1579
69,1542
72,1604
73,1649
74,1670
73,1623
69,1539
73,1574
70,1478
73,1590
71,1558
72,1527
69,1512
70,1537
74,1606
68,1505
74,1628
69,1486
75,1661
72,1550
69,1441
72,1563
75,1631
64,1395
58,1238
73,1596
74,1590
69,1434
#### generation 40
73,1613
72,1603
73,1628
68,1457
71,1549
75,1651
76,1709
66,1493
77,1681
69,1515
75,1653
68,1522
76,1677
69,1509
68,1518
72,1578
70,1520
67,1401
70,1524
70,1470
75,1629
74,1592
68,1447
68,1437
62,1330
70,1532
73,1590
69,1437
71,1534
74,1607
74,1572
74,1615
65,1348
73,1584
72,1560
66,1436
65,1432
74,1597
#### generation 37
77,1681
75,1590
76,1715
70,1521
64,1348
77,1750
75,1679
76,1720
72,1605
74,1692
76,1677
74,1617
70,1505
76,1703
75,1662
76,1709
71,1581
76,1709
64,1350
74,1657
74,1626
68,1456
71,1567
74,1663
66,1424
69,1520
66,1401
72,1546
68,1462
69,1426
73,1570
72,1593
65,1387
75,1658
67,1460
64,1349
73,1552
71,1455
67,1401
66,1415
74,1602
72,1562
71,1519
73,1575
73,1562
70,1456
75,1631
#### generation 46
77,1681
73,1570
75,1627
71,1544
76,1665
69,1516
68,1487
77,1748
77,1734
72,1567
72,1565
73,1673
75,1650
74,1673
77,1750
71,1536
69,1452
76,1677
72,1570
77,1688
66,1394
74,1671
72,1574
76,1709
74,1637
68,1497
76,1714
72,1619
75,1666
69,1510
75,1688
68,1497
72,1575
68,1525
76,1711
72,1639
69,1482
73,1632
74,1631
75,1645
76,1714
76,1720
76,1721
67,1462
74,1677
69,1512
76,1606
72,1584
75,1629
74,1617
69,1466
75,1629
69,1438
69,1488
72,1575
71,1496
#### generation 55
76,1655
76,1666
77,1681
77,1681
77,1679
77,1683
77,1689
77,1681
77,1681
68,1406
77,1658
68,1492
69,1511
77,1706
73,1647
75,1693
64,1338
68,1472
74,1660
74,1666
77,1750
77,1750
77,1732
77,1750
68,1447
77,1750
73,1597
72,1592
70,1556
63,1322
77,1710
74,1572
71,1551
75,1646
69,1507
75,1655
76,1703
75,1679
62,1238
68,1444
71,1596
69,1489
69,1543
69,1477
75,1670
76,1697
76,1711
67,1409
75,1678
69,1465
76,1716
#### generation 50
67,1430
73,1554
74,1608
71,1522
77,1681
76,1684
68,1438
70,1520
75,1645
74,1599
75,1642
77,1677
77,1679
72,1568
75,1624
74,1598
75,1604
70,1519
72,1592
71,1544
71,1536
74,1626
75,1618
74,1612
71,1540
75,1625
77,1681
66,1411
77,1683
67,1443
77,1686
77,1690
77,1688
74,1610
71,1503
67,1413
77,1681
77,1689
74,1610
71,1566
68,1471
75,1655
67,1481
68,1426
77,1698
74,1626
73,1633
76,1673
71,1527
76,1721
72,1607
73,1593
65,1370
77,1734
71,1542
75,1674
73,1659
73,1618
67,1422
68,1441
70,1505
66,1398
77,1748
72,1579
65,1400
66,1442
76,1716
71,1580
68,1447
75,1690
74,1615
67,1447
69,1429
75,1700
74,1674
75,1665
68,1502
72,1613
66,1462
76,1690
74,1637
77,1750
74,1649
77,1736
73,1673
77,1757
77,1750
71,1518
70,1457
69,1500
74,1576
73,1633
#### generation 91
73,1577
71,1559
76,1636
77,1677
77,1677
77,1677
70,1513
72,1530
76,1713
75,1618
77,1683
75,1592
73,1563
75,1647
65,1389
71,1499
76,1646
75,1624
77,1681
69,1429
77,1686
74,1579
71,1496
75,1593
71,1524
75,1640
77,1691
75,1632
77,1681
77,1681
74,1611
69,1503
77,1677
77,1677
65,1444
65,1374
70,1588
74,1562
77,1681
71,1513
76,1665
67,1452
77,1693
77,1683
76,1656
75,1649
67,1401
68,1428
70,1532
75,1614
67,1406
69,1483
67,1410
73,1572
77,1688
77,1681
72,1553
70,1471
74,1608
77,1689
65,1387
74,1636
76,1641
72,1555
75,1624
72,1570
73,1567
73,1645
74,1604
72,1579
68,1480
75,1652
77,1732
77,1752
#### generation 73
77,1662
77,1658
76,1601
70,1495
75,1626
70,1466
77,1677
76,1650
70,1515
76,1707
70,1522
71,1523
72,1522
64,1390
77,1681
72,1529
73,1575
77,1681
76,1645
77,1679
72,1562
69,1521
68,1475
68,1465
74,1596
74,1545
68,1472
77,1681
76,1676
77,1683
76,1638
77,1686
74,1598
#### generation 32
74,1581
74,1555
77,1658
75,1665
76,1669
73,1532
76,1612
77,1677
75,1715
77,1683
74,1587
70,1523
75,1620
77,1683
73,1572
73,1557
66,1441
77,1679
72,1539
70,1571
73,1615
72,1560
76,1646
76,1671
76,1631
68,1436
72,1564
68,1430
68,1469
77,1716
74,1599
#### generation 30
77,1650
75,1662
69,1427
77,1654
68,1463
74,1578
77,1656
65,1389
77,1667
70,1471
71,1545
72,1571
68,1426
77,1667
73,1550
65,1384
66,1400
75,1640
74,1571
67,1408
65,1404
70,1472
72,1543
70,1509
72,1543
74,1591
77,1681
71,1553
77,1681
75,1628
73,1553
71,1541
75,1654
77,1681
77,1683
#### generation 34
75,1592
77,1650
76,1605
77,1684
77,1653
70,1530
71,1530
70,1472
65,1341
77,1676
69,1444
77,1652
72,1519
66,1386
77,1680
77,1658
76,1642
74,1596
66,1414
73,1565
77,1658
77,1662
77,1660
68,1442
77,1667
77,1677
73,1635
63,1292
77,1677
77,1705
70,1482
76,1639
77,1677
75,1647
74,1579
75,1626
76,1662
74,1597
78,1725
71,1503
71,1547
77,1681
71,1551
74,1591
77,1683
77,1665
67,1433
75,1620
#### generation 47
78,1733
73,1601
76,1628
77,1650
77,1652
74,1626
75,1638
77,1678
75,1597
74,1588
68,1456
71,1577
74,1613
76,1686
77,1660
75,1630
74,1619
73,1576
77,1667
68,1476
69,1445
75,1608
66,1436
77,1663
77,1683
72,1529
77,1677
76,1652
68,1485
77,1681
77,1677
#### generation 30
76,1661
73,1569
70,1454
74,1689
68,1484
68,1475
78,1733
76,1652
72,1563
71,1516
72,1540
70,1468
77,1652
66,1373
75,1624
73,1591
75,1587
76,1616
77,1658
77,1658
77,1658
77,1660
71,1493
75,1622
69,1479
71,1510
70,1496
71,1510
72,1554
77,1667
66,1366
73,1565
75,1623
75,1651
71,1557
73,1560
#### generation 35
74,1604
72,1530
77,1692
70,1530
78,1733
78,1733
77,1682
75,1654
74,1633
74,1609
73,1578
71,1509
74,1572
71,1522
74,1604
71,1578
77,1642
76,1614
70,1464
77,1656
77,1663
77,1666
76,1641
73,1544
77,1660
71,1521
69,1444
67,1447
69,1495
73,1558
72,1536
68,1418
77,1662
72,1525
68,1414
73,1651
66,1433
74,1553
#### generation 37
72,1568
69,1493
64,1321
64,1350
78,1725
76,1660
78,1733
78,1727
77,1679
73,1573
75,1640
71,1535
71,1549
66,1377
68,1475
67,1480
70,1460
77,1650
74,1572
77,1662
77,1652
72,1610
72,1502
71,1480
77,1656
71,1496
77,1658
71,1470
76,1640
76,1644
68,1477
78,1716
77,1673
65,1359
75,1610
74,1605
77,1660
77,1664
77,1662
77,1662
#### generation 39
75,1620
78,1725
76,1722
69,1468
75,1614
77,1666
78,1727
77,1693
78,1733
76,1666
76,1604
72,1557
75,1617
77,1693
71,1491
69,1471
77,1687
78,1735
76,1673
76,1681
77,1642
76,1618
74,1583
73,1538
77,1652
65,1368
77,1686
73,1530
67,1410
76,1606
74,1573
70,1481
67,1445
69,1507
75,1615
66,1366
76,1654
77,1666
73,1608
68,1457
76,1644
#### generation 40
76,1668
78,1716
76,1689
76,1726
74,1589
78,1725
73,1567
68,1440
78,1727
70,1525
75,1642
73,1543
74,1615
76,1660
78,1727
77,1680
73,1641
72,1535
72,1605
74,1630
77,1693
78,1733
76,1661
74,1589
76,1676
70,1495
75,1601
73,1557
72,1562
69,1450
74,1685
63,1339
74,1556
69,1446
70,1485
75,1602
74,1583
76,1628
67,1391
77,1652
67,1447
76,1593
74,1554
74,1595
71,1493
76,1627
74,1619
75,1629
#### generation 47
74,1603
73,1527
74,1600
71,1491
78,1711
76,1697
78,1716
78,1718
78,1725
72,1546
78,1725
78,1720
78,1725
78,1725
78,1725
73,1585
77,1737
76,1682
70,1569
73,1573
78,1727
74,1558
78,1727
71,1475
78,1727
78,1727
74,1646
77,1673
69,1491
77,1689
68,1394
69,1461
69,1447
78,1729
78,1722
75,1618
71,1565
72,1525
78,1766
78,1733
78,1733
73,1586
69,1415
75,1650
71,1555
71,1485
76,1645
78,1737
75,1627
78,1731
65,1332
75,1628
68,1423
76,1613
77,1642
75,1584
75,1626
75,1567
70,1453
77,1652
71,1531
73,1563
71,1480
77,1652
75,1593
#### generation 64
72,1563
76,1687
76,1644
68,1420
78,1712
78,1712
76,1628
77,1672
77,1669
69,1522
70,1561
73,1577
74,1572
77,1692
68,1466
71,1527
71,1581
70,1506
73,1592
65,1377
75,1617
78,1725
74,1597
77,1716
77,1703
78,1725
76,1652
77,1698
78,1672
69,1454
74,1611
76,1637
72,1569
75,1671
75,1610
78,1733
68,1483
76,1678
77,1719
#### generation 38
75,1575
74,1593
78,1672
76,1638
75,1562
77,1688
77,1686
78,1712
78,1716
78,1718
76,1682
76,1653
76,1665
76,1711
75,1635
77,1695
78,1725
72,1548
69,1463
73,1631
74,1608
68,1468
75,1666
76,1708
74,1595
70,1484
73,1540
77,1700
76,1678
78,1723
76,1672
65,1364
68,1440
75,1628
#### generation 33
76,1624
78,1674
70,1520
73,1548
78,1667
76,1623
78,1672
77,1636
64,1334
78,1712
77,1723
72,1596
76,1647
78,1712
75,1633
72,1537
73,1582
76,1676
72,1525
67,1397
70,1533
74,1598
71,1500
70,1507
72,1546
78,1725
75,1622
73,1556
69,1457
70,1495
74,1621
77,1676
75,1640
78,1725
76,1664
78,1721
#### generation 35
76,1642
76,1603
78,1667
78,1667
74,1556
73,1555
67,1390
77,1641
75,1604
78,1667
78,1655
74,1514
74,1547
76,1653
76,1653
73,1563
72,1540
72,1585
73,1560
76,1678
78,1716
73,1679
76,1671
74,1641
67,1421
78,1720
75,1704
77,1709
70,1500
78,1725
67,1411
72,1518
73,1606
78,1725
78,1723
77,1687
75,1648
78,1725
#### generation 37
77,1615
75,1577
78,1655
75,1607
74,1528
70,1517
78,1669
77,1657
69,1516
76,1606
69,1459
75,1599
73,1553
75,1573
75,1619
71,1508
77,1661
71,1465
67,1406
77,1639
71,1535
78,1713
76,1623
77,1671
71,1497
77,1666
74,1647
68,1458
73,1563
78,1716
70,1474
75,1637
78,1718
77,1686
78,1720
76,1662
70,1531
75,1615
78,1723
76,1700
71,1581
70,1448
#### generation 41
76,1594
70,1420
78,1655
77,1637
71,1556
69,1447
78,1667
73,1611
76,1614
77,1631
66,1377
72,1540
77,1630
73,1549
74,1563
71,1588
77,1654
72,1577
78,1672
75,1576
77,1640
76,1620
74,1540
78,1672
68,1434
67,1463
75,1650
72,1540
72,1565
72,1612
76,1674
78,1712
78,1700
78,1711
77,1687
72,1540
78,1708
73,1551
73,1607
69,1448
77,1701
73,1574
73,1624
64,1359
72,1557
75,1600
#### generation 45
71,1535
69,1495
74,1563
68,1412
75,1579
76,1649
76,1603
69,1442
73,1532
70,1530
75,1574
76,1614
73,1564
78,1669
70,1551
72,1548
74,1557
75,1638
78,1669
74,1554
68,1420
75,1650
74,1599
76,1591
78,1667
70,1535
70,1427
76,1603
78,1669
78,1681
78,1706
68,1455
77,1632
71,1529
76,1607
78,1673
65,1399
78,1672
74,1618
78,1672
78,1672
76,1629
78,1667
74,1606
77,1635
77,1629
78,1674
77,1631
78,1686
77,1684
66,1344
73,1604
63,1366
78,1712
73,1622
76,1687
78,1712
76,1607
78,1712
72,1526
69,1462
77,1685
73,1602
70,1492
#### generation 63
78,1655
78,1654
78,1659
75,1580
73,1606
74,1557
77,1641
78,1673
78,1667
78,1667
76,1624
69,1477
76,1621
77,1629
78,1656
74,1535
76,1655
69,1419
72,1556
78,1699
77,1633
77,1655
78,1667
71,1545
75,1601
78,1667
74,1618
78,1701
72,1573
78,1669
76,1598
75,1554
78,1698
70,1540
76,1600
73,1562
77,1644
70,1531
79,1730
78,1672
73,1535
71,1507
70,1432
64,1343
72,1538
75,1594
75,1614
77,1640
72,1513
71,1555
76,1612
78,1674
78,1719
78,1674
78,1674
75,1629
78,1672
76,1634
74,1544
78,1673
77,1646
76,1612
78,1674
75,1586
73,1530
78,1674
78,1681
77,1658
74,1570
71,1520
78,1702
71,1519
73,1578
#### generation 72
78,1717
71,1503
73,1562
76,1598
78,1655
74,1588
76,1599
78,1656
78,1659
76,1596
78,1667
74,1598
78,1669
72,1528
76,1603
67,1395
73,1559
76,1626
78,1667
77,1641
73,1557
76,1609
78,1669
76,1665
75,1586
73,1521
77,1639
74,1603
78,1678
70,1490
78,1667
#### generation 30
68,1415
74,1583
73,1550
79,1761
79,1730
77,1624
71,1517
76,1624
76,1632
77,1625
75,1585
75,1602
73,1526
75,1592
76,1663
78,1667
72,1573
75,1604
76,1602
72,1551
78,1667
77,1632
76,1593
69,1489
78,1667
78,1694
74,1550
69,1457
76,1623
72,1474
74,1559
72,1571
72,1537
78,1702
#### generation 33
67,1421
75,1569
75,1589
72,1510
78,1671
79,1726
74,1587
68,1494
72,1556
72,1556
73,1554
78,1655
78,1655
77,1621
78,1657
78,1658
78,1678
66,1372
73,1502
78,1659
77,1628
78,1667
72,1548
72,1589
76,1603
74,1551
76,1605
78,1675
72,1543
74,1620
71,1465
72,1510
75,1579
71,1525
78,1675
66,1414
69,1514
#### generation 36
75,1619
76,1606
72,1564
71,1468
78,1719
72,1521
78,1694
79,1730
78,1695
77,1649
72,1518
76,1673
71,1534
79,1761
77,1714
72,1529
77,1642
71,1485
73,1521
67,1459
76,1598
76,1595
73,1526
78,1655
78,1688
78,1656
68,1433
78,1658
78,1659
78,1659
78,1659
78,1667
74,1552
78,1667
69,1505
71,1461
65,1344
77,1622
78,1667
72,1611
69,1518
68,1534
#### generation 41
69,1470
72,1482
73,1552
78,1716
75,1557
73,1570
73,1523
78,1680
79,1717
71,1456
72,1483
70,1504
78,1706
75,1621
73,1540
78,1746
73,1574
76,1577
78,1655
74,1595
77,1642
73,1562
73,1540
68,1448
68,1494
76,1599
77,1624
76,1605
78,1656
75,1575
72,1589
74,1592
75,1573
77,1645
78,1657
70,1507
76,1605
78,1659
76,1618
66,1408
70,1506
#### generation 40
69,1401
78,1685
72,1571
77,1658
69,1448
74,1604
72,1557
71,1488
79,1730
69,1495
79,1731
78,1665
68,1414
74,1581
79,1728
79,1761
73,1534
77,1689
79,1761
72,1505
73,1499
78,1655
75,1571
76,1614
68,1407
77,1643
78,1655
70,1501
75,1591
79,1725
78,1656
73,1523
76,1641
72,1517
78,1657
66,1406
74,1653
77,1643
73,1559
78,1669
77,1643
74,1586
#### generation 41
79,1717
75,1574
76,1641
76,1653
72,1536
74,1624
73,1595
79,1731
76,1635
78,1683
76,1651
79,1728
75,1572
78,1717
69,1484
70,1452
79,1730
79,1730
79,1728
76,1613
72,1588
74,1541
74,1592
79,1730
75,1572
76,1651
72,1561
66,1361
73,1562
79,1761
77,1726
78,1703
78,1754
78,1711
77,1680
78,1713
79,1749
77,1715
79,1761
78,1723
79,1785
78,1654
78,1651
71,1496
70,1428
72,1487
69,1464
76,1600
78,1653
77,1616
69,1481
76,1600
73,1610
70,1527
74,1592
78,1668
68,1435
77,1648
#### generation 57
75,1563
71,1500
74,1532
71,1481
79,1725
73,1586
77,1658
74,1587
76,1633
79,1757
69,1470
79,1728
76,1647
73,1534
79,1728
77,1647
77,1667
79,1728
75,1704
76,1637
79,1723
79,1730
79,1704
72,1542
69,1405
75,1624
77,1678
71,1578
70,1454
77,1667
74,1566
77,1641
67,1352
79,1730
73,1568
73,1565
77,1648
78,1695
77,1680
77,1672
77,1635
79,1730
77,1722
70,1469
74,1590
70,1465
73,1535
71,1502
71,1509
74,1599
79,1759
78,1725
79,1761
79,1761
72,1606
69,1465
70,1503
72,1521
68,1463
76,1681
78,1738
79,1761
79,1735
70,1503
77,1700
67,1462
79,1785
73,1518
78,1706
71,1504
72,1489
75,1591
74,1561
#### generation 72
69,1479
75,1622
72,1512
79,1717
79,1719
77,1690
72,1516
79,1723
77,1660
70,1474
76,1617
75,1617
79,1725
77,1659
75,1633
79,1742
79,1748
77,1686
79,1717
71,1529
72,1545
77,1689
79,1724
71,1508
76,1632
78,1680
68,1428
73,1592
75,1586
74,1556
67,1414
79,1708
78,1694
74,1528
72,1530
79,1734
76,1617
79,1730
73,1514
67,1416
78,1708
79,1734
79,1730
78,1690
74,1557
76,1668
67,1347
78,1678
75,1620
77,1700
66,1378
69,1465
76,1683
69,1480
66,1426
79,1749
72,1543
78,1726
79,1761
#### generation 58
77,1645
78,1685
78,1673
70,1462
71,1488
79,1723
74,1645
69,1439
77,1650
76,1623
71,1524
70,1511
79,1717
79,1722
76,1616
73,1550
72,1573
69,1455
77,1660
78,1709
78,1703
75,1624
72,1495
77,1640
74,1567
75,1630
80,1728
79,1728
79,1719
76,1632
77,1667
76,1662
71,1483
79,1730
76,1639
77,1632
77,1642
75,1597
#### generation 37
73,1580
80,1732
70,1422
72,1498
80,1728
79,1710
75,1577
77,1645
68,1402
78,1714
79,1717
73,1550
71,1515
76,1594
77,1650
70,1505
68,1426
79,1725
75,1578
75,1582
71,1568
79,1725
75,1576
79,1723
77,1664
69,1538
67,1399
72,1541
79,1728
72,1510
75,1557
77,1663
79,1730
76,1615
#### generation 33
78,1673
75,1629
72,1525
78,1667
75,1645
72,1528
80,1732
69,1477
78,1684
74,1572
79,1717
77,1695
72,1575
79,1717
71,1504
78,1695
73,1555
69,1469
67,1441
76,1619
79,1723
77,1689
78,1689
78,1668
77,1641
79,1725
74,1578
78,1695
71,1521
72,1502
70,1434
71,1548
74,1548
72,1561
#### generation 33
74,1639
80,1728
68,1414
73,1589
72,1558
74,1578
73,1595
79,1675
80,1716
75,1604
78,1738
75,1616
74,1583
75,1579
78,1671
67,1394
76,1637
80,1732
77,1651
76,1617
78,1676
73,1577
76,1606
71,1498
76,1618
76,1602
66,1378
77,1660
78,1700
79,1719
76,1624
74,1599
78,1662
73,1514
70,1495
67,1394
77,1690
73,1534
75,1629
72,1619
74,1582
77,1651
78,1700
72,1559
#### generation 43
80,1716
71,1519
79,1702
78,1696
80,1728
75,1643
70,1472
74,1584
77,1685
79,1700
76,1630
80,1728
81,1790
68,1428
79,1683
77,1738
71,1512
70,1529
79,1692
78,1678
75,1580
76,1709
73,1603
75,1620
80,1717
78,1694
79,1708
79,1710
76,1608
72,1573
73,1546
71,1525
79,1717
79,1717
76,1595
75,1591
74,1548
73,1527
76,1648
78,1736
70,1493
66,1401
78,1692
79,1725
74,1572
74,1530
68,1479
#### generation 46
69,1503
79,1704
72,1512
71,1537
72,1513
77,1632
77,1612
77,1613
79,1710
67,1366
77,1647
80,1732
78,1703
80,1756
80,1728
75,1630
80,1720
72,1528
80,1734
80,1732
68,1420
74,1587
77,1653
79,1675
78,1673
74,1595
71,1510
76,1614
75,1598
73,1538
75,1587
75,1578
76,1650
73,1545
76,1618
78,1690
72,1531
64,1368
76,1654
77,1633
76,1662
#### generation 40
76,1661
74,1580
80,1778
70,1442
74,1545
77,1629
72,1506
78,1680
78,1692
78,1660
73,1650
75,1621
80,1720
75,1641
72,1516
73,1520
70,1505
78,1682
69,1560
71,1536
80,1728
78,1676
79,1720
79,1725
77,1618
74,1578
80,1732
80,1732
74,1565
80,1732
77,1694
69,1486
80,1732
79,1782
80,1734
73,1539
78,1687
78,1652
67,1466
78,1665
77,1643
73,1508
77,1661
74,1559
78,1697
73,1546
74,1542
67,1404
73,1506
#### generation 48
72,1509
78,1654
73,1563
74,1594
78,1664
71,1574
70,1471
75,1590
73,1554
73,1526
70,1506
78,1664
80,1722
79,1698
74,1639
68,1485
72,1538
78,1725
71,1463
71,1478
66,1429
80,1728
78,1669
79,1693
75,1580
80,1732
70,1558
69,1446
75,1596
80,1732
79,1684
70,1523
78,1656
80,1732
71,1535
75,1594
79,1697
66,1376
73,1577
73,1501
69,1437
71,1538
65,1349
80,1734
77,1672
80,1756
78,1689
80,1756
77,1661
64,1357
77,1709
78,1639
77,1620
78,1671
#### generation 53
80,1758
80,1754
67,1415
78,1697
67,1406
77,1651
79,1693
77,1634
73,1600
80,1728
78,1636
78,1719
80,1728
77,1642
80,1740
77,1645
74,1556
76,1611
68,1449
80,1740
74,1618
79,1711
73,1579
80,1732
73,1635
73,1542
80,1746
78,1683
75,1677
72,1475
80,1736
#### generation 30
80,1771
67,1437
76,1596
73,1616
80,1722
67,1410
66,1365
72,1557
74,1552
80,1742
78,1704
74,1583
69,1467
80,1728
72,1533
72,1551
74,1577
77,1716
73,1583
73,1512
80,1732
80,1732
80,1732
75,1562
77,1706
77,1681
74,1605
74,1576
79,1701
61,1273
#### generation 29
73,1558
79,1678
72,1529
80,1717
80,1720
75,1591
79,1710
78,1689
69,1469
63,1311
74,1554
81,1756
80,1728
75,1640
71,1463
80,1733
80,1728
74,1567
80,1728
77,1654
76,1617
76,1666
73,1597
80,1736
80,1738
80,1732
79,1703
77,1676
80,1732
70,1497
#### generation 29
81,1754
80,1732
76,1655
81,1796
75,1670
64,1356
77,1650
71,1499
70,1475
79,1702
65,1311
80,1722
74,1549
69,1508
80,1734
80,1726
64,1345
80,1728
74,1527
81,1800
72,1568
79,1719
74,1610
77,1645
68,1425
77,1683
73,1557
74,1587
79,1688
75,1643
74,1577
70,1484
#### generation 31
75,1593
79,1763
76,1660
80,1707
81,1758
81,1756
72,1520
81,1790
77,1660
72,1542
76,1626
82,1816
81,1778
81,1784
81,1811
76,1657
74,1612
80,1717
65,1367
79,1684
69,1425
80,1724
65,1354
67,1421
75,1642
72,1513
79,1699
78,1715
79,1729
76,1613
75,1619
74,1583
79,1707
80,1736
79,1684
72,1490
73,1556
79,1688
76,1618
76,1650
#### generation 39
71,1539
77,1678
81,1766
67,1409
66,1390
80,1738
81,1756
79,1709
70,1510
66,1411
80,1776
75,1584
71,1478
81,1784
74,1634
77,1699
77,1658
68,1462
71,1605
72,1532
75,1600
78,1722
73,1587
78,1744
78,1723
75,1551
65,1300
77,1627
71,1520
79,1668
80,1717
66,1354
79,1709
80,1720
80,1718
71,1492
77,1637
80,1724
74,1620
79,1688
75,1558
78,1688
77,1627
#### generation 42
73,1585
71,1572
69,1482
75,1593
78,1668
76,1682
81,1758
81,1758
80,1730
80,1772
75,1637
80,1772
76,1663
81,1784
77,1687
73,1581
78,1692
79,1766
81,1796
68,1441
75,1631
81,1800
81,1799
80,1783
73,1517
77,1627
75,1612
80,1717
70,1506
70,1478
73,1566
77,1658
74,1553
80,1720
72,1561
78,1695
70,1506
80,1722
77,1655
#### generation 38
82,1820
72,1626
78,1704
77,1632
74,1637
80,1720
81,1758
80,1753
81,1746
77,1626
76,1627
59,1204
78,1692
80,1774
81,1766
76,1602
79,1696
82,1828
72,1506
81,1784
81,1784
80,1755
81,1778
78,1691
77,1696
69,1388
69,1497
82,1806
80,1721
74,1594
80,1776
79,1762
81,1800
69,1454
73,1631
77,1685
79,1783
74,1594
80,1716
74,1576
73,1527
76,1604
81,1818
74,1540
71,1509
73,1527
#### generation 45
81,1783
80,1742
81,1774
82,1806
82,1820
81,1764
72,1546
79,1739
78,1680
73,1553
82,1812
80,1774
82,1822
81,1760
76,1636
79,1699
80,1723
81,1758
79,1685
81,1756
76,1599
78,1706
80,1742
80,1732
72,1498
79,1706
70,1512
72,1538
76,1658
78,1713
74,1612
78,1680
70,1457
78,1708
81,1790
79,1692
81,1796
77,1682
69,1440
79,1720
74,1572
66,1390
#### generation 41
77,1682
69,1453
82,1806
80,1727
82,1812
74,1591
73,1546
71,1467
82,1818
80,1750
76,1634
80,1696
72,1526
79,1741
69,1456
82,1828
82,1830
73,1570
81,1795
81,1746
73,1525
75,1582
80,1722
71,1433
79,1703
78,1692
71,1536
81,1758
74,1586
79,1729
81,1760
76,1640
63,1316
81,1766
72,1504
77,1677
74,1607
81,1777
75,1567
80,1739
80,1763
#### generation 40
80,1782
82,1802
74,1633
72,1541
78,1681
80,1737
81,1799
82,1806
72,1536
81,1766
76,1685
76,1682
72,1532
76,1684
80,1750
80,1774
81,1776
75,1647
74,1625
76,1681
82,1820
81,1830
71,1512
82,1822
81,1786
82,1803
81,1786
72,1518
70,1448
82,1828
81,1798
79,1764
78,1708
75,1587
72,1505
71,1548
72,1496
81,1754
74,1538
77,1624
69,1439
78,1687
74,1621
77,1670
72,1542
81,1752
74,1524
76,1677
67,1362
81,1760
80,1724
73,1579
#### generation 51
74,1576
80,1765
81,1784
81,1780
77,1659
80,1765
69,1458
77,1601
80,1753
82,1818
74,1625
80,1775
78,1689
72,1490
75,1606
70,1427
76,1616
71,1508
79,1688
79,1686
72,1544
80,1724
75,1671
80,1769
81,1806
82,1826
80,1728
77,1669
78,1719
81,1774
82,1818
70,1486
78,1700
70,1463
75,1605
82,1820
82,1820
73,1497
68,1448
81,1778
78,1731
76,1601
80,1775
77,1658
80,1784
66,1374
75,1663
78,1694
71,1485
77,1671
73,1528
74,1580
79,1658
82,1830
77,1658
81,1788
68,1418
79,1740
74,1595
75,1622
74,1617
80,1700
81,1756
80,1733
69,1510
79,1700
70,1451
75,1620
#### generation 67
81,1776
77,1678
75,1629
76,1618
70,1451
80,1749
78,1710
74,1600
64,1320
71,1518
82,1806
82,1806
74,1580
80,1759
75,1600
77,1666
76,1613
79,1710
75,1583
77,1652
71,1449
82,1798
81,1764
81,1820
82,1818
73,1559
66,1377
75,1625
68,1395
64,1319
70,1412
69,1472
82,1820
72,1546
77,1713
82,1832
75,1609
78,1679
82,1820
74,1582
73,1568
73,1508
78,1677
63,1303
82,1820
72,1521
82,1832
81,1795
76,1676
83,1827
74,1610
76,1645
81,1803
81,1797
65,1296
75,1666
81,1814
77,1715
71,1559
76,1664
80,1771
80,1738
78,1670
73,1533
81,1754
79,1710
#### generation 65
74,1587
72,1500
77,1659
79,1713
80,1754
77,1692
82,1806
75,1603
68,1432
79,1725
77,1609
74,1541
71,1504
78,1667
82,1816
79,1749
72,1537
76,1604
72,1499
74,1596
80,1746
72,1540
72,1511
78,1726
78,1667
76,1690
82,1820
82,1822
74,1596
82,1838
69,1471
75,1632
#### generation 31
72,1469
83,1827
64,1332
76,1608
81,1782
82,1814
62,1305
80,1767
76,1596
77,1671
82,1806
82,1806
82,1806
72,1537
73,1532
73,1559
67,1427
82,1818
82,1818
82,1822
75,1624
81,1786
81,1790
74,1586
81,1796
76,1626
79,1726
78,1690
82,1826
79,1739
73,1582
81,1804
#### generation 31
81,1749
74,1590
79,1731
77,1643
81,1747
77,1652
78,1650
82,1798
73,1553
67,1415
78,1717
82,1806
81,1810
76,1653
76,1632
80,1768
82,1806
82,1780
79,1700
79,1675
82,1819
81,1802
82,1814
75,1625
72,1542
79,1726
71,1509
74,1616
80,1773
82,1818
78,1667
80,1748
70,1482
77,1715
74,1593
#### generation 34
78,1701
81,1808
74,1554
76,1629
73,1551
71,1489
73,1551
79,1729
75,1649
82,1808
81,1802
73,1541
82,1808
67,1402
81,1766
73,1605
73,1518
69,1469
81,1768
78,1676
74,1585
76,1617
81,1789
74,1576
77,1693
77,1725
72,1557
72,1542
66,1375
75,1577
#### generation 29
83,1815
79,1695
78,1674
75,1649
82,1809
72,1513
83,1827
70,1431
82,1825
80,1724
82,1798
82,1798
77,1645
77,1708
82,1808
68,1445
82,1806
76,1647
78,1717
69,1456
71,1464
81,1788
82,1806
81,1802
70,1526
76,1623
82,1808
75,1611
69,1492
78,1660
78,1726
82,1804
74,1627
79,1738
69,1438
81,1782
81,1780
#### generation 36
80,1766
82,1809
69,1440
82,1791
83,1827
83,1827
82,1837
82,1787
82,1804
83,1827
65,1329
74,1571
72,1522
82,1814
81,1750
79,1683
79,1741
75,1614
75,1622
69,1455
78,1702
82,1802
73,1551
82,1815
81,1762
74,1597
70,1519
75,1577
76,1624
77,1680
70,1519
73,1538
75,1581
72,1515
80,1767
74,1635
76,1644
82,1806
#### generation 37
80,1750
78,1723
81,1728
68,1368
80,1772
77,1639
82,1770
78,1676
80,1724
74,1531
76,1651
73,1533
83,1827
79,1715
79,1733
78,1689
66,1332
80,1705
80,1787
73,1587
72,1587
82,1780
78,1689
73,1594
80,1731
78,1686
77,1669
79,1717
73,1584
74,1571
70,1449
77,1658
80,1776
80,1747
71,1540
74,1535
79,1701
72,1497
77,1656
75,1592
79,1715
76,1643
72,1558
82,1808
#### generation 43
69,1493
67,1384
83,1829
66,1352
81,1770
76,1632
79,1715
73,1570
79,1724
83,1827
78,1698
69,1508
73,1521
77,1667
81,1770
79,1714
83,1827
78,1635
70,1441
70,1462
78,1721
79,1696
70,1489
82,1789
82,1800
72,1476
68,1460
71,1502
72,1446
78,1716
77,1653
71,1496
67,1409
71,1454
78,1693
70,1441
69,1449
73,1601
82,1802
71,1534
72,1597
76,1637
74,1530
72,1572
71,1472
77,1631
81,1781
82,1808
82,1806
71,1514
#### generation 49
73,1509
71,1475
70,1460
80,1723
68,1401
83,1827
82,1799
81,1753
81,1822
79,1716
80,1744
65,1439
82,1789
78,1661
82,1770
73,1648
83,1825
82,1800
80,1758
83,1827
82,1789
72,1545
75,1543
78,1652
81,1780
77,1682
80,1738
79,1691
72,1483
67,1416
70,1536
75,1566
81,1805
72,1540
83,1829
78,1736
71,1507
73,1512
81,1752
75,1613
72,1502
80,1750
75,1621
77,1679
78,1660
78,1681
72,1537
70,1420
64,1320
78,1722
82,1798
72,1522
82,1804
80,1761
82,1806
70,1501
#### generation 55
74,1610
74,1574
76,1662
73,1549
71,1459
80,1792
79,1688
80,1722
79,1744
81,1812
81,1780
74,1574
72,1506
74,1573
78,1720
83,1825
83,1821
82,1787
82,1768
75,1655
79,1673
72,1523
82,1789
80,1708
75,1616
77,1702
79,1673
69,1371
70,1461
65,1409
80,1777
82,1824
72,1516
83,1831
83,1827
83,1827
75,1625
82,1809
82,1795
69,1405
69,1420
68,1459
83,1838
83,1827
76,1610
69,1437
83,1827
73,1610
68,1412
77,1644
72,1519
75,1601
77,1619
79,1705
79,1714
82,1776
74,1542
75,1525
81,1748
75,1596
81,1787
81,1758
78,1686
82,1798
81,1754
73,1521
66,1330
#### generation 66
69,1447
76,1597
72,1495
66,1348
80,1737
76,1666
77,1654
66,1369
75,1533
81,1789
74,1568
81,1768
83,1823
77,1626
79,1705
74,1571
78,1681
74,1639
82,1795
78,1684
81,1761
70,1514
82,1789
80,1759
65,1360
78,1617
70,1527
75,1602
70,1467
78,1733
81,1798
79,1686
83,1846
83,1827
72,1486
76,1622
75,1538
72,1470
72,1479
71,1439
74,1617
76,1601
74,1559
84,1870
73,1564
72,1533
83,1827
71,1509
83,1827
71,1482
74,1554
80,1728
71,1494
72,1518
71,1544
79,1696
83,1827
83,1829
81,1806
78,1716
76,1664
79,1743
77,1629
75,1603
76,1645
76,1621
83,1838
80,1744
80,1739
82,1774
77,1624
70,1431
67,1418
72,1529
82,1792
74,1511
#### generation 75
78,1694
66,1363
81,1792
74,1583
80,1731
82,1803
83,1823
80,1743
70,1416
74,1531
72,1492
76,1664
77,1691
67,1445
73,1577
79,1703
76,1688
74,1528
66,1414
81,1781
81,1792
71,1493
81,1747
76,1621
80,1734
76,1629
80,1733
82,1791
75,1549
75,1635
77,1598
79,1722
80,1755
#### generation 32
82,1824
77,1660
80,1780
72,1495
67,1394
74,1610
70,1436
81,1780
79,1740
77,1691
83,1827
75,1595
83,1827
80,1764
80,1770
73,1567
70,1455
80,1773
78,1690
72,1526
83,1817
72,1482
79,1738
75,1642
80,1735
77,1622
81,1758
83,1827
79,1721
81,1779
82,1823
70,1535
80,1789
#### generation 32
77,1650
84,1868
70,1427
68,1402
79,1725
82,1799
75,1624
81,1810
76,1618
80,1789
83,1829
79,1742
71,1439
82,1825
80,1750
73,1499
82,1821
77,1658
82,1834
82,1808
77,1667
81,1764
81,1770
83,1827
77,1605
82,1813
77,1671
77,1651
75,1600
69,1425
76,1605
75,1585
82,1807
#### generation 32
72,1580
75,1607
77,1644
77,1670
81,1750
72,1472
81,1766
63,1275
79,1689
77,1661
72,1568
77,1677
77,1658
73,1495
78,1666
75,1566
79,1721
83,1837
83,1827
78,1744
81,1764
73,1513
73,1533
82,1768
81,1782
81,1749
79,1691
82,1807
71,1500
82,1783
81,1751
70,1400
83,1827
80,1720
72,1517
68,1395
#### generation 35
84,1868
78,1614
71,1431
78,1709
80,1741
81,1772
77,1659
81,1777
82,1807
79,1729
67,1403
74,1633
79,1738
80,1739
75,1625
82,1821
74,1570
76,1573
74,1555
82,1812
76,1644
74,1597
70,1388
72,1543
79,1701
83,1833
66,1373
62,1286
78,1650
71,1461
72,1576
83,1827
83,1827
#### generation 32
73,1535
82,1784
84,1868
75,1607
83,1836
75,1575
76,1585
75,1631
80,1761
81,1731
74,1496
83,1825
74,1633
69,1449
81,1779
69,1399
83,1827
83,1827
76,1653
82,1787
83,1827
78,1719
66,1358
80,1775
83,1827
76,1611
72,1459
81,1781
63,1285
80,1721
83,1827
84,1867
80,1764
73,1580
74,1598
67,1393
#### generation 35
77,1661
75,1651
81,1770
82,1776
80,1747
80,1736
72,1519
73,1518
83,1827
80,1716
84,1870
81,1792
75,1593
74,1538
83,1811
79,1711
75,1588
80,1732
73,1511
83,1825
79,1706
79,1686
77,1664
77,1669
83,1827
70,1440
74,1592
75,1602
83,1827
79,1727
77,1603
82,1809
82,1805
79,1690
71,1513
73,1535
71,1477
80,1709
#### generation 37
79,1744
80,1730
80,1790
78,1684
68,1415
77,1676
76,1629
83,1841
74,1542
84,1868
80,1760
79,1707
84,1870
84,1868
77,1692
84,1868
84,1874
81,1789
76,1624
84,1868
78,1713
71,1449
71,1474
71,1506
82,1825
83,1823
81,1768
77,1685
73,1570
78,1668
83,1851
76,1601
77,1684
81,1771
79,1670
75,1584
76,1620
68,1356
80,1745
82,1801
69,1484
83,1827
83,1827
80,1733
80,1733
#### generation 44
78,1688
72,1538
79,1701
82,1810
79,1695
75,1605
68,1363
80,1744
81,1787
80,1791
84,1870
84,1868
84,1868
69,1430
81,1790
81,1783
75,1540
79,1708
75,1618
72,1489
84,1868
81,1793
79,1693
74,1547
69,1426
65,1333
83,1846
84,1870
73,1579
82,1833
75,1652
79,1717
74,1512
69,1487
83,1817
77,1679
72,1558
79,1745
79,1701
82,1814
79,1735
83,1825
81,1784
80,1725
75,1555
77,1703
77,1665
81,1729
65,1301
72,1513
#### generation 49
82,1834
84,1867
84,1867
84,1867
78,1671
84,1884
79,1703
71,1420
84,1868
75,1613
83,1839
84,1868
77,1621
79,1722
78,1689
82,1817
83,1844
77,1649
80,1780
66,1336
84,1872
81,1764
72,1519
84,1872
81,1775
80,1743
77,1676
81,1786
84,1870
73,1502
74,1625
84,1868
78,1688
66,1340
68,1373
82,1822
75,1558
73,1518
83,1836
77,1722
74,1575
73,1511
82,1821
77,1645
78,1691
84,1878
71,1460
79,1687
71,1445
81,1791
74,1515
83,1823
78,1739
71,1544
81,1810
83,1825
80,1756
81,1781
83,1825
#### generation 58
72,1490
82,1795
79,1727
76,1667
74,1526
71,1492
70,1457
82,1791
78,1699
78,1698
64,1282
74,1589
76,1636
72,1510
78,1661
77,1682
78,1694
78,1661
71,1495
84,1868
74,1549
81,1787
67,1379
69,1466
81,1783
78,1677
82,1821
76,1660
69,1431
81,1790
74,1552
74,1535
73,1584
81,1768
80,1759
84,1872
73,1527
80,1770
84,1868
84,1868
78,1669
76,1648
83,1842
71,1536
78,1677
81,1803
83,1867
83,1834
74,1514
84,1876
80,1798
80,1763
75,1678
79,1709
84,1870
84,1870
77,1692
75,1595
81,1772
80,1746
78,1731
69,1413
75,1613
67,1419
84,1874
84,1870
79,1711
84,1872
77,1664
77,1634
75,1631
77,1663
76,1628
84,1876
68,1376
69,1426
76,1602
70,1440
72,1475
78,1735
75,1574
#### generation 80
81,1770
81,1755
79,1723
84,1867
76,1620
79,1748
84,1865
79,1709
83,1844
78,1664
84,1873
72,1519
72,1504
84,1868
75,1587
79,1689
84,1876
76,1711
84,1868
75,1571
66,1360
77,1691
75,1571
83,1860
72,1598
76,1659
66,1378
73,1533
75,1611
84,1868
76,1605
78,1693
81,1741
73,1586
84,1866
84,1874
70,1398
82,1779
67,1393
78,1677
74,1620
75,1571
82,1823
75,1583
83,1815
83,1836
84,1866
83,1844
81,1741
84,1868
70,1492
70,1453
83,1836
79,1716
64,1269
84,1870
73,1516
73,1545
81,1778
83,1870
82,1823
83,1858
71,1504
81,1760
#### generation 63
76,1685
82,1847
65,1366
84,1865
83,1854
77,1662
78,1692
80,1709
79,1721
82,1804
80,1735
60,1191
76,1658
78,1715
79,1729
75,1637
72,1539
82,1780
78,1733
70,1498
79,1705
79,1697
81,1775
73,1555
69,1472
84,1874
78,1677
84,1868
82,1822
79,1701
72,1518
84,1880
83,1850
67,1368
84,1868
73,1531
75,1614
84,1868
73,1580
80,1749
69,1520
76,1594
72,1539
71,1440
74,1560
83,1809
84,1870
82,1788
70,1490
80,1749
#### generation 49
77,1738
68,1461
83,1819
70,1410
69,1468
84,1866
77,1671
74,1504
77,1676
72,1553
73,1611
72,1571
72,1586
81,1792
70,1489
71,1526
78,1733
84,1868
76,1634
77,1639
74,1567
71,1450
79,1656
71,1452
74,1580
82,1817
83,1850
83,1848
65,1309
81,1762
66,1345
79,1700
76,1668
69,1463
72,1520
82,1800
83,1841
#### generation 36
83,1814
84,1865
82,1810
69,1531
69,1485
70,1479
73,1500
78,1688
79,1710
68,1408
82,1811
82,1829
72,1476
83,1853
82,1783
84,1870
76,1651
71,1448
84,1867
78,1708
78,1691
64,1338
73,1576
82,1824
82,1813
84,1868
83,1844
74,1507
84,1868
82,1798
79,1728
80,1691
79,1702
84,1868
70,1475
70,1494
81,1807
81,1791
84,1870
78,1701
72,1513
#### generation 40
82,1843
77,1666
70,1481
70,1489
76,1660
79,1746
72,1555
69,1486
75,1630
79,1752
77,1711
82,1839
78,1720
81,1785
75,1618
82,1805
73,1567
84,1866
78,1665
77,1587
76,1565
72,1474
77,1676
77,1685
76,1639
72,1568
84,1865
72,1497
78,1699
70,1494
65,1330
80,1746
80,1741
84,1868
79,1702
70,1494
84,1868
78,1681
84,1868
78,1701
83,1832
83,1862
74,1604
71,1481
74,1608
80,1741
78,1718
#### generation 46
74,1543
76,1639
78,1711
78,1680
71,1529
78,1698
84,1865
75,1600
79,1718
84,1865
73,1519
75,1627
79,1730
74,1555
80,1754
82,1787
74,1628
74,1590
69,1388
74,1594
82,1821
78,1702
79,1717
84,1867
74,1580
84,1867
83,1831
71,1476
76,1648
72,1489
84,1870
80,1766
73,1576
72,1497
72,1494
84,1878
75,1591
84,1868
75,1568
83,1843
78,1673
79,1765
84,1868
74,1542
#### generation 43
84,1865
78,1664
82,1823
83,1847
78,1703
77,1679
77,1647
75,1651
79,1730
74,1598
74,1562
75,1670
77,1681
77,1670
74,1549
72,1470
81,1790
82,1817
79,1686
76,1636
83,1862
81,1737
80,1714
68,1419
68,1382
73,1587
81,1762
79,1698
84,1867
82,1825
81,1822
75,1632
82,1815
82,1819
79,1713
68,1426
74,1534
79,1673
72,1556
84,1868
72,1544
70,1471
84,1868
#### generation 42
73,1554
81,1774
84,1865
64,1357
75,1617
71,1537
82,1818
81,1772
84,1865
78,1680
69,1459
70,1556
83,1847
69,1428
71,1517
71,1492
67,1473
77,1646
73,1507
78,1741
82,1828
77,1722
72,1555
72,1569
77,1578
69,1473
84,1870
77,1709
78,1688
78,1685
78,1687
78,1678
82,1815
72,1473
78,1691
68,1446
67,1385
69,1442
75,1622
72,1497
82,1814
76,1689
81,1785
78,1680
76,1625
77,1664
76,1629
73,1547
74,1600
78,1677
81,1758
62,1258
#### generation 51
72,1612
68,1395
81,1761
82,1814
71,1545
75,1558
84,1867
70,1465
81,1757
81,1783
83,1819
81,1787
70,1540
80,1750
81,1812
84,1865
84,1865
79,1756
84,1865
78,1711
74,1579
78,1671
72,1531
79,1717
81,1775
75,1556
77,1658
78,1641
72,1539
66,1383
77,1634
74,1567
84,1866
78,1692
81,1784
77,1619
79,1741
79,1734
74,1582
82,1807
79,1661
82,1821
84,1868
83,1868
81,1739
75,1669
81,1789
69,1417
74,1596
73,1531
#### generation 49
82,1826
84,1865
72,1539
75,1608
80,1713
74,1609
84,1865
81,1766
70,1458
81,1753
79,1720
75,1600
84,1865
84,1865
81,1772
84,1865
81,1759
84,1865
79,1755
79,1741
75,1530
84,1865
84,1871
79,1731
78,1671
69,1569
78,1674
77,1666
79,1755
75,1604
79,1734
78,1682
83,1829
71,1452
82,1781
84,1865
80,1768
84,1865
78,1652
84,1866
68,1393
80,1741
67,1391
74,1557
79,1720
77,1668
80,1766
72,1603
83,1850
84,1862
79,1724
68,1447
82,1801
78,1663
84,1867
64,1359
77,1651
72,1547
74,1561
77,1669
83,1854
84,1868
75,1662
#### generation 62
67,1370
74,1570
73,1564
81,1737
71,1488
76,1602
84,1865
81,1781
72,1563
76,1631
79,1675
69,1441
70,1462
82,1819
78,1643
79,1742
83,1854
82,1847
71,1527
70,1467
82,1820
84,1865
63,1282
82,1819
84,1865
74,1564
76,1641
72,1518
82,1821
82,1819
79,1706
81,1772
75,1628
79,1721
75,1597
67,1394
79,1724
83,1848
77,1635
80,1748
#### generation 39
80,1774
75,1607
82,1831
72,1552
83,1825
70,1476
77,1628
81,1757
73,1538
78,1748
79,1750
82,1857
71,1543
75,1616
69,1487
67,1431
69,1390
84,1865
73,1564
71,1520
84,1863
82,1811
82,1805
77,1635
76,1651
78,1736
74,1546
74,1545
84,1866
71,1518
84,1866
73,1538
#### generation 31
74,1594
84,1872
78,1711
83,1832
72,1492
78,1750
69,1415
75,1585
80,1740
83,1852
83,1840
77,1711
84,1863
83,1839
77,1714
75,1610
84,1865
73,1619
80,1750
80,1803
65,1364
80,1767
80,1746
81,1806
76,1631
79,1729
81,1759
84,1867
79,1754
78,1681
73,1514
69,1481
80,1721
81,1782
83,1830
66,1348
#### generation 35
83,1826
70,1484
84,1863
76,1625
72,1476
79,1710
74,1658
72,1576
74,1602
75,1660
81,1816
75,1619
84,1865
84,1865
77,1666
73,1635
75,1605
78,1685
81,1762
77,1672
73,1579
81,1789
76,1612
75,1634
80,1730
78,1697
78,1714
80,1743
73,1608
78,1700
80,1741
84,1865
84,1873
84,1878
#### generation 33
