,gen,i,max,max_el,max_pop,mean,mean_el,mean_pop,min,min_el,min_pop,ppa
0,0,0,67.8599,67.8599,67.8599,61.03566333333334,61.03566333333333,61.03566333333333,52.8723,52.8723,52.8723,2
1,1,30,68.8549,68.8549,68.8549,61.995325714285705,65.32536333333333,61.707426999999996,54.872,63.8568,52.8723,2
2,2,100,69.8548,69.8548,69.8548,64.94695869565217,67.52236333333333,65.0963289473684,57.8787,65.8578,57.8787,2
3,3,146,69.8548,69.8548,69.8548,65.80127,68.58790333333333,66.31759799999998,57.8772,67.8537,57.8772,2
4,4,216,70.8532,70.8532,70.8532,66.60053148148147,69.25420333333336,67.31030714285714,56.8809,68.8511,56.8809,2
5,5,270,70.853,70.8532,70.8532,66.36191200000002,69.62088666666666,67.44652125,58.8777,68.8549,58.8777,2
6,6,320,70.8532,70.8532,70.8532,66.48193800000003,70.15336666666667,67.65904375,59.8775,69.849,59.8775,2
7,7,370,71.8487,71.8487,71.8487,67.6771490909091,70.51980666666668,68.55110823529411,57.8793,69.8548,57.8793,2
8,8,425,70.8524,71.8487,71.8487,66.67016923076925,70.62003666666668,68.07857317073173,59.8772,69.8563,59.8772,2
9,9,477,71.8487,71.8487,71.8487,67.02531917808219,70.9181466666667,68.07232427184465,57.8903,70.8506,57.8903,2
10,10,550,71.8487,71.8487,71.8487,66.64134878048782,70.98467666666669,68.44844647887325,58.8786,70.8512,58.8786,2
11,11,591,71.8509,71.8509,71.8509,66.90534000000001,71.21736333333334,68.53707466666665,59.8708,70.8512,59.8708,2
12,12,636,72.8473,72.8473,72.8473,68.0641,71.74872666666666,69.13907613636364,58.8832,70.8532,58.8832,2
13,13,694,72.8473,72.8473,72.8473,67.29463709677421,71.91461666666667,68.74705760869564,58.8783,71.8443,58.8783,2
14,14,756,72.8457,72.8473,72.8473,66.96918108108109,71.94850333333333,69.18355522388062,61.8727,71.8452,61.8727,2
15,15,793,72.8459,72.8473,72.8473,66.10606216216217,71.982,68.72208059701491,58.8824,71.8487,58.8824,2
16,16,830,72.8475,72.8475,72.8475,67.11594186046514,72.1149,69.11569178082192,60.8711,71.8487,60.8711,2
17,17,873,72.8475,72.8475,72.8475,67.95011395348837,72.31426666666668,69.66166986301369,58.8813,71.8487,58.8813,2
18,18,916,72.8486,72.8486,72.8486,69.25409999999998,72.81235999999997,70.12843333333329,61.8656,71.8516,61.8656,2
19,19,991,72.8475,72.8486,72.8486,69.64194146341462,72.84640000000003,70.26359215686273,61.870400000000004,72.8455,61.870400000000004,2
20,20,1114,72.8474,72.8486,72.8486,68.38977872340425,72.84672666666665,70.12612467532469,59.8812,72.8457,59.8812,2
21,21,1161,72.8486,72.8486,72.8486,68.07204821428572,72.84715333333332,69.73763372093025,61.8686,72.8461,61.8686,2
22,22,1217,72.8477,72.8486,72.8486,68.05409090909093,72.84738999999996,69.55192291666664,61.8677,72.8465,61.8677,2
23,23,1283,72.8486,72.8486,72.8486,68.34010862068966,72.84765666666668,69.8766818181818,60.8745,72.8473,60.8745,2
24,24,1341,72.8486,72.8486,72.8486,67.74804722222224,72.84783000000006,70.06605151515153,60.8714,72.8474,60.8714,2
25,25,1377,72.8486,72.8486,72.8486,68.14643269230771,72.84813333333335,69.86645609756096,59.8803,72.8475,59.8803,2
26,26,1429,72.8486,72.8486,72.8486,68.28835384615384,72.84844,69.7282842105263,60.8797,72.8477,60.8797,2
27,27,1494,72.849,72.849,72.849,69.00418395061727,72.84862000000001,70.04317207207207,60.8775,72.8486,60.8775,2
28,28,1575,72.8488,72.849,72.849,67.22360303030304,72.84862666666668,69.90218253968254,61.8717,72.8486,61.8717,2
29,29,1608,72.8486,72.849,72.849,66.2233222222222,72.84862666666668,69.23482424242424,58.8826,72.8486,58.8826,2
30,30,1644,72.849,72.849,72.849,66.62469473684209,72.84864666666667,69.37054705882352,60.8798,72.8486,60.8798,2
31,31,1682,72.849,72.849,72.849,67.74812222222221,72.84870666666667,70.0665424242424,53.8986,72.8486,53.8986,2
32,32,1718,72.8496,72.8496,72.8496,68.19742830188676,72.84880666666668,69.87861325301202,60.873,72.8486,60.873,2
33,33,1771,72.8496,72.8496,72.8496,67.33603571428571,72.84888000000001,69.63302361111113,60.8768,72.8486,60.8768,2
34,34,1813,72.8496,72.8496,72.8496,66.59263414634145,72.84895333333333,69.23611830985915,60.8769,72.8486,60.8769,2
35,35,1854,72.8494,72.8496,72.8496,68.16968888888889,72.84902666666663,70.04139466666665,59.8764,72.8486,59.8764,2
36,36,1899,72.8496,72.8496,72.8496,68.00604999999999,72.84912,69.73568452380952,61.8678,72.8488,61.8678,2
37,37,1953,72.8498,72.8498,72.8498,68.50766333333335,72.84924,69.95481555555554,58.8799,72.849,58.8799,2
38,38,2013,72.85,72.85,72.85,68.79597538461539,72.84946000000001,70.07595368421053,61.8686,72.849,61.8686,2
39,39,2078,72.85,72.85,72.85,67.93495000000001,72.84965333333335,69.470734375,54.8898,72.8494,54.8898,2
40,40,2144,72.8502,72.8502,72.8502,68.0475358490566,72.84973999999998,69.7832409638554,57.8825,72.8496,57.8825,2
41,41,2197,72.8502,72.8502,72.8502,68.70155000000001,72.84989333333333,70.02544042553191,59.8765,72.8496,59.8765,2
42,42,2261,72.8502,72.8502,72.8502,68.76138554216867,72.85004666666663,69.84683008849554,59.8744,72.85,59.8744,2
43,43,2344,72.8502,72.8502,72.8502,68.57794200000001,72.85007999999995,70.17998124999994,58.8744,72.85,58.8744,2
44,44,2394,72.8502,72.8502,72.8502,69.12706486486485,72.85017333333334,70.20101153846153,59.8796,72.85,59.8796,2
45,45,2468,72.8504,72.8504,72.8504,69.7825155963303,72.85022000000002,70.44459999999998,60.875,72.8502,60.875,2
46,46,2577,72.8486,72.8504,72.8504,66.24066216216215,72.85022000000002,69.20016567164178,58.8791,72.8502,58.8791,2
47,47,2614,72.8508,72.8508,72.8508,67.2360275,72.85026000000002,69.64211,60.8714,72.8502,60.8714,2
48,48,2654,72.8504,72.8508,72.8508,66.89191875,72.85026666666668,69.77498709677418,59.879,72.8502,59.879,2
49,49,2686,72.8508,72.8508,72.8508,67.46552631578946,72.8502866666667,69.84114705882354,61.8699,72.8502,61.8699,2
50,50,2724,72.8508,72.8508,72.8508,67.45550000000001,72.85033333333337,69.87107611940297,56.8844,72.8502,56.8844,2
51,51,2761,72.8508,72.8508,72.8508,67.4910695652174,72.85047333333337,69.60656842105261,59.8793,72.8502,59.8793,2
52,52,2807,72.8508,72.8508,72.8508,69.03521643835619,72.85065333333334,70.14645631067958,58.8743,72.8502,58.8743,2
53,53,2880,72.8508,72.8508,72.8508,68.83454022988508,72.85079999999999,69.86431282051281,60.8711,72.8508,60.8711,2
54,54,2967,72.851,72.851,72.851,67.8126515625,72.85080666666666,69.42057127659571,61.8674,72.8508,61.8674,2
55,55,3031,72.851,72.851,72.851,67.36009375,72.85081333333332,70.01689032258065,62.8673,72.8508,62.8673,2
56,56,3063,72.851,72.851,72.851,65.92105142857143,72.85081999999998,69.11940307692308,56.8849,72.8508,56.8849,2
57,57,3098,72.851,72.851,72.851,67.99074210526317,72.85083333333333,70.13489411764706,60.8761,72.8508,60.8761,2
58,58,3136,72.851,72.851,72.851,67.20212954545455,72.85085333333332,69.49214459459459,58.8853,72.8508,58.8853,2
59,59,3180,72.851,72.851,72.851,68.43850399999998,72.8508933333333,70.09313500000002,60.8779,72.8508,60.8779,2
60,60,3230,72.851,72.851,72.851,69.42638333333333,72.85095333333335,70.43359215686277,59.8798,72.8508,59.8798,2
61,61,3302,72.851,72.851,72.851,69.66018762886598,72.85100000000006,70.41391181102364,60.8806,72.851,60.8806,2
62,62,3399,73.8485,73.8485,73.8485,68.38367796610169,72.91740000000006,69.8895168539326,61.8753,72.851,61.8753,2
63,63,3458,73.8485,73.8485,73.8485,68.25918499999999,72.98390000000005,70.25556285714288,58.8794,72.851,58.8794,2
64,64,3498,73.8485,73.8485,73.8485,68.83402619047621,73.14990666666672,70.5631402777778,57.8794,72.851,57.8794,2
65,65,3540,74.8418,74.8418,74.8418,69.20881296296295,73.44854333333339,70.61634642857149,59.8703,72.851,59.8703,2
66,66,3594,74.8414,74.8418,74.8418,67.63560204081634,73.74697333333334,69.84304810126581,57.8837,72.851,57.8837,2
67,67,3643,74.8418,74.8418,74.8418,68.81590277777775,74.17833666666668,70.26621764705884,59.883,73.8452,59.883,2
68,68,3715,75.8381,75.8381,75.8381,69.15733207547166,74.41087333333334,70.9721530120482,60.8765,73.846,60.8765,2
69,69,3768,75.8383,75.8383,75.8383,68.74130192307692,74.64285333333335,70.81553536585369,58.8793,73.8485,58.8793,2
70,70,3820,75.8383,75.8383,75.8383,70.13209852941173,75.10687666666664,71.51294183673465,57.8871,74.8392,57.8871,2
71,71,3888,75.8395,75.8395,75.8395,70.22728124999999,75.27336333333331,72.10404871794871,63.8666,74.841,63.8666,2
72,72,3936,75.8387,75.8395,75.8395,71.41333846153846,75.83815999999997,72.48556759259257,59.8718,75.8367,59.8718,2
73,73,4014,75.8395,75.8395,75.8395,71.13853636363638,75.83832666666665,72.60716874999996,59.874,75.8381,59.874,2
74,74,4080,74.8414,75.8395,75.8395,67.54303684210525,75.83832666666665,71.20272352941173,60.8718,75.8381,60.8718,2
75,75,4118,75.8397,75.8397,75.8397,69.55652972972975,75.83845999999996,72.36927462686562,60.8753,75.8381,60.8753,2
76,76,4155,75.8395,75.8397,75.8397,69.43293421052631,75.83859333333329,72.25890147058821,59.8826,75.8381,59.8826,2
77,77,4193,75.8397,75.8397,75.8397,70.63650923076924,75.83891333333331,72.27927263157892,57.8803,75.8381,57.8803,2
78,78,4258,75.8397,75.8397,75.8397,71.06307272727271,75.83920666666668,72.55552291666665,61.8695,75.8383,61.8695,2
79,79,4324,75.8403,75.8403,75.8403,71.77706306306303,75.83954666666669,72.6413489361702,60.8777,75.8393,60.8777,2
80,80,4435,75.8397,75.8403,75.8403,69.47310882352943,75.83957333333336,72.45737656250002,61.8823,75.8395,61.8823,2
81,81,4469,75.8431,75.8431,75.8431,68.43842903225807,75.83972666666668,72.07833606557377,59.8827,75.8395,59.8827,2
82,82,4500,75.8425,75.8431,75.8431,68.76285000000001,75.8398266666667,72.18714516129032,59.8756,75.8395,59.8756,2
83,83,4532,75.8431,75.8431,75.8431,68.0898435897436,75.83994666666669,71.45940144927539,60.8731,75.8395,60.8731,2
84,84,4571,75.8431,75.8431,75.8431,69.75739268292682,75.84073333333335,72.32748591549296,61.8774,75.8395,61.8774,2
85,85,4612,75.8431,75.8431,75.8431,70.37152833333334,75.84184666666667,72.19459666666665,61.873,75.8395,61.873,2
86,86,4672,75.8435,75.8435,75.8435,72.01039999999999,75.84287333333334,72.98449661016949,60.878,75.8425,60.878,2
87,87,4760,75.8435,75.8435,75.8435,70.04292711864407,75.84297333333335,71.99796516853932,58.8809,75.8425,58.8809,2
88,88,4819,75.8435,75.8435,75.8435,71.28679253731343,75.84312000000004,72.69592061855668,61.8771,75.8427,61.8771,2
89,89,4886,75.8435,75.8435,75.8435,70.44623333333334,75.84321333333337,72.13276041666664,60.876,75.8431,60.876,2
90,90,4952,75.8441,75.8441,75.8441,71.52941846153846,75.84329333333335,72.89166947368422,56.8912,75.8431,56.8912,2
91,91,5017,75.8441,75.8441,75.8441,69.5960976190476,75.84342,72.19909583333336,61.8743,75.8431,61.8743,2
92,92,5059,75.8441,75.8441,75.8441,70.67252500000001,75.84351333333332,72.76883378378376,62.8761,75.8431,62.8761,2
93,93,5103,75.8441,75.8441,75.8441,70.98108253968253,75.84374333333332,72.54960860215056,60.877,75.8433,60.877,2
94,94,5166,75.8441,75.8441,75.8441,72.69677051282052,75.84403333333334,73.57092962962965,64.8695,75.8439,64.8695,2
95,95,5244,75.8441,75.8441,75.8441,72.47020952380952,75.8441,73.35805789473679,62.8702,75.8441,62.8702,2
96,96,5328,75.8441,75.8441,75.8441,69.77276440677966,75.8441,71.81928202247191,61.8782,75.8441,61.8782,2
97,97,5387,75.8441,75.8441,75.8441,69.26862435897435,75.8441,71.09514537037035,60.8796,75.8441,60.8796,2
98,98,5465,75.8441,75.8441,75.8441,70.17555217391303,75.8441,71.89329393939393,61.877,75.8441,61.877,2
99,99,5534,75.8441,75.8441,75.8441,70.14220142857143,75.8441,71.85277099999996,58.8796,75.8441,58.8796,2
100,100,5604,75.8441,75.8441,75.8441,70.05099701492536,75.8441,71.84267835051546,60.8818,75.8441,60.8818,2
101,101,5671,75.8441,75.8441,75.8441,69.91423857142857,75.8441,71.69319699999997,56.8846,75.8441,56.8846,2
102,102,5741,75.8441,75.8441,75.8441,69.79939710144927,75.8441,71.63112525252524,60.8771,75.8441,60.8771,2
103,103,5810,75.8441,75.8441,75.8441,70.34030967741934,75.8441,72.13502391304345,61.8712,75.8441,61.8712,2
104,104,5872,75.8441,75.8441,75.8441,70.57834153846153,75.8441,72.24121263157893,59.8838,75.8441,59.8838,2
105,105,5937,75.8441,75.8441,75.8441,70.04025774647889,75.8441,71.76417128712869,62.8758,75.8441,62.8758,2
106,106,6008,75.8441,75.8441,75.8441,70.50275294117645,75.8441,72.13785918367347,60.8747,75.8441,60.8747,2
107,107,6076,75.8441,75.8441,75.8441,70.20745810810813,75.8441,71.83341249999997,61.8717,75.8441,61.8717,2
108,108,6150,75.8441,75.8441,75.8441,69.9146347826087,75.8441,71.71144242424243,58.8842,75.8441,58.8842,2
109,109,6219,75.8441,75.8441,75.8441,70.29347499999997,75.8441,72.06495106382974,60.879,75.8441,60.879,2
110,110,6283,75.8441,75.8441,75.8441,70.26162318840578,75.8441,71.9532828282828,60.8745,75.8441,60.8745,2
111,111,6352,75.8441,75.8441,75.8441,70.02974038461538,75.8441,72.15694512195121,60.8834,75.8441,60.8834,2
112,112,6404,76.8402,76.8402,76.8402,69.91008815789472,75.87731,71.58952547169811,61.8845,75.8441,61.8845,2
113,113,6480,75.8441,76.8402,76.8402,69.55666333333335,75.87731,72.71698666666666,60.8681,75.8441,60.8681,2
114,114,6510,76.8402,76.8402,76.8402,69.76299375000002,75.97685333333332,72.7215338709677,59.8808,75.8441,59.8808,2
115,115,6542,76.8398,76.8402,76.8402,68.28102894736843,76.01004333333331,71.67624558823525,59.8816,75.8441,59.8816,2
116,116,6580,76.8402,76.8402,76.8402,69.90295116279069,76.27544666666667,72.41271506849313,59.8804,75.8441,59.8804,2
117,117,6623,76.8402,76.8402,76.8402,72.11824333333335,76.77286333333335,73.50397777777773,61.8791,75.8441,61.8791,2
118,118,6683,76.8402,76.8402,76.8402,73.5001533898305,76.83989,74.16354054054052,62.8745,76.8393,62.8745,2
119,119,6801,76.8404,76.8404,76.8404,71.93405773195876,76.84010666666667,73.09291574803149,60.8764,76.8398,60.8764,2
120,0,0,64.8667,64.8667,64.8667,61.23527000000002,61.23527,61.23527,53.8807,53.8807,53.8807,6
121,1,30,66.8586,66.8586,66.8586,62.108278160919554,64.76475000000002,61.884429914529896,52.8878,63.8658,52.8878,6
122,2,117,70.8489,70.8489,70.8489,64.17475517241378,66.16031,64.37588977272728,57.8745,64.8664,57.8745,6
123,3,175,70.8485,70.8489,70.8489,64.06541714285714,66.85991666666665,65.03229076923076,56.8845,65.8616,56.8845,6
124,4,210,70.8489,70.8489,70.8489,66.07677837837835,67.98951000000001,66.42743731343288,60.8757,66.8563,60.8757,6
125,5,247,71.8463,71.8463,71.8463,67.04668490566037,70.05044666666666,67.38746506024093,62.8553,67.8614,62.8553,6
126,6,300,71.8463,71.8463,71.8463,67.1618256097561,71.04759333333332,67.93556339285713,58.8776,70.8455,58.8776,6
127,7,382,71.8468,71.8468,71.8468,67.21628799999999,71.34669999999998,68.65302750000001,55.8803,70.8485,55.8803,6
128,8,432,72.8422,72.8422,72.8422,68.39740526315789,71.84494333333338,69.41440344827589,58.8711,70.8529,58.8711,6
129,9,489,72.8455,72.8455,72.8455,68.24633188405795,71.97928,69.33682020202022,58.8797,71.8433,58.8797,6
130,10,558,72.8443,72.8455,72.8455,69.24649090909091,72.07948999999999,70.54781904761903,61.8668,71.8453,61.8668,6
131,11,591,72.8455,72.8455,72.8455,69.3876441860465,72.44500999999997,70.49388219178083,63.868,71.8467,63.868,6
132,12,634,73.8403,73.8403,73.8403,70.37020519480517,72.87646666666666,70.95192616822428,61.8722,72.8414,61.8722,6
133,13,711,73.838,73.8403,73.8403,68.48966666666665,72.90987333333334,70.68306666666669,60.8788,72.8416,60.8788,6
134,14,741,73.842,73.842,73.842,69.87768648648648,73.04318666666664,71.23538208955223,62.8657,72.8424,62.8657,6
135,15,778,73.8432,73.8432,73.8432,70.3920083333333,73.40901000000001,71.4116923076923,63.8601,72.8443,63.8601,6
136,16,826,74.8399,74.8399,74.8399,71.30815657894738,73.87400666666669,71.90273773584903,61.8674,73.838,61.8674,6
137,17,902,74.8455,74.8455,74.8455,70.70729714285714,73.97470000000001,72.16885538461543,64.868,73.8397,64.868,6
138,18,937,75.8409,75.8409,75.8409,70.43750243902437,74.20860333333334,71.93209295774646,61.8734,73.8406,61.8734,6
139,19,978,75.841,75.841,75.841,70.31139166666667,74.54173333333334,71.81031923076925,60.8827,73.842,60.8827,6
140,20,1026,77.836,77.836,77.836,71.27973174603174,75.34117666666666,72.33199032258065,61.867,74.8359,61.867,6
141,21,1089,77.8358,77.836,77.836,71.01021578947368,75.64075333333332,72.92093382352941,62.8659,74.8387,62.8659,6
142,22,1127,78.832,78.832,78.832,72.78208524590165,76.73770999999998,73.72450329670329,64.8562,75.8408,64.8562,6
143,23,1188,78.832,78.832,78.832,73.02043846153848,77.40202000000001,74.38041585365855,63.8741,76.8334,63.8741,6
144,24,1240,79.8274,79.8274,79.8274,73.63735283018869,78.20051333333335,74.99807590361443,57.8816,76.8377,57.8816,6
145,25,1293,79.8251,79.8274,79.8274,74.30160416666665,78.7975733333333,75.44834215686274,66.8605,77.8358,66.8605,6
146,26,1365,79.8274,79.8274,79.8274,75.16804657534243,79.19523333333329,76.22519029126212,66.8645,78.8309,66.8645,6
147,27,1438,79.8274,79.8274,79.8274,75.0357803030303,79.62543333333329,76.33560937499996,64.8586,78.832,64.8586,6
148,28,1504,80.8213,80.8213,80.8213,76.05081477272729,79.89076000000001,76.9596161016949,64.8727,79.8219,64.8727,6
149,29,1592,79.8274,80.8213,80.8213,72.69297575757574,79.89094333333334,76.12049206349211,59.8725,79.8219,59.8725,6
150,30,1625,80.8181,80.8213,80.8213,72.28208461538462,79.92415000000003,75.59028405797105,62.8684,79.8219,62.8684,6
151,31,1664,81.8148,81.8148,81.8148,74.30583720930234,80.12340999999999,76.61473287671237,64.8678,79.8223,64.8678,6
152,32,1707,81.815,81.815,81.815,72.55278048780491,80.32254999999999,75.751638028169,64.8609,79.8232,64.8609,6
153,33,1748,82.8123,82.8123,82.8123,74.78470000000002,80.85307666666664,76.71650813953488,65.8542,79.8251,65.8542,6
154,34,1804,82.8121,82.8123,82.8123,76.09831666666665,81.68102333333334,77.49677549019611,65.8701,80.8169,65.8701,6
155,35,1876,82.8123,82.8123,82.8123,76.41892266666665,82.04664333333336,77.92237999999999,63.8703,81.8121,63.8703,6
156,36,1951,82.8124,82.8124,82.8124,76.19295799999999,82.34647333333334,78.38809000000002,64.8598,81.8142,64.8598,6
157,37,2001,83.8081,83.8081,83.8081,77.37664736842105,82.87825666666669,78.56940560000002,66.8636,82.8108,66.8636,6
158,38,2096,83.8089,83.8089,83.8089,73.97789722222221,82.94477333333337,78.02351515151518,63.870400000000004,82.8109,63.870400000000004,6
159,39,2132,82.8166,83.8089,83.8089,75.28117555555556,82.94518666666669,78.34661466666665,62.8715,82.8113,62.8715,6
160,40,2177,83.8081,83.8089,83.8089,74.78281351351352,82.97844333333336,78.43760746268657,64.8719,82.8117,64.8719,6
161,41,2214,84.8042,84.8042,84.8042,75.51559999999999,83.21094666666667,78.42320129870131,66.8548,82.8123,66.8548,6
162,42,2261,83.8089,84.8042,84.8042,74.77714,83.31048666666666,77.93981749999999,64.8589,82.8123,64.8589,6
163,43,2311,84.8038,84.8042,84.8042,74.29873400000001,83.44321999999997,77.67814124999997,64.8654,82.8123,64.8654,6
164,44,2361,84.8042,84.8042,84.8042,75.47394918032789,83.67570666666666,78.10118131868133,65.863,82.8126,65.863,6
165,45,2422,84.8042,84.8042,84.8042,76.24190983606557,84.10687,78.69261208791211,65.8631,83.8069,65.8631,6
166,46,2483,84.8054,84.8054,84.8054,76.83017115384615,84.30628666666668,79.4923780487805,66.8616,83.8079,66.8616,6
167,47,2535,84.8046,84.8054,84.8054,78.11813037974686,84.67145666666666,79.82129266055047,64.8584,83.8089,64.8584,6
168,48,2614,84.8048,84.8054,84.8054,79.063479,84.80427333333338,80.35762769230776,63.8699,84.8038,63.8699,6
169,49,2714,84.8046,84.8054,84.8054,75.11448139534885,84.80432000000003,79.09658767123291,63.8649,84.8038,63.8649,6
170,50,2757,84.8054,84.8054,84.8054,76.30147142857143,84.80457999999999,79.53040126582277,61.8659,84.8042,61.8659,6
171,51,2806,84.8054,84.8054,84.8054,75.51418867924528,84.80469333333332,78.87216144578312,64.865,84.8042,64.865,6
172,52,2859,84.8056,84.8056,84.8056,76.05682857142857,84.80481999999998,79.37880253164558,64.8656,84.8042,64.8656,6
173,53,2908,84.8054,84.8056,84.8056,75.38091818181817,84.8049333333333,78.70700117647058,64.8686,84.8044,64.8686,6
174,54,2963,84.8056,84.8056,84.8056,77.04656166666668,84.80506666666662,79.63268555555554,64.8604,84.8046,64.8604,6
175,55,3023,84.8056,84.8056,84.8056,77.16329841269844,84.80528666666665,79.62838494623654,64.8715,84.8048,64.8715,6
176,56,3086,84.8058,84.8058,84.8058,78.32566860465123,84.80547000000001,80.00143189655171,67.8575,84.8052,67.8575,6
177,57,3172,84.8058,84.8058,84.8058,75.41482400000001,84.80549666666668,78.93631625,62.8731,84.8054,62.8731,6
178,58,3222,84.8062,84.8062,84.8062,75.62297115384614,84.80557000000002,78.98243170731712,57.8909,84.8054,57.8909,6
179,59,3274,84.8062,84.8062,84.8062,74.85945681818181,84.80563000000002,78.89166486486488,65.8637,84.8054,65.8637,6
180,60,3318,84.8058,84.8062,84.8062,77.15447297297297,84.80564666666668,80.5803641791045,68.8642,84.8054,68.8642,6
181,61,3355,84.8062,84.8062,84.8062,75.34577659574468,84.80570000000002,79.03144025974026,63.8712,84.8054,63.8712,6
182,62,3402,84.8062,84.8062,84.8062,76.554985106383,84.80576333333332,79.76954935064937,67.8602,84.8055,67.8602,6
183,63,3449,84.8062,84.8062,84.8062,76.46857636363637,84.80583333333334,79.4111129411765,65.8671,84.8056,65.8671,6
184,64,3504,84.8064,84.8064,84.8064,77.2011693548387,84.80599333333338,79.68095108695657,63.8677,84.8056,63.8677,6
185,65,3566,84.8062,84.8064,84.8064,77.27982394366195,84.8060666666667,79.51531980198025,66.8618,84.8056,66.8618,6
186,66,3637,84.8066,84.8066,84.8066,78.19554130434783,84.80622666666666,79.82108032786883,61.8683,84.8062,61.8683,6
187,67,3729,83.8099,84.8066,84.8066,74.16186176470589,84.80622666666666,79.1514078125,61.8714,84.8062,61.8714,6
188,68,3763,84.8064,84.8066,84.8066,76.42648108108108,84.80623333333332,80.17860597014922,64.8685,84.8062,64.8685,6
189,69,3800,84.8066,84.8066,84.8066,74.24325675675675,84.80625333333333,78.97294776119404,63.8668,84.8062,63.8668,6
190,70,3837,84.8066,84.8066,84.8066,76.49084318181818,84.80629333333333,79.86195540540542,65.856,84.8062,65.856,6
191,71,3881,84.8066,84.8066,84.8066,75.52854081632654,84.80630666666666,79.05173797468358,62.8738,84.8062,62.8738,6
192,72,3930,84.807,84.807,84.807,75.77299387755102,84.80636666666666,79.20336582278485,64.866,84.8062,64.866,6
193,73,3979,84.807,84.807,84.807,74.31530454545454,84.80641333333332,78.56843783783785,63.8712,84.8062,63.8712,6
194,74,4023,84.807,84.807,84.807,74.79457234042553,84.80645999999999,78.69528961038962,66.8588,84.8062,66.8588,6
195,75,4070,84.807,84.807,84.807,75.78037857142856,84.80656666666664,78.92901162790695,63.8621,84.8062,63.8621,6
196,76,4126,84.8068,84.807,84.807,76.63430303030302,84.80659999999996,79.18813541666667,64.8597,84.8062,64.8597,6
197,77,4192,84.8076,84.8076,84.8076,77.48337636363637,84.80671333333329,80.06804352941175,67.8581,84.8064,67.8581,6
198,78,4247,83.8101,84.8076,84.8076,72.86889487179488,84.80671333333329,78.05925072463769,65.8656,84.8064,65.8656,6
199,79,4286,84.8076,84.8076,84.8076,75.12129285714288,84.80675999999995,79.15688472222219,63.8657,84.8064,63.8657,6
200,80,4328,84.8076,84.8076,84.8076,74.53584150943394,84.8068933333333,78.24822168674699,64.8617,84.8066,64.8617,6
201,81,4381,84.8076,84.8076,84.8076,73.6975755102041,84.80695999999999,77.91630379746833,62.8734,84.8066,62.8734,6
202,82,4430,84.8078,84.8078,84.8078,76.8148953125,84.80711999999998,79.36555425531913,63.8575,84.8066,63.8575,6
203,83,4494,84.8076,84.8078,84.8078,76.83082622950819,84.80722666666664,79.46037362637361,63.8627,84.8068,63.8627,6
204,84,4555,84.8082,84.8082,84.8082,77.12987428571431,84.80743999999997,79.43307999999996,59.8825,84.8068,59.8825,6
205,85,4625,84.8078,84.8082,84.8082,76.37394590163935,84.80760000000004,79.15421868131871,65.8597,84.807,65.8597,6
206,86,4686,84.8078,84.8082,84.8082,75.43227313432836,84.80763333333338,78.33185876288663,66.8559,84.8074,66.8559,6
207,87,4753,84.8082,84.8082,84.8082,74.83805128205127,84.80768000000005,79.17265217391304,64.8677,84.8076,64.8677,6
208,88,4792,84.8082,84.8082,84.8082,74.23280606060608,84.80770000000005,79.26846031746037,66.8618,84.8076,66.8618,6
209,89,4825,84.8082,84.8082,84.8082,75.5354475,84.80774666666672,79.50927000000001,67.8559,84.8076,67.8559,6
210,90,4865,84.8082,84.8082,84.8082,76.73951162790698,84.80776666666672,80.05522465753428,67.8615,84.8076,67.8615,6
211,91,4908,84.8084,84.8084,84.8084,77.65215098039215,84.80786666666671,80.30237901234568,62.8669,84.8076,62.8669,6
212,92,4959,85.8061,85.8061,85.8061,77.72364385964914,84.84121000000002,80.16647931034487,65.8626,84.8076,65.8626,6
213,93,5016,84.8082,85.8061,85.8061,73.90019411764708,84.84123000000001,79.02879531249998,64.8689,84.8076,64.8689,6
214,94,5050,85.8061,85.8061,85.8061,75.5575277777778,84.87451333333335,79.77739242424244,63.8586,84.8076,63.8586,6
215,95,5086,83.8127,85.8061,85.8061,74.00731111111111,84.87451333333335,78.94694848484846,66.8577,84.8076,66.8577,6
216,96,5122,85.8061,85.8061,85.8061,74.35401142857143,84.94108,79.20962769230769,65.8713,84.8076,65.8713,6
217,97,5157,85.8061,85.8061,85.8061,77.21366382978724,85.04102666666667,80.2243454545455,66.8534,84.8078,66.8534,6
218,98,5204,85.8061,85.8061,85.8061,76.79801228070176,85.17415666666665,79.64043103448275,65.8712,84.808,65.8712,6
219,99,5261,85.8061,85.8061,85.8061,78.30596716417905,85.40701333333332,80.4301494845361,68.8618,84.8082,68.8618,6
220,100,5328,85.8061,85.8061,85.8061,79.45661029411761,85.73934999999999,81.27816224489794,67.8582,84.8095,67.8582,6
221,101,5396,85.8061,85.8061,85.8061,79.3820961832061,85.80607333333329,80.56667763975153,69.8551,85.8059,69.8551,6
222,102,5527,85.8061,85.8061,85.8061,78.81143875968988,85.80609999999996,80.13118113207548,65.8697,85.8061,65.8697,6
223,103,5656,85.8061,85.8061,85.8061,76.5407451219512,85.80609999999996,79.02253660714284,64.8678,85.8061,64.8678,6
224,104,5738,85.8061,85.8061,85.8061,76.71408684210525,85.80609999999996,79.28729811320748,64.8648,85.8061,64.8648,6
225,105,5814,85.8061,85.8061,85.8061,76.24358181818184,85.80609999999996,79.23186874999998,65.8607,85.8061,65.8607,6
226,106,5880,85.8063,85.8063,85.8063,76.40305833333333,85.80610666666664,79.1686588235294,66.8555,85.8061,66.8555,6
227,107,5952,85.8063,85.8063,85.8063,75.94947142857144,85.80611999999996,80.49868769230766,65.8705,85.8061,65.8705,6
228,108,5987,85.8063,85.8063,85.8063,75.47554722222223,85.80613333333329,80.17126212121208,65.8611,85.8061,65.8611,6
229,109,6023,85.8063,85.8063,85.8063,78.19173272727272,85.80614666666662,80.87916823529406,63.8667,85.8061,63.8667,6
230,110,6078,85.8063,85.8063,85.8063,76.04699574468087,85.80616666666661,79.84926233766232,64.8647,85.8061,64.8647,6
231,111,6125,85.8063,85.8063,85.8063,78.19556315789474,85.80617999999996,80.81990919540229,68.8589,85.8061,68.8589,6
232,112,6182,85.8071,85.8071,85.8071,78.2271626666667,85.80625333333327,80.39259619047618,66.8553,85.8061,66.8553,6
233,113,6257,82.8105,85.8071,85.8071,74.8699,85.80625333333327,80.2484344262295,61.8749,85.8061,61.8749,6
234,114,6288,84.8108,85.8071,85.8071,74.46309999999998,85.80625333333327,79.95172258064515,66.8584,85.8061,66.8584,6
235,115,6320,84.8077,85.8071,85.8071,75.08544375,85.80625333333327,80.2729322580645,65.8586,85.8061,65.8586,6
236,116,6352,85.8071,85.8071,85.8071,75.52322187499996,85.80628666666661,80.49888225806446,65.8622,85.8061,65.8622,6
237,117,6384,85.8061,85.8071,85.8071,73.97865555555558,85.80628666666661,79.3548515151515,61.868,85.8061,61.868,6
238,118,6420,85.8071,85.8071,85.8071,76.69655945945946,85.8063266666666,80.77554179104473,65.8621,85.8061,65.8621,6
239,119,6457,85.8071,85.8071,85.8071,76.01778157894738,85.80637333333328,80.33625735294115,63.8668,85.8061,63.8668,6
240,0,0,67.8505,67.8505,67.8505,61.73538,61.73537999999999,61.73537999999999,55.8742,55.8742,55.8742,4
241,1,30,69.8451,69.8451,69.8451,63.0679927536232,66.29266666666668,62.66417070707071,55.8881,63.8726,55.8742,4
242,2,99,69.8451,69.8451,69.8451,65.10651020408163,67.92158333333333,65.5569493670886,58.8728,66.8529,58.8728,4
243,3,148,71.8425,71.8425,71.8425,66.87673061224488,69.21584333333335,67.27351012658232,58.8752,67.8564,58.8752,4
244,4,197,71.8373,71.8425,71.8425,67.02811086956523,69.68107666666667,67.89168947368422,60.8669,68.8493,60.8669,4
245,5,243,71.8425,71.8425,71.8425,67.41546250000002,70.47762666666668,68.28685256410256,61.8618,69.8426,61.8618,4
246,6,291,72.834,72.834,72.834,67.30877719298245,71.07579333333334,68.40148390804598,58.8769,69.8475,58.8769,4
247,7,348,75.8279,75.8279,75.8279,68.60925316455693,72.13806333333332,69.28811743119262,59.8697,71.8371,59.8697,4
248,8,427,73.8376,75.8279,75.8279,67.15726666666667,72.27137333333334,69.52907460317462,60.8721,71.8373,60.8721,4
249,9,460,75.8279,75.8279,75.8279,69.10509743589745,72.97010666666665,70.4817391304348,61.8646,71.8381,61.8646,4
250,10,499,75.8283,75.8283,75.8283,70.23793035714286,74.79823666666665,71.19101511627909,59.8652,72.8374,59.8652,4
251,11,555,75.8285,75.8285,75.8285,71.79305882352944,75.66176333333334,72.5770182608696,64.8567,74.8318,64.8567,4
252,12,640,75.8285,75.8285,75.8285,72.9716406779661,75.82798666666667,73.5169358108108,62.8628,75.8279,62.8628,4
253,13,758,76.8232,76.8232,76.8232,70.52678780487807,75.86120333333335,72.76673098591549,61.8643,75.8279,61.8643,4
254,14,799,75.8279,76.8232,76.8232,69.01884571428572,75.86120333333335,72.17685692307691,61.8644,75.8279,61.8644,4
255,15,834,75.8275,76.8232,76.8232,70.04495666666665,75.86120333333335,72.95308,63.8597,75.8279,63.8597,4
256,16,864,76.8232,76.8232,76.8232,70.002740625,75.89442000000003,72.83748064516132,62.8707,75.8279,62.8707,4
257,17,896,76.8232,76.8232,76.8232,70.68503421052633,75.96073333333334,72.98329264705887,58.877,75.8279,58.877,4
258,18,934,76.8232,76.8232,76.8232,70.89262250000002,76.12655666666666,73.06466999999998,59.8729,75.8279,59.8729,4
259,19,974,76.8232,76.8232,76.8232,70.88081568627452,76.32554333333334,72.8236827160494,60.8677,75.8279,60.8677,4
260,20,1025,76.8234,76.8234,76.8234,72.44551898734176,76.82294333333337,73.5134155963303,64.8548,76.8218,64.8548,4
261,21,1104,76.8234,76.8234,76.8234,72.31606382978721,76.82322333333333,73.40643790322582,64.8552,76.8232,64.8552,4
262,22,1198,76.824,76.824,76.824,70.9351930232558,76.82327666666667,73.3549315068493,62.856700000000004,76.8232,62.856700000000004,4
263,23,1241,76.8234,76.824,76.824,69.09764444444446,76.82328333333334,72.60929545454545,61.8661,76.8232,61.8661,4
264,24,1277,76.8244,76.8244,76.8244,71.59665675675674,76.82335666666667,73.93693731343281,61.8611,76.8232,61.8611,4
265,25,1314,76.8244,76.8244,76.8244,70.17841538461539,76.82344333333332,73.06752028985508,63.8644,76.8232,63.8644,4
266,26,1353,76.8244,76.8244,76.8244,71.37095098039212,76.82358999999998,73.39039259259256,62.8716,76.8232,62.8716,4
267,27,1404,76.8244,76.8244,76.8244,71.46387547169812,76.82367666666664,73.40112168674698,63.8591,76.8232,63.8591,4
268,28,1457,76.8244,76.8244,76.8244,71.82447846153846,76.82397666666667,73.40317263157893,59.8765,76.8232,59.8765,4
269,29,1522,76.8266,76.8266,76.8266,72.50781341463416,76.82441333333331,73.6639285714286,63.868,76.824,63.868,4
270,30,1604,76.8266,76.8266,76.8266,69.62768125000001,76.82467333333332,73.10997096774194,63.8602,76.8242,63.8602,4
271,31,1636,76.8266,76.8266,76.8266,70.8908880952381,76.82486666666664,73.36329861111109,64.8556,76.8244,64.8556,4
272,32,1678,76.827,76.827,76.827,70.84338000000001,76.82526666666665,73.08643749999999,59.8702,76.8244,59.8702,4
273,33,1728,77.8231,77.8231,77.8231,73.0494924242424,76.85964333333335,74.22942187499997,58.8768,76.825,58.8768,4
274,34,1794,77.8231,77.8231,77.8231,69.71863870967742,76.89299666666669,73.2306081967213,59.87,76.8252,59.87,4
275,35,1825,78.8185,78.8185,78.8185,72.70009722222223,77.05918333333335,74.60596060606059,61.8675,76.8266,61.8675,4
276,36,1861,78.8185,78.8185,78.8185,71.54640454545455,77.32487666666667,73.78131486486487,61.8621,76.8266,61.8621,4
277,37,1905,78.8185,78.8185,78.8185,71.50857555555555,77.52402666666666,73.835096,64.857,76.8266,64.857,4
278,38,1950,78.8197,78.8197,78.8197,72.16725192307692,77.68999333333335,74.12704756097564,65.8507,76.827,65.8507,4
279,39,2002,78.8197,78.8197,78.8197,72.482775,78.38698666666666,73.95651603773585,65.8524,77.8212,65.8524,4
280,40,2078,78.8197,78.8197,78.8197,74.30670303030304,78.81891,75.25560620155039,65.8554,78.8185,65.8554,4
281,41,2177,78.8197,78.8197,78.8197,72.36678490566038,78.81911,74.69887831325299,61.8663,78.8185,61.8663,4
282,42,2230,78.8199,78.8199,78.8199,73.60365797101447,78.81951666666667,75.18409797979795,65.8533,78.8187,65.8533,4
283,43,2299,78.8199,78.8199,78.8199,74.57936947368421,78.81971333333334,75.59700480000001,64.859,78.8197,64.859,4
284,44,2394,78.8201,78.8201,78.8201,71.39735000000002,78.81972666666667,74.77115151515152,64.8555,78.8197,64.8555,4
285,45,2430,78.8201,78.8201,78.8201,71.27071428571428,78.81974,74.75487384615384,62.8728,78.8197,62.8728,4
286,46,2465,78.8201,78.8201,78.8201,72.73883000000001,78.81978666666667,75.34493428571429,65.862,78.8197,65.862,4
287,47,2505,78.8201,78.8201,78.8201,71.48314615384616,78.81982666666666,74.67298985507247,61.8706,78.8197,61.8706,4
288,48,2544,78.8201,78.8201,78.8201,73.41290576923078,78.81990666666667,75.39104756097562,62.8647,78.8197,62.8647,4
289,49,2596,78.8201,78.8201,78.8201,73.97864202898552,78.82004666666664,75.4456919191919,62.8717,78.8197,62.8717,4
290,50,2665,79.8211,79.8211,79.8211,74.23519999999999,78.85346666666663,75.20382957746477,61.8626,78.8201,61.8626,4
291,51,2777,77.8231,79.8211,79.8211,71.14328000000002,78.85346666666663,74.9983733333333,61.8629,78.8201,61.8629,4
292,52,2807,80.8185,80.8185,80.8185,71.84222777777777,79.02018999999996,75.0291545454545,64.8569,78.8201,64.8569,4
293,53,2843,80.8185,80.8185,80.8185,73.20297500000002,79.32033666666662,75.56130540540538,62.871,78.8201,62.871,4
294,54,2887,80.8187,80.8187,80.8187,74.08554464285714,79.82039999999999,75.9116348837209,61.8695,78.8201,61.8695,4
295,55,2943,80.8187,80.8187,80.8187,75.22488695652176,80.75150666666669,76.61746666666669,62.8705,79.8231,62.8705,4
296,56,3012,80.8192,80.8192,80.8192,76.76076666666668,80.81826999999997,77.57520340136055,62.8685,80.8176,62.8685,4
297,57,3129,81.8177,81.8177,81.8177,74.98510757575758,80.88502333333335,76.80797083333333,64.8608,80.8179,64.8608,4
298,58,3195,80.8171,81.8177,81.8177,72.78807368421052,80.88502333333335,76.36025735294118,64.8634,80.8179,64.8634,4
299,59,3233,81.8177,81.8177,81.8177,73.42367560975609,80.98486333333335,76.57635774647885,64.8627,80.8183,64.8627,4
300,60,3274,81.8177,81.8177,81.8177,74.50176444444446,81.05140000000002,77.095004,66.8525,80.8184,66.8525,4
301,61,3319,81.8177,81.8177,81.8177,75.05100652173914,81.41703333333332,77.41958289473685,63.8684,80.8186,63.8684,4
302,62,3365,81.8177,81.8177,81.8177,76.63397241379313,81.81595,77.86039829059831,62.8752,81.8143,62.8752,4
303,63,3452,81.8177,81.8177,81.8177,75.43312399999999,81.81716,77.2567885714286,61.8632,81.8149,61.8632,4
304,64,3527,81.8185,81.8185,81.8185,76.40393162393163,81.81756000000001,77.50867210884353,64.8556,81.8167,64.8556,4
305,65,3644,81.8185,81.8185,81.8185,74.63264347826087,81.81773333333338,76.80989090909092,60.8708,81.8173,60.8708,4
306,66,3713,81.8185,81.8185,81.8185,74.78122363636362,81.8178666666667,77.26469764705888,65.8493,81.8177,65.8493,4
307,67,3768,81.8185,81.8185,81.8185,73.61948780487806,81.81796000000003,77.08359154929578,65.8533,81.8177,65.8533,4
308,68,3809,81.8189,81.8189,81.8189,75.49595806451613,81.81812000000001,77.55748043478262,63.8616,81.8177,63.8616,4
309,69,3871,81.8191,81.8191,81.8191,75.43839137931035,81.81843333333336,77.61329886363636,61.8652,81.8177,61.8652,4
310,70,3929,81.8191,81.8191,81.8191,75.27126025641023,81.81854000000001,77.08991944444445,64.8586,81.8181,64.8586,4
311,71,4007,81.8185,81.8191,81.8191,74.62956037735849,81.81858000000001,77.227986746988,64.8601,81.8185,64.8601,4
312,72,4060,81.8189,81.8191,81.8191,74.87977021276595,81.81860666666668,77.5832025974026,65.8601,81.8185,65.8601,4
313,73,4107,81.8195,81.8195,81.8195,74.919825,81.81866000000001,77.57320256410256,66.858,81.8185,66.858,4
314,74,4155,81.8195,81.8195,81.8195,73.59047999999999,81.81869333333334,77.11684285714287,65.8601,81.8185,65.8601,4
315,75,4195,81.8195,81.8195,81.8195,73.99508444444446,81.81872666666668,77.12452800000003,63.8657,81.8185,63.8657,4
316,76,4240,81.8222,81.8222,81.8222,74.96421914893618,81.81895666666668,77.63480649350646,65.865,81.8185,65.865,4
317,77,4287,80.8216,81.8222,81.8222,71.78155483870968,81.81895666666668,76.71798196721312,64.8648,81.8185,64.8648,4
318,78,4318,81.8185,81.8222,81.8222,72.748878125,81.81895666666668,77.13762580645161,63.8721,81.8185,63.8721,4
319,79,4350,81.8222,81.8222,81.8222,73.35606060606062,81.81910666666667,77.3860111111111,61.8629,81.8185,61.8629,4
320,80,4383,81.8222,81.8222,81.8222,75.00862857142856,81.81935333333332,78.15192615384616,64.8641,81.8185,64.8641,4
321,81,4418,81.8222,81.8222,81.8222,74.60979374999998,81.81990333333331,77.38270128205124,64.8655,81.8185,64.8655,4
322,82,4466,81.8224,81.8224,81.8224,75.8355704918033,81.82067333333336,77.80842747252746,64.866,81.8189,64.866,4
323,83,4527,81.8224,81.8224,81.8224,76.4934159090909,81.82203333333334,77.84780338983049,64.8705,81.821,64.8705,4
324,84,4615,81.8224,81.8224,81.8224,77.02957941176469,81.82222000000003,78.11877348484852,63.864,81.8222,63.864,4
325,85,4717,81.8224,81.8224,81.8224,73.00988333333333,81.8222266666667,77.01549090909091,63.8587,81.8222,63.8587,4
326,86,4753,81.8224,81.8224,81.8224,74.51431,81.8222666666667,77.64627428571431,59.8824,81.8222,59.8824,4
327,87,4793,81.8224,81.8224,81.8224,76.60214246575343,81.82230666666669,78.12256699029129,64.8616,81.8222,64.8616,4
328,88,4866,81.8224,81.8224,81.8224,76.06419999999999,81.82234666666668,78.04975402298851,66.8532,81.8222,66.8532,4
329,89,4923,81.8224,81.8224,81.8224,77.61867865168539,81.8224,78.67842689075628,60.8724,81.8224,60.8724,4
330,90,5012,81.8224,81.8224,81.8224,73.55544714285715,81.8224,76.03553299999999,65.8589,81.8224,65.8589,4
331,91,5082,81.8224,81.8224,81.8224,74.96129589041098,81.8224,76.95967572815535,66.8513,81.8224,66.8513,4
332,92,5155,81.8224,81.8224,81.8224,74.45360285714284,81.8224,76.66424200000004,64.8702,81.8224,64.8702,4
333,93,5225,81.8224,81.8224,81.8224,75.22715584415587,81.8224,77.07628971962617,64.8577,81.8224,64.8577,4
334,94,5302,81.8224,81.8224,81.8224,74.41815921052631,81.8224,76.5136990566038,61.8636,81.8224,61.8636,4
335,95,5378,81.8224,81.8224,81.8224,75.18572272727272,81.8224,77.259684375,64.8561,81.8224,64.8561,4
336,96,5444,81.8224,81.8224,81.8224,75.05487246376809,81.8224,77.10563838383833,65.8561,81.8224,65.8561,4
337,97,5513,81.8224,81.8224,81.8224,75.27044925373133,81.8224,77.29682577319589,63.8619,81.8224,63.8619,4
338,98,5580,81.8224,81.8224,81.8224,75.40436119402985,81.8224,77.38932164948454,62.8684,81.8224,62.8684,4
339,99,5647,81.8224,81.8224,81.8224,75.00268358208956,81.8224,77.11187422680412,65.8466,81.8224,65.8466,4
340,100,5714,81.8224,81.8224,81.8224,75.25793333333328,81.8224,77.24716565656564,62.8747,81.8224,62.8747,4
341,101,5783,81.8224,81.8224,81.8224,74.18289142857144,81.8224,76.474744,64.8635,81.8224,64.8635,4
342,102,5853,81.8224,81.8224,81.8224,74.55169315068495,81.8224,76.66937475728156,65.8565,81.8224,65.8565,4
343,103,5926,81.8224,81.8224,81.8224,74.49558358208957,81.8224,76.76160927835053,63.8592,81.8224,63.8592,4
344,104,5993,81.8224,81.8224,81.8224,74.92533333333331,81.8224,77.01535353535354,62.8686,81.8224,62.8686,4
345,105,6062,81.8224,81.8224,81.8224,74.91253970588235,81.8224,77.02780306122455,63.8674,81.8224,63.8674,4
346,106,6130,81.8224,81.8224,81.8224,74.91279104477611,81.8224,77.04978350515462,63.8649,81.8224,63.8649,4
347,107,6197,81.8226,81.8226,81.8226,75.42584264705884,81.82240666666668,77.3839724489796,66.8574,81.8224,66.8574,4
348,108,6265,80.826,81.8226,81.8226,73.41330285714285,81.82240666666668,77.29442769230768,67.8476,81.8224,67.8476,4
349,109,6300,81.8226,81.8226,81.8226,74.13452352941177,81.82242000000001,77.73821875,66.8495,81.8224,66.8495,4
350,110,6334,81.8226,81.8226,81.8226,74.60101666666668,81.82243333333334,77.60993472222223,64.8607,81.8224,64.8607,4
351,111,6376,81.8226,81.8226,81.8226,75.49582727272727,81.82246,78.06066756756756,64.8595,81.8224,64.8595,4
352,112,6420,81.823,81.823,81.823,76.46858499999999,81.82249999999999,78.25321000000004,66.8567,81.8224,66.8567,4
353,113,6480,81.8218,81.823,81.823,73.57139459459461,81.82249999999999,77.26591940298506,64.861,81.8224,64.861,4
354,114,6517,81.823,81.823,81.823,73.81358888888887,81.82252666666666,77.45400303030303,61.8742,81.8224,61.8742,4
355,115,6553,81.823,81.823,81.823,74.95242499999999,81.82257333333332,77.73760135135132,62.8737,81.8224,62.8737,4
356,116,6597,81.8226,81.823,81.823,74.91757631578946,81.82257999999999,77.9638985294118,67.8661,81.8224,67.8661,4
357,117,6635,81.823,81.823,81.823,74.89255135135134,81.82260666666664,77.99554925373134,64.8713,81.8224,64.8713,4
358,118,6672,81.823,81.823,81.823,75.52664666666668,81.82271999999998,78.04503066666666,67.8475,81.8224,67.8475,4
359,119,6717,81.823,81.823,81.823,76.00495974025972,81.82285333333333,77.63610747663553,62.8731,81.8226,62.8731,4
360,0,0,66.8658,66.8658,66.8658,61.16886666666666,61.168866666666666,61.168866666666666,54.8763,54.8763,54.8763,1
361,1,30,66.8658,66.8658,66.8658,62.37373015873014,65.12726666666669,61.98506451612903,55.8733,62.875,54.8763,1
362,2,93,68.8611,68.8611,68.8611,64.42495352112675,66.82716000000002,64.63356138613861,58.8685,65.8557,58.8685,1
363,3,164,69.8575,69.8575,69.8575,64.2246119047619,67.49594000000002,65.30900694444445,55.8754,66.8546,55.8754,1
364,4,206,69.8549,69.8575,69.8575,65.41383571428572,68.12749666666666,66.28137916666667,57.875,66.8658,57.875,1
365,5,248,69.8575,69.8575,69.8575,66.44516268656716,69.15661666666665,66.96547216494841,58.8802,68.8538,58.8802,1
366,6,315,71.8502,71.8502,71.8502,66.84630322580645,69.82238333333335,67.59966630434783,55.8909,68.8611,55.8909,1
367,7,377,70.8562,71.8502,71.8502,67.6939,70.18842666666667,68.58076805555555,61.8741,69.8543,61.8741,1
368,8,419,72.8487,72.8487,72.8487,67.69803255813954,70.55480333333335,68.72148219178084,58.8846,69.8572,58.8846,1
369,9,462,72.8496,72.8496,72.8496,67.97693720930233,71.18545666666664,69.03633424657535,55.8907,69.86,55.8907,1
370,10,505,72.8496,72.8496,72.8496,68.99585344827588,71.85132666666665,69.74230909090906,63.8766,70.8536,63.8766,1
371,11,563,73.8387,73.8387,73.8387,69.74175428571425,72.54942666666666,70.37462599999999,61.8734,71.8502,61.8734,1
372,12,633,73.8446,73.8446,73.8446,69.28538163265307,72.91428666666667,70.5248924050633,58.878,71.8557,58.878,1
373,13,682,73.8436,73.8446,73.8446,69.63731923076921,72.98189666666667,70.54758796296296,62.8665,72.8471,62.8665,1
374,14,760,73.8444,73.8446,73.8446,68.31779999999998,73.11441333333333,70.40620149253735,58.8833,72.8487,58.8833,1
375,15,797,74.8412,74.8412,74.8412,70.09637272727271,73.54453666666669,71.03951041666666,58.8846,72.8501,58.8846,1
376,16,863,74.8417,74.8417,74.8417,70.42857288135595,74.10819333333332,71.47889775280898,60.8677,73.8385,60.8677,1
377,17,922,74.843,74.843,74.843,69.91325961538462,74.37578,71.44799146341462,62.8723,73.8436,62.8723,1
378,18,974,74.843,74.843,74.843,71.63251643835618,74.84114666666669,72.43152524271845,65.8632,74.8389,65.8632,1
379,19,1047,74.843,74.843,74.843,70.4983416666667,74.84154666666669,71.64118508771934,62.8759,74.8412,62.8759,1
380,20,1131,74.8434,74.8434,74.8434,70.52929302325582,74.84195,72.3014520547945,60.8783,74.8412,60.8783,1
381,21,1174,75.8396,75.8396,75.8396,71.15057037037036,74.87578999999998,72.46892023809521,63.8743,74.8414,63.8743,1
382,22,1228,75.8396,75.8396,75.8396,69.79449062500001,74.90916333333334,72.25318387096775,63.8696,74.8416,63.8696,1
383,23,1260,76.8373,76.8373,76.8373,69.80393243243246,75.00917333333337,72.08985671641796,61.8742,74.8418,61.8742,1
384,24,1297,76.8373,76.8373,76.8373,70.11873157894736,75.17545666666668,72.27627941176469,60.8758,74.843,60.8758,1
385,25,1335,76.8404,76.8404,76.8404,70.74081320754715,75.34176333333333,72.34369638554216,59.8804,74.843,59.8804,1
386,26,1388,77.8348,77.8348,77.8348,70.97596530612246,75.70748666666667,72.6338632911392,62.8775,74.8431,62.8775,1
387,27,1437,77.8348,77.8348,77.8348,71.86684516129031,76.40553666666668,73.11922826086956,63.8652,74.8436,63.8652,1
388,28,1499,77.835,77.835,77.835,72.01334999999999,76.97060666666667,73.21121909090911,61.8771,76.8347,61.8771,1
389,29,1579,77.8348,77.835,77.835,71.23518936170214,77.13701666666665,73.46976753246756,61.8746,76.8371,61.8746,1
390,30,1626,77.8348,77.835,77.835,71.48897272727271,77.23678999999998,73.25398645833334,62.8735,76.8371,62.8735,1
391,31,1692,77.835,77.835,77.835,71.94289692307694,77.56922333333334,73.61465263157896,57.885,76.8382,57.885,1
392,32,1757,77.8352,77.8352,77.8352,72.78615104166666,77.83477333333339,73.92497777777776,62.8756,77.8344,62.8756,1
393,33,1853,77.835,77.8352,77.8352,71.15665892857142,77.83484000000003,73.48623372093024,64.8665,77.8348,64.8665,1
394,34,1909,77.8352,77.8352,77.8352,70.11727142857141,77.83485333333337,73.33292500000002,61.8757,77.8348,61.8757,1
395,35,1951,77.8352,77.8352,77.8352,70.9780625,77.83489333333338,73.91668714285711,59.8786,77.8348,59.8786,1
396,36,1991,77.8352,77.8352,77.8352,70.90045116279066,77.83490666666671,73.75022191780823,60.8812,77.8348,60.8812,1
397,37,2034,77.8352,77.8352,77.8352,71.27224363636364,77.83492666666672,73.58847764705884,63.8724,77.8348,63.8724,1
398,38,2089,77.8352,77.8352,77.8352,71.78825156250001,77.83501333333336,73.71804148936171,61.8684,77.8348,61.8684,1
399,39,2153,78.8333,78.8333,78.8333,72.94909620253163,77.86846333333332,74.29384403669727,63.8723,77.835,63.8723,1
400,40,2232,78.8331,78.8333,78.8333,71.57382777777777,77.90174,74.43502575757577,59.8784,77.835,59.8784,1
401,41,2268,78.8331,78.8333,78.8333,70.49526666666667,77.93500999999999,73.71547246376811,60.8782,77.8352,60.8782,1
402,42,2307,78.8343,78.8343,78.8343,70.1413057142857,78.00159,73.7384,58.882,77.8352,58.882,1
403,43,2342,78.8343,78.8343,78.8343,72.08049166666669,78.13504333333331,74.35783717948718,62.8667,77.8352,62.8667,1
404,44,2390,78.8343,78.8343,78.8343,72.80727916666666,78.43433333333333,74.85641923076923,65.863,77.8352,65.863,1
405,45,2438,78.8343,78.8343,78.8343,73.88238433734941,78.83294666666669,75.09086637168143,64.8677,78.8303,64.8677,1
406,46,2521,78.8343,78.8343,78.8343,74.10877875000001,78.83376666666665,75.39718818181818,66.8575,78.8331,66.8575,1
407,47,2601,78.8343,78.8343,78.8343,74.22730238095237,78.83420000000001,75.43952982456138,63.87,78.8335,63.87,1
408,48,2685,78.8343,78.8343,78.8343,74.59295242718449,78.8343,75.54962481203006,63.8743,78.8343,63.8743,1
409,49,2788,78.8343,78.8343,78.8343,72.44735972222222,78.8343,74.32587156862745,64.8693,78.8343,64.8693,1
410,50,2860,78.8349,78.8349,78.8349,72.46001406249998,78.83431999999999,74.49436063829788,64.8642,78.8343,64.8642,1
411,51,2924,78.8349,78.8349,78.8349,71.94247575757576,78.83437333333333,75.22430634920632,62.8735,78.8343,62.8735,1
412,52,2957,78.8349,78.8349,78.8349,71.05410857142856,78.83439333333332,74.64500000000001,63.868,78.8343,63.868,1
413,53,2992,78.8349,78.8349,78.8349,71.96581818181816,78.83446,74.75037567567573,62.8761,78.8343,62.8761,1
414,54,3036,78.8349,78.8349,78.8349,72.69612307692307,78.83453333333334,74.94185609756099,59.8797,78.8343,59.8797,1
415,55,3088,78.8349,78.8349,78.8349,73.28277666666666,78.83469999999998,75.1333622222222,64.8729,78.8343,64.8729,1
416,56,3148,78.8354,78.8354,78.8354,74.72751505376343,78.83491000000002,75.72926747967482,66.8593,78.8347,66.8593,1
417,57,3241,78.8349,78.8354,78.8354,70.7673882352941,78.83491666666669,74.5490390625,62.8766,78.8349,62.8766,1
418,58,3275,78.8349,78.8354,78.8354,70.68956333333334,78.83491666666669,74.76224,64.8714,78.8349,64.8714,1
419,59,3305,78.8349,78.8354,78.8354,71.58935000000002,78.83491666666669,74.98570937500001,64.871,78.8349,64.871,1
420,60,3339,77.8369,78.8354,78.8354,71.11230322580646,78.83491666666669,74.91030983606558,61.8752,78.8349,61.8752,1
421,61,3370,78.8354,78.8354,78.8354,72.02941176470588,78.83493333333334,75.2194921875,63.8745,78.8349,63.8745,1
422,62,3404,78.836,78.836,78.836,72.72848292682929,78.83497000000001,75.30867323943662,65.8698,78.8349,65.8698,1
423,63,3445,78.836,78.836,78.836,71.66411351351351,78.83501333333335,74.87494477611939,63.8748,78.8349,63.8748,1
424,64,3482,78.836,78.836,78.836,71.80603571428571,78.83516000000002,74.73477638888889,62.8668,78.8349,62.8668,1
425,65,3524,78.836,78.836,78.836,72.62513584905659,78.8353,74.86972289156623,63.8724,78.8349,63.8724,1
426,66,3577,78.8362,78.8362,78.8362,73.5892037037037,78.83568333333331,75.46280952380948,63.8718,78.8349,63.8718,1
427,67,3631,78.8364,78.8364,78.8364,74.09353636363635,78.83602999999997,75.10971071428571,64.8665,78.836,64.8665,1
428,68,3741,78.8369,78.8369,78.8369,71.7294475,78.83605999999996,74.77512571428569,64.869,78.836,64.869,1
429,69,3781,78.8369,78.8369,78.8369,71.62514571428572,78.83608999999997,74.95325999999997,65.8605,78.836,65.8605,1
430,70,3816,78.8369,78.8369,78.8369,72.2191195121951,78.83615666666664,75.01502253521119,60.8816,78.836,60.8816,1
431,71,3857,78.8369,78.8369,78.8369,71.53785365853656,78.83618666666663,74.6216436619718,62.8733,78.836,62.8733,1
432,72,3898,78.8369,78.8369,78.8369,72.80968936170211,78.83627999999996,75.15767532467527,62.8755,78.836,62.8755,1
433,73,3945,79.833,79.833,79.833,73.49858518518519,78.86964999999995,75.4049047619047,59.8713,78.836,59.8713,1
434,74,3999,79.8328,79.833,79.833,70.29967352941175,78.90293333333328,74.31684999999996,63.8675,78.836,63.8675,1
435,75,4033,79.833,79.833,79.833,71.6672,78.96939999999996,75.16836129032255,62.8774,78.836,62.8774,1
436,76,4065,79.8328,79.833,79.833,72.68223617021276,79.06907000000002,75.13178051948051,64.8715,78.8362,64.8715,1
437,77,4112,79.8332,79.8332,79.8332,72.87176,79.26847333333332,75.19575125,63.8726,78.8365,63.8726,1
438,78,4162,79.8332,79.8332,79.8332,74.668995890411,79.76649999999995,76.00864951456306,64.8631,78.8374,64.8631,1
439,79,4235,80.8311,80.8311,80.8311,75.56397265625003,79.86623666666668,76.36192088607595,65.8689,79.8328,65.8689,1
440,80,4363,79.8332,80.8311,80.8311,70.12663666666666,79.86625000000002,74.9964366666667,63.8711,79.8328,63.8711,1
441,81,4393,80.8303,80.8311,80.8311,71.00830909090911,79.89951333333337,75.22637619047622,62.8735,79.8328,62.8735,1
442,82,4426,79.831,80.8311,80.8311,71.56652368421051,79.89951333333337,75.24284264705881,61.8885,79.8328,61.8885,1
443,83,4464,80.8311,80.8311,80.8311,71.9150484848485,79.99935000000005,75.71717460317466,62.8692,79.8328,62.8692,1
444,84,4497,80.8311,80.8311,80.8311,73.23740681818182,80.0992566666667,75.97873513513515,63.8676,79.833,63.8676,1
445,85,4541,80.8311,80.8311,80.8311,73.89347608695651,80.29887000000004,76.34312631578949,64.8718,79.833,64.8718,1
446,86,4587,80.8311,80.8311,80.8311,75.18414000000001,80.69796666666667,76.57906636363636,64.8787,79.8354,64.8787,1
447,87,4667,80.8311,80.8311,80.8311,75.68294786324783,80.83098666666663,76.70642108843536,66.8685,80.8309,66.8685,1
448,88,4784,81.8261,81.8261,81.8261,75.64540000000002,80.86423333333336,77.201076,65.8739,80.8309,65.8739,1
449,89,4854,81.8261,81.8261,81.8261,71.56067352941177,80.8974066666667,75.92171718750001,63.8677,80.8309,63.8677,1
450,90,4888,81.8261,81.8261,81.8261,72.35429411764704,80.96376000000004,76.358878125,63.8727,80.8309,63.8727,1
451,91,4922,81.8265,81.8265,81.8265,74.34787608695652,81.1627866666667,76.95940921052629,64.876,80.8311,64.876,1
452,92,4968,81.8263,81.8265,81.8265,74.93216896551726,81.32860666666669,77.05624318181816,64.874,80.8311,64.874,1
453,93,5026,81.8265,81.8265,81.8265,76.781,81.62714,78.20212708333332,65.865,80.8311,65.865,1
454,94,5092,81.8271,81.8271,81.8271,76.4681133333333,81.82626,77.94212095238093,64.8713,81.8259,64.8713,1
455,95,5167,81.8271,81.8271,81.8271,73.300735,81.8263466666667,76.95453142857144,62.873,81.8261,62.873,1
456,96,5207,81.8271,81.8271,81.8271,74.73592444444444,81.82647999999999,77.57209333333334,65.8697,81.8261,65.8697,1
457,97,5252,81.8271,81.8271,81.8271,74.63613684210527,81.82659333333335,77.11556551724138,66.8658,81.8261,66.8658,1
458,98,5309,81.8271,81.8271,81.8271,76.10219876543209,81.82685333333333,77.64933243243243,64.8792,81.8265,64.8792,1
459,99,5390,81.8271,81.8271,81.8271,75.45842933333334,81.82691333333335,77.27797904761908,66.868,81.8265,66.868,1
460,100,5465,81.8273,81.8273,81.8273,76.13687282608699,81.82703999999998,77.53606311475413,67.863,81.8269,67.863,1
461,101,5557,81.8271,81.8273,81.8273,74.40526393442624,81.82706666666665,76.85200329670329,64.8763,81.8269,64.8763,1
462,102,5618,81.8273,81.8273,81.8273,75.0399306451613,81.82710666666665,77.25312717391303,65.8694,81.8269,65.8694,1
463,103,5680,81.8273,81.8273,81.8273,74.86227187499998,81.82714666666665,77.08509148936167,63.8764,81.8271,63.8764,1
464,104,5744,81.8269,81.8273,81.8273,74.63877291666667,81.82714666666665,77.40353205128201,64.8777,81.8271,64.8777,1
465,105,5792,81.8273,81.8273,81.8273,74.59750192307693,81.82716666666666,77.24249390243904,63.8743,81.8271,63.8743,1
466,106,5844,81.8273,81.8273,81.8273,75.37115593220337,81.82719333333333,77.54733932584267,65.873,81.8271,65.873,1
467,107,5903,81.8275,81.8275,81.8275,76.3017,81.8272933333333,77.7431330434783,65.8708,81.8271,65.8708,1
468,108,5988,81.8275,81.8275,81.8275,73.68068474576272,81.82730666666663,76.42673258426962,64.8713,81.8271,64.8713,1
469,109,6047,81.8275,81.8275,81.8275,75.19236538461539,81.82731999999996,77.03540462962962,67.8624,81.8273,67.8624,1
470,110,6125,81.828,81.828,81.828,73.17659,81.8273433333333,76.88404571428572,63.8756,81.8273,63.8756,1
471,111,6165,80.8309,81.828,81.828,71.45009999999999,81.8273433333333,76.47134677419355,64.8747,81.8273,64.8747,1
472,112,6197,81.828,81.828,81.828,72.53042580645162,81.82736666666663,77.10268032786884,64.8696,81.8273,64.8696,1
473,113,6228,81.828,81.828,81.828,74.6053972972973,81.8274133333333,77.83911492537314,64.8758,81.8273,64.8758,1
474,114,6265,81.828,81.828,81.828,73.98882325581394,81.82745999999996,77.21016164383559,64.8705,81.8273,64.8705,1
475,115,6308,81.828,81.828,81.828,73.76698125,81.82749666666662,76.86716538461538,62.8705,81.8273,62.8705,1
476,116,6356,81.828,81.828,81.828,75.16020784313724,81.8277,77.62957407407406,65.8758,81.8273,65.8758,1
477,117,6407,81.828,81.828,81.828,76.74543472222223,81.8279333333333,78.24021862745094,65.8708,81.8275,65.8708,1
478,118,6479,81.828,81.828,81.828,76.39500714285718,81.82799999999999,77.66834921875002,67.8645,81.828,67.8645,1
479,119,6577,81.828,81.828,81.828,74.26018214285715,81.82799999999999,76.90011860465117,64.8724,81.828,64.8724,1
480,0,0,69.8458,69.8458,69.8458,61.53419666666668,61.53419666666665,61.53419666666665,55.8696,55.8696,55.8696,3
481,1,30,70.8369,70.8369,70.8369,63.563855223880566,66.95581000000001,62.93612577319588,54.8883,64.8596,54.8883,3
482,2,97,73.8232,73.8232,73.8232,66.63282222222222,70.10988666666667,66.74817499999999,56.8847,67.8533,56.8847,3
483,3,151,71.8421,73.8232,73.8232,68.73549444444444,70.97402333333334,69.22634880952381,62.8668,69.8458,62.8668,3
484,4,205,71.8421,73.8232,73.8232,68.49184,71.33967666666669,69.48471333333335,60.8792,70.8373,60.8792,3
485,5,250,72.8314,73.8232,73.8232,67.87969411764706,71.57236000000002,69.50156093750002,60.8713,70.8415,60.8713,3
486,6,284,73.8257,73.8257,73.8257,67.48717727272728,72.13644333333332,69.1433324324324,59.8718,70.8433,59.8718,3
487,7,328,73.8385,73.8385,73.8385,69.55251454545451,72.86667333333334,70.46448941176472,62.8659,71.8381,62.8659,3
488,8,383,73.8329,73.8385,73.8385,69.7397658227848,73.52784000000001,70.60038256880733,62.8706,72.8314,62.8706,3
489,9,462,74.8293,74.8293,74.8293,70.12193586956523,73.89376,70.95945327868849,61.8629,73.8232,61.8629,3
490,10,554,74.8327,74.8327,74.8327,69.43760270270272,73.96154000000001,71.43289701492533,63.8582,73.8237,63.8582,3
491,11,591,76.8189,76.8189,76.8189,69.3814333333333,74.12866000000001,71.37278405797102,57.877,73.8257,57.877,3
492,12,630,76.8189,76.8189,76.8189,69.48426666666667,74.32876,71.50356811594202,62.8571,73.8257,62.8571,3
493,13,669,76.8189,76.8189,76.8189,69.42577441860466,74.66226000000002,71.44069999999999,63.8569,73.8284,63.8569,3
494,14,712,76.8191,76.8191,76.8191,70.05065416666669,75.22742,71.82434871794868,60.8772,73.8332,60.8772,3
495,15,760,76.8215,76.8215,76.8215,70.99289384615388,75.99026,72.3301126315789,60.8618,74.8293,60.8618,3
496,16,825,76.8197,76.8215,76.8215,71.67560405405408,76.55387,72.92021634615386,63.8612,75.8238,63.8612,3
497,17,899,76.8214,76.8215,76.8215,72.53002058823532,76.81943666666669,73.44453181818183,63.8534,76.8189,63.8534,3
498,18,1001,76.8214,76.8215,76.8215,70.59737837837841,76.81957666666669,73.38337462686569,61.8688,76.8189,61.8688,3
499,19,1038,76.8215,76.8215,76.8215,71.56659791666668,76.81980333333334,73.5869743589744,64.86,76.8189,64.86,3
500,20,1086,76.8215,76.8215,76.8215,71.65107966101694,76.82020000000003,73.39334606741575,56.8878,76.8189,56.8878,3
501,21,1145,76.8218,76.8218,76.8218,71.35363970588233,76.82071333333334,73.02707653061226,62.856,76.8197,62.856,3
502,22,1213,76.823,76.823,76.823,71.54433103448275,76.82135333333333,73.34309772727273,58.8751,76.8206,58.8751,3
503,23,1271,76.8244,76.8244,76.8244,69.35697560975612,76.82156333333334,72.51093802816902,59.8669,76.8206,59.8669,3
504,24,1312,76.823,76.8244,76.8244,69.97523684210525,76.82169,72.99567499999999,62.8645,76.8206,62.8645,3
505,25,1350,76.8231,76.8244,76.8244,70.24832432432436,76.82182666666668,73.1916223880597,63.8566,76.8206,63.8566,3
506,26,1387,76.8244,76.8244,76.8244,70.92657872340426,76.82216666666665,73.22342857142858,60.8707,76.8214,60.8707,3
507,27,1434,77.819,77.819,77.819,71.53533913043479,76.85587666666666,73.62224473684209,61.8638,76.8215,61.8638,3
508,28,1480,76.8244,77.819,77.819,69.21289333333333,76.85597333333334,73.034385,60.8752,76.8215,60.8752,3
509,29,1510,76.823,77.819,77.819,69.63221212121213,76.85603666666667,73.0720984126984,63.8657,76.8215,63.8657,3
510,30,1543,76.8244,77.819,77.819,70.8409411764706,76.85627333333336,73.66051718750002,62.8666,76.8218,62.8666,3
511,31,1577,77.8184,77.819,77.819,69.00800322580645,76.88957333333336,72.86780819672131,58.8738,76.8219,58.8738,3
512,32,1608,77.8184,77.819,77.819,69.68164324324324,76.92286000000003,72.90907462686569,61.8661,76.8219,61.8661,3
513,33,1645,77.819,77.819,77.819,70.89069250000001,77.05572333333335,73.47590714285715,63.8577,76.8223,63.8577,3
514,34,1685,77.8199,77.8199,77.8199,70.37913902439021,77.12216333333335,73.20023098591548,63.8587,76.823,63.8587,3
515,35,1726,77.8192,77.8199,77.8199,72.95963035714284,77.38763999999999,74.41167674418607,59.8711,76.8233,59.8711,3
516,36,1782,78.8161,78.8161,78.8161,72.80787972972973,77.9183266666667,74.12896442307695,61.8654,77.8182,61.8654,3
517,37,1856,78.8161,78.8161,78.8161,71.11718611111112,77.95167000000005,74.20861363636368,59.8731,77.8182,59.8731,3
518,38,1892,78.8161,78.8161,78.8161,71.41029523809524,78.05137666666671,74.13586805555559,62.8608,77.8184,62.8608,3
519,39,1934,78.8163,78.8163,78.8163,71.77558333333336,78.25104333333333,74.18935,58.8702,77.8184,58.8702,3
520,40,1982,78.8168,78.8168,78.8168,73.28150921052634,78.61688333333336,74.6879811320755,59.8702,77.8199,59.8702,3
521,41,2058,78.819,78.819,78.819,74.69123936170212,78.81619333333336,75.64099193548385,63.8601,78.8157,63.8601,3
522,42,2152,78.819,78.819,78.819,70.32954857142859,78.81638000000001,74.24646153846156,62.8719,78.8157,62.8719,3
523,43,2187,78.8184,78.819,78.819,71.64388695652177,78.81648333333334,74.47513421052633,62.8609,78.8157,62.8609,3
524,44,2233,78.819,78.819,78.819,72.68603962264152,78.81689666666666,74.90186265060241,59.8822,78.8161,59.8822,3
525,45,2286,78.8203,78.8203,78.8203,72.72701875,78.81750333333333,74.67059680851062,61.8664,78.8161,61.8664,3
526,46,2350,79.8138,79.8138,79.8138,72.6283125,78.85085666666667,75.00877051282049,58.8769,78.8161,58.8769,3
527,47,2398,79.8142,79.8142,79.8142,70.094996875,78.88412666666666,74.33170322580646,60.875,78.8161,60.875,3
528,48,2430,79.8142,79.8142,79.8142,70.5792394736842,79.01719666666666,74.24316029411764,61.8632,78.8161,61.8632,3
529,49,2468,79.8146,79.8146,79.8146,72.70986808510636,79.18362000000003,75.16726883116885,62.8647,78.818,62.8647,3
530,50,2515,79.8157,79.8157,79.8157,72.73314705882353,79.31649333333334,74.70778163265307,62.867,78.818,62.867,3
531,51,2583,80.8121,80.8121,80.8121,73.90186027397263,79.74797999999997,75.4789378640777,60.8699,78.8198,60.8699,3
532,52,2656,79.8142,80.8121,80.8121,72.49304590163935,79.78112666666662,74.88478241758237,61.8649,78.8203,61.8649,3
533,53,2717,80.8117,80.8121,80.8121,71.94380298507465,79.88062333333332,74.36771752577317,62.8616,79.8122,62.8616,3
534,54,2784,80.8123,80.8123,80.8123,71.83968055555557,79.91397333333333,75.49465454545455,63.8629,79.8138,63.8629,3
535,55,2820,80.8123,80.8123,80.8123,72.90563488372094,80.11372666666665,75.78577397260274,62.8652,79.8138,62.8652,3
536,56,2863,80.8148,80.8148,80.8148,74.40803636363637,80.51315333333334,76.1910645833333,58.8722,79.8147,58.8722,3
537,57,2929,80.815,80.815,80.815,74.16991162790697,80.81239333333338,75.81040517241385,63.8579,80.8115,63.8579,3
538,58,3015,80.815,80.815,80.815,71.78896923076923,80.81266333333339,75.71219710144929,62.8625,80.8117,62.8625,3
539,59,3054,80.815,80.815,80.815,72.60976666666669,80.81286000000004,75.76472692307696,63.8653,80.8119,63.8653,3
540,60,3102,80.815,80.815,80.815,74.03415200000002,80.8134466666667,76.57616750000007,64.8626,80.8121,64.8626,3
541,61,3152,80.8158,80.8158,80.8158,74.889516091954,80.81462000000002,76.40847264957266,63.8577,80.8134,63.8577,3
542,62,3239,81.8103,81.8103,81.8103,74.51725949367086,80.84814000000004,76.25047798165137,62.8638,80.8145,62.8638,3
543,63,3318,81.8108,81.8108,81.8108,70.36163548387096,80.88135000000005,75.51893278688527,60.8785,80.8145,60.8785,3
544,64,3349,81.8103,81.8108,81.8108,72.06987714285712,80.91456333333339,76.1367107692308,64.8639,80.8146,64.8639,3
545,65,3384,81.8108,81.8108,81.8108,71.59270277777777,80.94777000000003,75.82991212121213,61.8615,80.8148,61.8615,3
546,66,3420,81.8108,81.8108,81.8108,73.7613275,81.01417333333335,76.84123142857148,62.8698,80.8148,62.8698,3
547,67,3460,81.8104,81.8108,81.8108,74.14801176470588,81.18015666666669,76.69103456790127,64.8621,80.815,64.8621,3
548,68,3511,81.8105,81.8108,81.8108,74.4345090909091,81.31285666666669,76.81532588235297,65.8616,80.815,65.8616,3
549,69,3566,81.8114,81.8114,81.8114,75.16091052631576,81.61152666666668,76.90202735849056,59.88,80.815,59.88,3
550,70,3642,81.811,81.8114,81.8114,75.58308350515462,81.81051000000005,77.00712519685038,64.8639,81.8103,64.8639,3
551,71,3739,81.8114,81.8114,81.8114,72.48169761904762,81.81058000000004,76.36870277777781,64.8549,81.8103,64.8549,3
552,72,3781,81.8115,81.8115,81.8115,73.78591500000002,81.8106866666667,77.22505714285712,63.8654,81.8103,63.8654,3
553,73,3821,81.8111,81.8115,81.8115,73.72453555555556,81.8107666666667,76.95899600000001,62.8689,81.8103,62.8689,3
554,74,3866,81.8116,81.8116,81.8116,74.24044067796609,81.81094666666665,76.7922359550562,61.8666,81.8104,61.8666,3
555,75,3925,81.8116,81.8116,81.8116,74.60377540983605,81.81111666666668,76.97976593406594,61.8701,81.8108,61.8701,3
556,76,3986,81.8116,81.8116,81.8116,74.69185312499998,81.81130000000003,76.96395851063829,62.8613,81.8109,62.8613,3
557,77,4050,81.8116,81.8116,81.8116,75.26509736842108,81.81145666666667,77.11779622641514,64.8574,81.8112,64.8574,3
558,78,4126,81.8123,81.8123,81.8123,76.05148787878788,81.81158666666666,77.39101550387599,65.8551,81.8114,65.8551,3
559,79,4225,81.8123,81.8123,81.8123,70.93524848484846,81.81161666666664,76.11445714285712,62.8703,81.8114,62.8703,3
560,80,4258,81.8119,81.8123,81.8123,71.61098205128205,81.8116333333333,76.04604057971012,63.8638,81.8115,63.8638,3
561,81,4297,81.8123,81.8123,81.8123,72.83820749999998,81.81168666666665,76.68396142857141,63.8751,81.8115,63.8751,3
562,82,4337,81.8125,81.8125,81.8125,74.36362549019607,81.81181666666666,77.12216666666666,62.8644,81.8116,62.8644,3
563,83,4388,81.8123,81.8125,81.8125,73.90291186440678,81.81193333333334,76.56883483146068,62.8652,81.8116,62.8652,3
564,84,4447,81.8143,81.8143,81.8143,74.65114833333337,81.81213333333335,77.0380766666667,60.8792,81.8116,60.8792,3
565,85,4507,81.8143,81.8143,81.8143,72.71380937500001,81.81233000000003,77.11622419354839,62.8673,81.8116,62.8673,3
566,86,4539,81.8143,81.8143,81.8143,73.8373027777778,81.81244333333339,77.46231515151514,63.8697,81.8116,63.8697,3
567,87,4575,81.8143,81.8143,81.8143,72.4623162162162,81.81272000000006,76.6489402985075,60.867,81.8119,60.867,3
568,88,4612,81.8143,81.8143,81.8143,74.01248695652176,81.81315333333335,77.0915263157895,63.8664,81.8123,63.8664,3
569,89,4658,81.8143,81.8143,81.8143,74.23381323529412,81.81334000000003,76.55401938775512,63.8633,81.8123,63.8633,3
570,90,4726,81.8143,81.8143,81.8143,75.46485921052631,81.81393333333335,77.26159905660377,63.8643,81.8123,63.8643,3
571,91,4802,81.8145,81.8145,81.8145,75.82299519230767,81.81429333333334,77.16424999999998,63.8661,81.8141,63.8661,3
572,92,4906,81.8145,81.8145,81.8145,73.14061666666667,81.81430666666667,76.0318422222222,63.8633,81.8141,63.8633,3
573,93,4966,81.8143,81.8145,81.8145,72.77918437499999,81.81431333333333,75.6627340425532,62.8632,81.8143,62.8632,3
574,94,5030,81.8145,81.8145,81.8145,72.60527894736842,81.81432,76.66808823529412,63.8639,81.8143,63.8639,3
575,95,5068,81.8145,81.8145,81.8145,73.08403513513514,81.81433333333334,76.99311791044778,63.861,81.8143,63.861,3
576,96,5105,81.8145,81.8145,81.8145,73.1500619047619,81.81436000000001,76.76017500000002,63.8711,81.8143,63.8711,3
577,97,5147,81.8145,81.8145,81.8145,73.85734716981132,81.81438,76.73337590361446,62.8641,81.8143,62.8641,3
578,98,5200,81.8147,81.8147,81.8147,74.95183999999998,81.81444666666665,77.23935333333331,59.8815,81.8143,59.8815,3
579,99,5260,81.8147,81.8147,81.8147,72.88126734693877,81.81445999999998,76.27361392405062,63.8662,81.8143,63.8662,3
580,100,5309,81.8143,81.8147,81.8147,72.99957936507937,81.81445999999998,75.84308924731181,61.8732,81.8143,61.8732,3
581,101,5372,81.8147,81.8147,81.8147,73.42184776119404,81.81447333333331,76.01750103092785,64.8553,81.8143,64.8553,3
582,102,5439,81.8145,81.8147,81.8147,73.03364385964909,81.81447999999997,76.06151609195399,60.8677,81.8143,60.8677,3
583,103,5496,81.8147,81.8147,81.8147,73.43678387096776,81.81454666666664,76.16864130434784,62.8761,81.8145,62.8761,3
584,104,5558,81.8147,81.8147,81.8147,74.3610507936508,81.81457333333331,76.76540430107529,60.8705,81.8145,60.8705,3
585,105,5621,81.8147,81.8147,81.8147,74.52078421052633,81.8146133333333,77.03588390804593,62.8606,81.8145,62.8606,3
586,106,5678,81.8147,81.8147,81.8147,74.96893999999998,81.81469333333328,76.68035833333333,62.8703,81.8145,62.8703,3
587,107,5768,81.8147,81.8147,81.8147,75.60109568965518,81.81469999999995,76.8778623287671,65.8649,81.8147,65.8649,3
588,108,5884,81.8147,81.8147,81.8147,72.7732813559322,81.81469999999995,75.82095056179776,65.8518,81.8147,65.8518,3
589,109,5943,81.8147,81.8147,81.8147,72.87149850746266,81.81469999999995,75.63743711340203,64.8629,81.8147,64.8629,3
590,110,6010,81.8147,81.8147,81.8147,72.98546666666665,81.81469999999995,75.6609919191919,64.8587,81.8147,64.8587,3
591,111,6079,81.8149,81.8149,81.8149,73.25090273972602,81.81470666666661,75.74521262135922,62.8684,81.8147,62.8684,3
592,112,6152,79.8214,81.8149,81.8149,72.00956333333332,81.81470666666661,76.91213499999996,61.864,81.8147,61.864,3
593,113,6182,79.8232,81.8149,81.8149,71.51131818181817,81.81470666666661,76.41769365079361,63.8633,81.8147,63.8633,3
594,114,6215,81.8147,81.8149,81.8149,71.37376388888887,81.81470666666661,76.11964696969696,62.8693,81.8147,62.8693,3
595,115,6251,81.8147,81.8149,81.8149,70.6292375,81.81470666666661,76.04156129032253,60.8712,81.8147,60.8712,3
596,116,6283,81.8149,81.8149,81.8149,72.61431999999999,81.81471333333327,76.86065230769228,60.8698,81.8147,60.8698,3
597,117,6318,81.8149,81.8149,81.8149,73.83780256410253,81.81472666666663,77.30602463768119,65.8603,81.8147,65.8603,3
598,118,6357,81.8145,81.8149,81.8149,71.07355428571428,81.81472666666663,76.03101846153845,62.8654,81.8147,62.8654,3
599,119,6392,81.8149,81.8149,81.8149,73.19938974358975,81.8147333333333,76.94518840579708,63.8664,81.8147,63.8664,3
600,0,0,67.8574,67.8574,67.8574,61.60129333333332,61.60129333333332,61.60129333333332,54.8843,54.8843,54.8843,7
601,1,30,67.8578,67.8578,67.8578,63.29225555555556,66.05902999999999,62.746783870967704,53.8699,64.8591,53.8699,7
602,2,93,70.8519,70.8519,70.8519,65.32153999999998,67.98519666666668,65.55443157894733,58.871,66.8601,58.871,7
603,3,158,70.8519,70.8519,70.8519,65.72698157894737,68.45356000000001,66.72325294117648,59.8679,67.8481,59.8679,7
604,4,196,70.8521,70.8521,70.8521,66.76336153846157,69.48803666666667,67.38172682926827,57.8771,67.8611,57.8771,7
605,5,248,73.8451,73.8451,73.8451,67.30466111111107,70.58618666666666,67.94683039215683,58.8805,69.8486,58.8805,7
606,6,320,73.8451,73.8451,73.8451,67.66564999999999,71.11871333333335,68.9931666666667,60.8713,69.8586,60.8713,7
607,7,356,73.8451,73.8451,73.8451,68.4526191489362,71.65061333333338,69.49135714285714,61.8751,70.8519,61.8751,7
608,8,403,73.8451,73.8451,73.8451,68.69956666666668,72.68176333333331,69.79254691358027,59.8744,70.8527,59.8744,7
609,9,454,73.8453,73.8453,73.8453,69.78778666666665,73.64583333333333,70.6146371428571,61.8745,72.8482,61.8745,7
610,10,529,73.8453,73.8453,73.8453,70.16278727272726,73.84511333333333,70.90915428571424,62.8723,73.8451,62.8723,7
611,11,639,73.8453,73.8453,73.8453,67.72271891891896,73.84513333333334,70.46408955223878,62.8695,73.8451,62.8695,7
612,12,676,73.8438,73.8453,73.8453,67.44443170731707,73.84513333333334,70.14895352112677,58.8759,73.8451,58.8759,7
613,13,717,73.8455,73.8455,73.8455,68.36875581395348,73.84515333333334,70.61932191780822,61.8711,73.8451,61.8711,7
614,14,760,73.8455,73.8455,73.8455,68.1136465116279,73.84518,70.46906027397259,60.8659,73.8451,60.8659,7
615,15,803,73.8461,73.8461,73.8461,68.15824599999999,73.84527333333332,70.29084624999999,61.873,73.8451,61.873,7
616,16,853,73.8461,73.8461,73.8461,68.69910526315789,73.84534666666666,70.96947352941176,63.8659,73.8451,63.8659,7
617,17,891,73.8463,73.8463,73.8463,68.52431904761906,73.84547999999998,70.74141388888887,62.8644,73.8451,62.8644,7
618,18,933,73.8463,73.8463,73.8463,68.85721568627451,73.84559999999996,70.7047209876543,61.8679,73.8453,61.8679,7
619,19,984,73.8463,73.8463,73.8463,68.74003333333333,73.84580666666665,70.63098395061726,60.873,73.8453,60.873,7
620,20,1035,73.8463,73.8463,73.8463,69.19031363636365,73.84609333333331,70.6451552083333,59.8762,73.8457,59.8762,7
621,21,1101,73.8463,73.8463,73.8463,70.17895142857142,73.84618000000002,70.99387185185185,59.8818,73.8461,59.8818,7
622,22,1206,73.8463,73.8463,73.8463,69.67580163934426,73.84624000000001,71.05065164835167,62.8716,73.8461,62.8716,7
623,23,1267,73.8463,73.8463,73.8463,70.51436699029126,73.84629999999999,71.26591729323313,61.8657,73.8463,61.8657,7
624,24,1370,73.8469,73.8469,73.8469,69.06322647058823,73.84632666666666,70.52743265306121,63.8644,73.8463,63.8644,7
625,25,1438,73.8469,73.8469,73.8469,67.88713142857142,73.84634666666666,70.63752923076922,57.8744,73.8463,57.8744,7
626,26,1473,74.8427,74.8427,74.8427,68.58225250000001,73.87977333333332,70.83829285714286,61.873,73.8463,61.873,7
627,27,1513,74.8427,74.8427,74.8427,68.79316875,73.91299999999998,71.25442903225807,61.8697,73.8463,61.8697,7
628,28,1545,74.8427,74.8427,74.8427,68.38566388888889,73.97942666666664,70.89808939393939,61.8698,73.8463,61.8698,7
629,29,1581,74.8435,74.8435,74.8435,69.01831395348837,74.14548666666666,71.0571273972603,57.8787,73.8463,57.8787,7
630,30,1624,74.8442,74.8442,74.8442,70.7243890909091,74.47769666666667,71.9318352941177,61.8691,73.8465,61.8691,7
631,31,1679,75.8411,75.8411,75.8411,71.51666444444447,74.87625999999999,72.25692250000004,62.8594,74.8427,62.8594,7
632,32,1769,74.8438,75.8411,75.8411,68.00853636363635,74.87629666666665,71.27888095238093,61.877,74.8427,61.877,7
633,33,1802,75.8407,75.8411,75.8411,69.94968387096773,74.90957666666667,72.37260819672132,62.8677,74.8427,62.8677,7
634,34,1833,75.8414,75.8414,75.8414,69.62545999999999,75.04272,72.0642830769231,60.873,74.8427,60.873,7
635,35,1868,75.8408,75.8414,75.8414,70.50488260869565,75.14268666666668,72.2961342105263,62.8699,74.8427,62.8699,7
636,36,1914,75.8419,75.8419,75.8419,71.86846730769231,75.54193333333333,73.06635243902439,61.8698,74.8437,61.8698,7
637,37,1966,76.8395,76.8395,76.8395,72.28239222222221,75.87446666666669,73.0972775,61.8753,75.8407,61.8753,7
638,38,2056,76.8395,76.8395,76.8395,69.79369090909091,75.94119000000003,72.68929841269845,61.8677,75.8407,61.8677,7
639,39,2089,76.8397,76.8397,76.8397,70.90163749999999,76.00796333333338,73.06144571428574,62.8684,75.8409,62.8684,7
640,40,2129,76.8397,76.8397,76.8397,70.80950000000001,76.14111333333337,72.83487532467534,59.8784,75.8411,59.8784,7
641,41,2176,76.8399,76.8399,76.8399,72.50391896551727,76.54062333333336,73.74387159090908,65.8625,75.8416,65.8625,7
642,42,2234,76.8397,76.8399,76.8399,72.54103406593406,76.83957333333336,73.53266776859503,62.8688,76.8395,62.8688,7
643,43,2325,76.8399,76.8399,76.8399,71.31760222222222,76.83959333333335,73.52639066666664,62.8667,76.8395,62.8667,7
644,44,2370,76.8399,76.8399,76.8399,70.33422399999999,76.83962000000001,72.77373749999997,61.8662,76.8395,61.8662,7
645,45,2420,76.8399,76.8399,76.8399,71.17293396226415,76.83964666666667,73.22113373493976,63.8647,76.8395,63.8647,7
646,46,2473,76.8399,76.8399,76.8399,70.70970816326532,76.83969333333334,73.0375329113924,61.8735,76.8395,61.8735,7
647,47,2522,76.8399,76.8399,76.8399,71.81752333333334,76.83976666666666,73.49157999999998,59.8797,76.8397,59.8797,7
648,48,2582,76.8401,76.8401,76.8401,72.16718730158732,76.83983999999997,73.67447096774193,56.8841,76.8397,56.8841,7
649,49,2645,76.8401,76.8401,76.8401,71.0625596491228,76.83988666666663,73.05472528735628,62.8757,76.8397,62.8757,7
650,50,2702,76.8418,76.8418,76.8418,70.68384647887324,76.83999666666662,72.51237326732672,58.8817,76.8399,58.8817,7
651,51,2773,76.8418,76.8418,76.8418,69.53983714285714,76.84005999999997,72.90914153846151,60.876,76.8399,60.876,7
652,52,2808,76.842,76.842,76.842,70.80085128205128,76.84019333333329,73.42659420289851,62.869,76.8399,62.869,7
653,53,2847,76.842,76.842,76.842,70.16721428571428,76.84038999999999,73.24705076923075,60.8676,76.8399,60.8676,7
654,54,2882,76.843,76.843,76.843,71.0787830188679,76.84095666666664,73.16129156626504,59.8722,76.8399,59.8722,7
655,55,2935,76.843,76.843,76.843,71.4328672727273,76.84149999999997,73.3416047058823,62.8665,76.8399,62.8665,7
656,56,2990,76.8435,76.8435,76.8435,72.26208375000002,76.84212999999998,73.51101545454547,66.8553,76.8414,66.8553,7
657,57,3070,76.8435,76.8435,76.8435,70.7849181818182,76.84238333333336,73.24054459459458,62.8694,76.8418,62.8694,7
658,58,3114,76.8436,76.8436,76.8436,72.1591490909091,76.84284333333335,73.81205529411764,63.856700000000004,76.842,63.856700000000004,7
659,59,3169,76.8446,76.8446,76.8446,72.03813466666668,76.84328666666667,73.41090857142858,63.8675,76.8428,63.8675,7
660,60,3244,76.8446,76.8446,76.8446,70.13124444444446,76.84337666666666,73.18217272727269,63.8555,76.843,63.8555,7
661,61,3280,76.8446,76.8446,76.8446,70.82404444444445,76.84349999999998,73.56010454545452,63.8593,76.843,63.8593,7
662,62,3316,76.8446,76.8446,76.8446,71.43597916666667,76.84359999999997,73.51579487179484,62.8687,76.843,62.8687,7
663,63,3364,77.8406,77.8406,77.8406,72.16713684210528,76.87732333333335,73.77971034482758,60.8652,76.8434,60.8652,7
664,64,3421,77.8402,77.8406,77.8406,69.85535666666668,76.91059,73.36634000000001,63.871,76.8434,63.871,7
665,65,3451,77.8375,77.8406,77.8406,70.82523055555555,76.94380999999997,73.591303030303,60.8736,76.8435,60.8736,7
666,66,3487,78.8369,78.8369,78.8369,70.49506153846151,77.07660999999997,73.29886521739131,60.8684,76.8436,60.8684,7
667,67,3526,76.8413,78.8369,78.8369,69.20612702702704,77.07660999999997,72.730223880597,59.8689,76.8436,59.8689,7
668,68,3563,77.8407,78.8369,78.8369,70.21453611111113,77.17613666666662,73.33366060606062,59.8747,76.8444,59.8747,7
669,69,3599,77.8382,78.8369,78.8369,70.7371511627907,77.20926999999996,73.38330958904109,62.8688,76.8446,62.8688,7
670,70,3642,78.8369,78.8369,78.8369,70.67489333333334,77.34189333333329,73.28864399999999,60.8741,76.8446,60.8741,7
671,71,3687,77.8406,78.8369,78.8369,70.81579245283018,77.54073666666666,73.17462409638556,63.8635,76.8446,63.8635,7
672,72,3740,77.8413,78.8369,78.8369,71.35236346153846,77.67333666666669,73.61640243902438,62.8699,76.8446,62.8699,7
673,73,3792,78.8369,78.8369,78.8369,72.30229687500001,77.97173000000001,74.01645851063829,62.8705,77.8375,62.8705,7
674,74,3856,78.8371,78.8371,78.8371,71.93696086956524,78.03866,74.31910657894737,60.8708,77.8375,60.8708,7
675,75,3902,78.8371,78.8371,78.8371,72.32577619047618,78.23846,74.70614444444446,63.8608,77.8381,63.8608,7
676,76,3944,78.8371,78.8371,78.8371,72.86354999999998,78.53794666666667,74.54320937499996,58.8695,77.84,58.8695,7
677,77,4010,79.8327,79.8327,79.8327,74.23906067415729,78.87013333333331,75.32281344537816,64.8648,78.8367,64.8648,7
678,78,4099,79.8327,79.8327,79.8327,71.36563714285714,78.9365333333333,74.82925076923075,63.8626,78.8369,63.8626,7
679,79,4134,79.8327,79.8327,79.8327,72.46572352941178,79.00291999999996,75.49891562500002,61.8755,78.8369,61.8755,7
680,80,4168,79.8329,79.8329,79.8329,72.55053829787235,79.13570666666664,75.06445324675322,61.8702,78.8369,61.8702,7
681,81,4215,79.8329,79.8329,79.8329,73.11076315789472,79.40125999999995,75.18832988505744,60.8802,78.8369,60.8802,7
682,82,4272,79.8329,79.8329,79.8329,73.65821294117647,79.83275999999996,75.15639913043474,63.8648,79.8327,63.8648,7
683,83,4357,79.8329,79.8329,79.8329,72.608268,79.83279333333329,75.31745249999997,59.8738,79.8327,59.8738,7
684,84,4407,79.8329,79.8329,79.8329,74.70983880597012,79.83284666666661,76.29425773195872,64.8647,79.8327,64.8647,7
685,85,4474,79.8333,79.8333,79.8333,74.27188292682928,79.83291333333327,75.76142678571425,62.869,79.8329,62.869,7
686,86,4556,79.8329,79.8333,79.8333,70.75253333333333,79.83291333333327,75.2927233333333,63.8663,79.8329,63.8663,7
687,87,4586,77.8369,79.8333,79.8333,69.38392058823528,79.83291333333327,74.28188593749998,58.8849,79.8329,58.8849,7
688,88,4620,79.8329,79.8333,79.8333,70.71916333333334,79.83291333333327,75.27603833333328,63.8676,79.8329,63.8676,7
689,89,4650,79.8331,79.8333,79.8333,70.96934411764704,79.83291999999993,75.12414218749996,61.8723,79.8329,61.8723,7
690,90,4684,79.8321,79.8333,79.8333,71.37742894736843,79.83291999999993,75.10779264705879,62.8676,79.8329,62.8676,7
691,91,4722,78.8367,79.8333,79.8333,71.85034857142857,79.83291999999993,75.53461230769227,64.8673,79.8329,64.8673,7
692,92,4757,79.8333,79.8333,79.8333,71.35035555555558,79.83293333333327,75.20606666666662,63.8605,79.8329,63.8605,7
693,93,4793,79.8333,79.8333,79.8333,73.04722999999997,79.83296666666661,75.95538857142853,59.8826,79.8329,59.8826,7
694,94,4833,79.8333,79.8333,79.8333,72.82711875000001,79.8329866666666,75.52167564102562,57.8791,79.8329,57.8791,7
695,95,4881,79.8333,79.8333,79.8333,72.18903,79.83301999999995,75.05551374999996,61.869,79.8329,61.869,7
696,96,4931,79.8333,79.8333,79.8333,73.53504426229507,79.83307999999995,75.61129999999996,62.8695,79.8329,62.8695,7
697,97,4992,79.8333,79.8333,79.8333,72.76269830508477,79.83313999999999,75.14597303370788,62.8664,79.8329,62.8664,7
698,98,5051,79.8333,79.8333,79.8333,73.74216206896551,79.83323333333331,75.30395128205123,62.8653,79.8331,62.8653,7
699,99,5138,79.8333,79.8333,79.8333,74.79917666666668,79.83327999999997,76.05769083333333,63.8671,79.8331,63.8671,7
700,100,5228,79.8335,79.8335,79.8335,75.00073157894737,79.83330666666664,76.0075125,64.8633,79.8333,64.8633,7
701,101,5342,79.8335,79.8335,79.8335,71.15592499999998,79.83331333333331,75.1001893939394,63.8665,79.8333,63.8665,7
702,102,5378,77.8395,79.8335,79.8335,72.18146111111112,79.83331333333331,75.65957575757574,62.8685,79.8333,62.8685,7
703,103,5414,78.8349,79.8335,79.8335,71.59136571428571,79.83331333333331,75.39534153846151,63.8604,79.8333,63.8604,7
704,104,5449,79.8335,79.8335,79.8335,71.90590285714285,79.83331999999997,75.56470769230768,62.8633,79.8333,62.8633,7
705,105,5484,79.8333,79.8335,79.8335,72.2981075,79.83331999999997,75.52748428571427,63.861,79.8333,63.861,7
706,106,5524,79.8339,79.8339,79.8339,72.26350243902439,79.83334666666663,75.46201690140842,63.8765,79.8333,63.8765,7
707,107,5565,79.8339,79.8339,79.8339,70.93530285714283,79.83338666666664,75.04209230769226,60.8736,79.8333,60.8736,7
708,108,5600,79.8337,79.8339,79.8339,71.848734375,79.83340666666663,75.7122758064516,61.8705,79.8333,61.8705,7
709,109,5632,79.8339,79.8339,79.8339,72.0980975,79.83342666666663,75.41322999999998,61.8714,79.8333,61.8714,7
710,110,5672,79.8335,79.8339,79.8339,72.60399333333334,79.83343333333329,75.49576666666665,62.8623,79.8333,62.8623,7
711,111,5717,79.8339,79.8339,79.8339,72.29325333333333,79.83348666666663,75.30932533333329,64.8676,79.8333,64.8676,7
712,112,5762,79.8339,79.8339,79.8339,73.78939433962266,79.83359999999995,75.97400602409633,64.8623,79.8333,64.8623,7
713,113,5815,79.8339,79.8339,79.8339,73.18465454545453,79.83369333333329,75.04884485981303,57.8825,79.8333,57.8825,7
714,114,5892,79.8339,79.8339,79.8339,73.74105970149252,79.83379333333336,75.62537938144328,63.8726,79.8335,63.8726,7
715,115,5959,79.8339,79.8339,79.8339,75.0034888888889,79.83388666666671,76.30897657657664,59.8718,79.8337,59.8718,7
716,116,6040,79.8339,79.8339,79.8339,75.70175438596488,79.83390000000004,76.56261527777777,61.8722,79.8339,61.8722,7
717,117,6154,79.8339,79.8339,79.8339,72.8026925373134,79.83390000000004,74.97729278350516,63.861,79.8339,63.861,7
718,118,6221,79.8349,79.8349,79.8349,72.50937042253521,79.83393333333336,74.68497326732673,63.8661,79.8339,63.8661,7
719,119,6292,79.8349,79.8349,79.8349,72.567246875,79.83400000000005,76.08338548387097,64.8621,79.8339,64.8621,7
720,0,0,67.8518,67.8518,67.8518,61.83522666666666,61.835226666666664,61.835226666666664,54.8812,54.8812,54.8812,5
721,1,30,67.8518,67.8518,67.8518,62.93087922077921,66.55596333333332,62.62368691588784,56.8695,64.8598,54.8812,5
722,2,107,69.8527,69.8527,69.8527,65.73004651162789,68.05123666666665,65.94364568965517,58.8795,66.8641,58.8795,5
723,3,193,70.8392,70.8392,70.8392,66.07204107142857,68.78396333333333,66.76245813953484,57.8681,67.8518,57.8681,5
724,4,249,70.8513,70.8513,70.8513,65.7560775510204,69.48216666666667,66.9059075949367,58.8706,68.8436,58.8706,5
725,5,298,72.8327,72.8327,72.8327,66.61410925925924,70.24488333333332,67.63841547619047,60.8748,68.8577,60.8748,5
726,6,352,72.8341,72.8341,72.8341,67.42777692307689,71.10723000000003,68.45842560975606,56.8799,69.8537,56.8799,5
727,7,404,72.8355,72.8355,72.8355,67.9279746031746,71.74154666666666,68.95354086021506,58.8658,70.8392,58.8658,5
728,8,467,73.8347,73.8347,73.8347,69.25517878787876,72.53684,70.03216875,60.8739,71.8372,60.8739,5
729,9,533,73.8337,73.8347,73.8347,68.06119180327867,72.80192333333333,69.53668021978021,58.8819,71.8488,58.8819,5
730,10,594,73.8341,73.8347,73.8347,68.65143548387096,72.96712999999998,70.00485543478257,60.8628,72.8327,60.8628,5
731,11,656,73.8347,73.8347,73.8347,69.11057555555557,73.20037666666666,70.6531973333333,61.8607,72.8336,61.8607,5
732,12,701,74.8293,74.8293,74.8293,69.69225660377359,73.69931666666668,70.96025180722893,59.8688,72.8355,59.8688,5
733,13,754,75.827,75.827,75.827,69.52194406779661,73.99887333333331,70.93004719101124,62.8597,73.8268,62.8597,5
734,14,813,75.8266,75.827,75.827,68.30578378378377,74.06625333333332,70.85492835820894,62.8542,73.8269,62.8542,5
735,15,850,75.827,75.827,75.827,69.17096956521739,74.33264999999999,71.10331842105266,59.8691,73.8341,59.8691,5
736,16,896,75.8285,75.8285,75.8285,70.4593781818182,75.16242666666666,71.82641529411764,57.8688,73.8351,57.8688,5
737,17,951,75.8272,75.8285,75.8285,71.46920952380952,75.82671000000005,72.44110877192983,61.8535,75.8247,61.8535,5
738,18,1035,75.8318,75.8318,75.8318,70.86780821917809,75.82728,72.31214854368932,61.8604,75.8266,61.8604,5
739,19,1108,75.8277,75.8318,75.8318,68.20215483870969,75.82731666666668,71.9522163934426,60.8672,75.8266,60.8672,5
740,20,1139,76.8298,76.8298,76.8298,69.64934166666666,75.89411333333331,72.45751212121209,61.8598,75.8266,61.8598,5
741,21,1175,76.8298,76.8298,76.8298,69.4247387096774,75.92756666666665,72.60639836065573,62.8584,75.8266,62.8584,5
742,22,1206,76.8298,76.8298,76.8298,70.06953181818182,76.12803000000001,72.44441081081081,59.8633,75.827,59.8633,5
743,23,1250,76.829,76.8298,76.8298,71.01434782608698,76.32888333333334,73.0329065789474,58.8728,75.8277,58.8728,5
744,24,1296,77.8253,77.8253,77.8253,72.21146799999998,76.8611433333333,73.38787238095233,60.8514,76.8255,60.8514,5
745,25,1371,76.8314,77.8253,77.8253,68.7864088235294,76.86133999999997,72.57144062499998,60.8651,76.8258,60.8651,5
746,26,1405,76.8246,77.8253,77.8253,69.66780588235292,76.86133999999997,73.03977499999998,60.8672,76.8258,60.8672,5
747,27,1439,77.8253,77.8253,77.8253,70.67489722222223,76.96150999999999,73.48691666666666,59.8683,76.8267,59.8683,5
748,28,1475,77.8253,77.8253,77.8253,70.76364999999998,77.02851666666666,73.49799999999996,63.8614,76.8274,63.8614,5
749,29,1513,77.8257,77.8257,77.8257,71.38112600000002,77.32758,73.49889750000003,59.8674,76.8292,59.8674,5
750,30,1563,77.8257,77.8257,77.8257,72.01255061728394,77.82526,73.44904504504503,61.8635,77.8247,61.8635,5
751,31,1644,77.8313,77.8313,77.8313,73.23427710843374,77.82565999999998,74.45312212389379,61.8618,77.8253,61.8618,5
752,32,1727,77.8313,77.8313,77.8313,70.71464838709677,77.8259133333333,74.21186721311473,60.8585,77.8253,60.8585,5
753,33,1758,77.8313,77.8313,77.8313,71.03754166666666,77.82673333333332,74.12316515151515,61.8607,77.8253,61.8607,5
754,34,1794,77.8317,77.8317,77.8317,70.86504680851064,77.82788000000002,73.57739220779223,60.867,77.8255,60.867,5
755,35,1841,77.8317,77.8317,77.8317,72.9264551724138,77.83006,74.59739545454546,61.867,77.8257,61.867,5
756,36,1899,77.8321,77.8321,77.8321,73.60204752475249,77.8313066666667,74.57029465648856,59.8695,77.8307,59.8695,5
757,37,2000,77.8317,77.8321,77.8321,71.26416612903226,77.83144,73.405625,59.8731,77.8313,59.8731,5
758,38,2062,77.8321,77.8321,77.8321,70.86658775510203,77.83161333333331,73.51146835443035,60.864,77.8313,60.864,5
759,39,2111,77.8321,77.8321,77.8321,71.84524126984127,77.8317733333333,73.77632903225805,62.8645,77.8313,62.8645,5
760,40,2174,77.8323,77.8323,77.8323,72.02609659090908,77.83194666666667,73.50211610169494,58.865,77.8317,58.865,5
761,41,2262,77.8323,77.8323,77.8323,72.38689298245615,77.8321166666667,74.26449770114944,62.8584,77.8319,62.8584,5
762,42,2319,77.8323,77.8323,77.8323,70.91388783783782,77.83218666666671,72.90953076923076,58.878,77.8321,58.878,5
763,43,2393,77.8331,77.8331,77.8331,71.70153714285713,77.83227333333338,73.54073200000005,61.859,77.8321,61.859,5
764,44,2463,77.8331,77.8331,77.8331,69.81861714285716,77.83234666666671,73.51722769230774,61.8668,77.8321,61.8668,5
765,45,2498,78.828,78.828,78.828,69.81995833333335,77.86564333333335,73.46195303030302,59.8597,77.8321,59.8597,5
766,46,2534,78.8272,78.828,78.828,70.40166388888889,77.89882000000003,73.79438181818182,59.8616,77.8323,59.8616,5
767,47,2570,79.824,79.824,79.824,70.65583783783784,78.09795333333336,73.8989641791045,59.8663,77.8323,59.8663,5
768,48,2607,79.8244,79.8244,79.8244,71.76996585365855,78.69533333333334,74.44376338028171,61.8625,77.8323,61.8625,5
769,49,2648,79.8246,79.8246,79.8246,73.38398787878785,79.4915866666667,75.04378333333331,60.8686,78.8267,60.8686,5
770,50,2714,79.8246,79.8246,79.8246,74.91909574468087,79.82380666666667,76.02534354838706,63.8584,79.8232,63.8584,5
771,51,2808,79.8246,79.8246,79.8246,73.59393709677418,79.8239866666667,75.62541630434785,61.8694,79.8234,61.8694,5
772,52,2870,79.8246,79.8246,79.8246,72.2860630769231,79.82419333333337,74.66646,60.8626,79.8236,60.8626,5
773,53,2935,79.8246,79.8246,79.8246,73.28467763157892,79.82434000000002,75.13548396226416,61.8605,79.824,61.8605,5
774,54,3011,79.8248,79.8248,79.8248,73.44993624999996,79.82446666666667,75.18841000000002,61.8614,79.8242,61.8614,5
775,55,3091,79.8248,79.8248,79.8248,73.69391857142857,79.82454666666665,75.533083,64.8578,79.8244,64.8578,5
776,56,3161,79.8248,79.8248,79.8248,71.7151625,79.8245733333333,74.54401744186045,60.8594,79.8244,60.8594,5
777,57,3217,79.8248,79.8248,79.8248,72.69436973684213,79.82466666666663,74.71235188679245,61.8595,79.8244,61.8595,5
778,58,3293,79.8257,79.8257,79.8257,74.25108658536585,79.82477,75.74400982142856,61.8599,79.8246,61.8599,5
779,59,3375,79.8257,79.8257,79.8257,70.1008257142857,79.82481333333335,74.58879999999999,60.8574,79.8246,60.8574,5
780,60,3410,79.8275,79.8275,79.8275,70.25641764705883,79.82494666666669,74.741603125,59.8685,79.8246,59.8685,5
781,61,3444,79.8283,79.8283,79.8283,71.43616875000001,79.82507666666669,75.49525483870967,60.8595,79.8246,60.8595,5
782,62,3476,79.8275,79.8283,79.8283,70.39919444444443,79.82517333333335,74.68368636363635,60.8652,79.8246,60.8652,5
783,63,3512,79.8283,79.8283,79.8283,71.35546410256407,79.82548333333335,75.03794637681158,58.8758,79.8248,58.8758,5
784,64,3551,79.8281,79.8283,79.8283,72.15049454545454,79.82616000000002,74.85931411764703,59.8696,79.8248,59.8696,5
785,65,3606,79.8283,79.8283,79.8283,74.47383246753246,79.82762333333336,75.97448504672897,59.8658,79.8269,59.8658,5
786,66,3683,79.8283,79.8283,79.8283,73.24004833333332,79.82782666666667,75.4359066666667,62.856700000000004,79.8275,62.856700000000004,5
787,67,3743,79.83,79.83,79.83,74.21206567164181,79.82818333333334,75.94889896907213,61.8668,79.8277,61.8668,5
788,68,3810,79.831,79.831,79.831,71.31667777777777,79.82837666666667,75.18554393939397,59.8661,79.8279,59.8661,5
789,69,3846,80.8196,80.8196,80.8196,70.84551315789473,79.86149666666667,74.8085411764706,62.8634,79.8279,62.8634,5
790,70,3884,79.8277,80.8196,80.8196,71.27908333333332,79.86149666666667,75.57028999999999,61.8626,79.8279,61.8626,5
791,71,3914,79.8283,80.8196,80.8196,70.84553999999999,79.86151666666665,75.35351833333331,61.8609,79.8279,61.8609,5
792,72,3944,80.8196,80.8196,80.8196,71.69313939393938,79.89458666666665,75.58284285714288,60.8698,79.8281,60.8698,5
793,73,3977,80.8196,80.8196,80.8196,72.87147878787879,79.92763666666664,76.21581587301586,62.8748,79.8281,62.8748,5
794,74,4010,80.8196,80.8196,80.8196,71.67240857142855,80.0598033333333,75.48251384615385,62.8664,79.8281,62.8664,5
795,75,4045,80.8196,80.8196,80.8196,73.70416923076921,80.42298333333335,76.02940121951225,62.8594,79.8283,62.8594,5
796,76,4097,81.8169,81.8169,81.8169,75.98154444444442,80.85273000000004,77.18193333333336,63.8607,80.8186,63.8607,5
797,77,4178,81.8169,81.8169,81.8169,70.06996388888889,80.88600666666669,74.97122121212122,59.8688,80.8186,59.8688,5
798,78,4214,81.8169,81.8169,81.8169,72.44767105263158,80.95255,76.17046617647058,63.8646,80.8193,63.8646,5
799,79,4252,81.8175,81.8175,81.8175,73.47273170731708,81.05249333333333,76.6332183098591,60.8618,80.8196,60.8618,5
800,80,4293,81.8175,81.8175,81.8175,75.05428909090911,81.28522666666665,77.17130235294118,63.8608,80.8196,63.8608,5
801,81,4348,81.8185,81.8185,81.8185,76.26080571428572,81.65156333333334,77.76813200000001,62.8556,80.8226,62.8556,5
802,82,4418,81.8185,81.8185,81.8185,76.4210010526316,81.8172333333333,77.67633599999998,63.8565,81.8169,63.8565,5
803,83,4513,81.8185,81.8185,81.8185,72.8417575,81.81733999999997,76.68838999999996,62.8598,81.8169,62.8598,5
804,84,4553,81.8187,81.8187,81.8187,72.03009534883721,81.81742333333331,76.05225068493145,60.8723,81.8169,60.8723,5
805,85,4596,81.8187,81.8187,81.8187,72.34146190476191,81.81753666666664,76.28977916666666,60.8681,81.8169,60.8681,5
806,86,4638,81.8187,81.8187,81.8187,73.68811132075471,81.81779,76.6264578313253,62.8635,81.8169,62.8635,5
807,87,4691,81.8196,81.8196,81.8196,74.67168356164383,81.81837000000003,76.75307378640778,60.862,81.8175,60.862,5
808,88,4764,81.8196,81.8196,81.8196,75.39898591549296,81.81872333333335,77.30573366336634,62.8568,81.8181,62.8568,5
809,89,4835,81.8195,81.8196,81.8196,74.44776101694916,81.81884333333333,76.9323550561798,58.8688,81.8185,58.8688,5
810,90,4894,81.8196,81.8196,81.8196,73.92340169491527,81.81901333333332,76.5847865168539,64.8598,81.8185,64.8598,5
811,91,4953,81.8196,81.8196,81.8196,75.08220307692305,81.81916333333334,77.20961684210523,64.8555,81.8187,64.8555,5
812,92,5018,81.8196,81.8196,81.8196,76.3331511904762,81.81943666666672,77.77683859649125,61.8638,81.8193,61.8638,5
813,93,5102,81.8196,81.8196,81.8196,76.26118142857142,81.81950666666671,77.928658,59.8802,81.8193,59.8802,5
814,94,5172,81.8202,81.8202,81.8202,76.7300527777778,81.81962333333335,77.83645579710144,65.8584,81.8195,65.8584,5
815,95,5280,81.8202,81.8202,81.8202,72.17580277777779,81.81964666666667,76.55935757575759,61.8638,81.8195,61.8638,5
816,96,5316,81.8169,81.8202,81.8202,72.80860624999998,81.81964666666667,77.1687870967742,63.8525,81.8195,63.8525,5
817,97,5348,81.8202,81.8202,81.8202,71.97157435897435,81.81969333333333,76.25334492753625,60.8734,81.8195,60.8734,5
818,98,5387,81.8203,81.8203,81.8203,73.08969772727274,81.81971999999999,76.62888513513514,63.867,81.8196,63.867,5
819,99,5431,81.8202,81.8203,81.8203,73.1028561403509,81.81984999999999,76.10867126436779,61.8671,81.8196,61.8671,5
820,100,5488,81.8202,81.8203,81.8203,74.20081304347826,81.8199833333333,76.50961212121207,63.8601,81.8196,63.8601,5
821,101,5557,81.8205,81.8205,81.8205,75.09782857142861,81.82016000000003,76.86681666666667,60.868,81.8199,60.868,5
822,102,5641,81.8204,81.8205,81.8205,73.83937352941176,81.82019333333336,76.28247142857143,61.8637,81.82,61.8637,5
823,103,5709,81.8204,81.8205,81.8205,72.88201020408164,81.82021333333337,76.27625696202531,61.8734,81.8201,61.8734,5
824,104,5758,81.8204,81.8205,81.8205,72.4829512820513,81.82022333333337,76.54263043478262,59.8699,81.8201,59.8699,5
825,105,5797,81.8205,81.8205,81.8205,73.60598085106383,81.82027000000006,76.80633506493508,61.8667,81.8202,61.8667,5
826,106,5844,81.8205,81.8205,81.8205,75.00424444444445,81.82034333333338,77.43853928571428,63.8602,81.8202,63.8602,5
827,107,5898,81.8205,81.8205,81.8205,75.1143888888889,81.8203866666667,77.08672843137253,62.8625,81.8202,62.8625,5
828,108,5970,81.8205,81.8205,81.8205,74.69151562499998,81.82044000000003,76.38886587301586,58.8689,81.8204,58.8689,5
829,109,6066,81.8209,81.8209,81.8209,74.5693746268657,81.82047333333337,76.8119721649485,58.8639,81.8204,58.8639,5
830,110,6133,81.8209,81.8209,81.8209,71.81637222222224,81.82049000000004,76.36369090909092,63.8613,81.8204,63.8613,5
831,111,6169,81.8209,81.8209,81.8209,72.54495135135134,81.82054000000002,76.69817761194031,61.8589,81.8204,61.8589,5
832,112,6206,81.8209,81.8209,81.8209,74.6225357142857,81.82065999999999,77.62170416666663,62.8592,81.8205,62.8592,5
833,113,6248,81.8211,81.8211,81.8211,74.25900579710148,81.82076666666663,76.55041616161618,61.8663,81.8205,61.8663,5
834,114,6317,81.8211,81.8211,81.8211,74.66494074074078,81.82090666666666,76.59894774774772,63.8647,81.8207,63.8647,5
835,115,6398,81.8211,81.8211,81.8211,74.345048,81.82096,76.48100761904763,60.8691,81.8209,60.8691,5
836,116,6473,81.8211,81.8211,81.8211,74.02765849056605,81.82098666666667,76.84451445783134,62.8647,81.8209,62.8647,5
837,117,6526,81.8211,81.8211,81.8211,76.32008333333334,81.8210533333334,77.93799607843141,61.869,81.8209,61.869,5
838,118,6598,81.8213,81.8213,81.8213,76.23427444444447,81.82110666666674,77.6309691666667,61.8644,81.8211,61.8644,5
839,119,6688,81.8213,81.8213,81.8213,71.36027741935483,81.82112000000006,76.50494754098365,59.8667,81.8211,59.8667,5
